date,hr30,hr60,price,p10,p20,phase,marker,cross,status,source,note
2011-07-18,0,0,13.63,13.97,14.48,normal,,,ok,coinmetrics,
2011-07-19,0,0,13.82,13.92,14.33,normal,,,ok,coinmetrics,
2011-07-20,0,0,13.68,13.82,14.21,normal,,,ok,coinmetrics,
2011-07-21,0,0,13.61,13.75,14.11,normal,,,ok,coinmetrics,
2011-07-22,0,0,13.7,13.72,14.03,normal,,,ok,coinmetrics,
2011-07-23,0,0,13.68,13.69,13.94,normal,,,ok,coinmetrics,
2011-07-24,0,0,13.99,13.69,13.95,normal,,,ok,coinmetrics,
2011-07-25,0,0,14.03,13.71,14,normal,,,ok,coinmetrics,
2011-07-26,0,0,13.88,13.73,13.96,normal,,,ok,coinmetrics,
2011-07-27,0,0,13.88,13.79,13.91,normal,,,ok,coinmetrics,
2011-07-28,0,0,13.49,13.78,13.87,normal,,,ok,coinmetrics,
2011-07-29,0,0,13.51,13.75,13.83,normal,,,ok,coinmetrics,
2011-07-30,0,0,13.54,13.73,13.78,normal,,,ok,coinmetrics,
2011-07-31,0,0,13.37,13.71,13.73,normal,,,ok,coinmetrics,
2011-08-01,0,0,13.02,13.64,13.68,normal,,,ok,coinmetrics,
2011-08-02,0,0,12.21,13.49,13.59,normal,,,ok,coinmetrics,
2011-08-03,0,0,9.29,13.02,13.36,normal,,,ok,coinmetrics,
2011-08-04,0,0,10.77,12.7,13.2,normal,,,ok,coinmetrics,
2011-08-05,0,0,9.73,12.28,13.01,normal,,,ok,coinmetrics,
2011-08-06,0,0,6.96,11.59,12.69,normal,,,ok,coinmetrics,
2011-08-07,0,0,8.5,11.09,12.43,normal,,,ok,coinmetrics,
2011-08-08,0,0,7.78,10.52,12.13,normal,,,ok,coinmetrics,
2011-08-09,0,0,9.8,10.14,11.94,normal,,,ok,coinmetrics,
2011-08-10,0,0,10.05,9.81,11.76,normal,,,ok,coinmetrics,
2011-08-11,0,0,9.44,9.45,11.55,normal,,,ok,coinmetrics,
2011-08-12,0,0,9.45,9.18,11.34,normal,,,ok,coinmetrics,
2011-08-13,0,0,10,9.25,11.14,normal,,,ok,coinmetrics,
2011-08-14,0,0,10.81,9.25,10.97,normal,,,ok,coinmetrics,
2011-08-15,0,0,11.13,9.39,10.84,normal,,,ok,coinmetrics,
2011-08-16,0,0,10.99,9.8,10.69,normal,,,ok,coinmetrics,
2011-08-17,0,0,10.96,10.04,10.57,normal,,,ok,coinmetrics,
2011-08-18,0,0,10.86,10.35,10.43,normal,,,ok,coinmetrics,
2011-08-19,0,0,11.67,10.54,10.34,normal,,,ok,coinmetrics,
2011-08-20,0,0,11.46,10.68,10.24,normal,,,ok,coinmetrics,
2011-08-21,0,0,11.35,10.87,10.16,normal,,,ok,coinmetrics,
2011-08-22,0,0,10.92,11.02,10.1,normal,,,ok,coinmetrics,
2011-08-23,0,0,10.92,11.11,10.18,normal,,,ok,coinmetrics,
2011-08-24,0,0,10.87,11.11,10.18,normal,,,ok,coinmetrics,
2011-08-25,0,0,9.55,10.96,10.17,normal,,,ok,coinmetrics,
2011-08-26,0,0,8.13,10.67,10.23,normal,,,ok,coinmetrics,
2011-08-27,0,0,8.6,10.43,10.24,normal,,,ok,coinmetrics,
2011-08-28,0,0,9.03,10.25,10.3,normal,,,ok,coinmetrics,
2011-08-29,0,0,8.96,9.98,10.26,normal,,,ok,coinmetrics,
2011-08-30,0,0,8.81,9.71,10.2,normal,,,ok,coinmetrics,
2011-08-31,0,0,8.2,9.4,10.13,normal,,,ok,coinmetrics,
2011-09-01,0,0,8.23,9.13,10.07,normal,,,ok,coinmetrics,
2011-09-02,0,0,8.62,8.9,10,capitulation,gray,capitulation,ok,coinmetrics,
2011-09-03,0,0,8.45,8.66,9.89,capitulation,green,,ok,coinmetrics,
2011-09-04,0,0,8.2,8.52,9.74,capitulation,gray,,ok,coinmetrics,
2011-09-05,0,0,7.6,8.47,9.57,capitulation,green,,ok,coinmetrics,
2011-09-06,0,0,6.85,8.3,9.36,capitulation,green,,ok,coinmetrics,
2011-09-07,0,0,7.16,8.11,9.18,capitulation,gray,,ok,coinmetrics,
2011-09-08,0,0,6.68,7.88,8.93,capitulation,gray,,ok,coinmetrics,
2011-09-09,0,0,4.99,7.5,8.61,capitulation,gray,,ok,coinmetrics,
2011-09-10,0,0,4.74,7.15,8.28,capitulation,gray,,ok,coinmetrics,
2011-09-11,0,0,5.85,6.91,8.02,capitulation,gray,,ok,coinmetrics,
2011-09-12,0,0,6.09,6.66,7.78,capitulation,gray,,ok,coinmetrics,
2011-09-13,0,0,5.8,6.4,7.53,capitulation,green,,ok,coinmetrics,
2011-09-14,0,0,5.6,6.14,7.33,capitulation,green,,ok,coinmetrics,
2011-09-15,0,0,4.87,5.86,7.17,capitulation,green,,ok,coinmetrics,
2011-09-16,0,0,4.83,5.66,6.98,capitulation,gray,,ok,coinmetrics,
2011-09-17,0,0,4.78,5.42,6.77,capitulation,gray,,ok,coinmetrics,
2011-09-18,0,0,5.24,5.28,6.58,capitulation,green,,ok,coinmetrics,
2011-09-19,0,0,5.52,5.33,6.41,capitulation,gray,,ok,coinmetrics,
2011-09-20,0,0,6.15,5.47,6.31,capitulation,gray,,ok,coinmetrics,
2011-09-21,0,0,5.6,5.45,6.18,capitulation,gray,,ok,coinmetrics,
2011-09-22,0,0,5.48,5.39,6.02,capitulation,gray,,ok,coinmetrics,
2011-09-23,0,0,5.56,5.36,5.88,capitulation,gray,,ok,coinmetrics,
2011-09-24,0,0,5.46,5.35,5.74,capitulation,gray,,ok,coinmetrics,
2011-09-25,0,0,5.34,5.39,5.63,capitulation,gray,,ok,coinmetrics,
2011-09-26,0,0,4.87,5.4,5.53,capitulation,green,,ok,coinmetrics,
2011-09-27,0,0,4.91,5.41,5.42,capitulation,green,,ok,coinmetrics,
2011-09-28,0,0,4.76,5.37,5.32,capitulation,gray,,ok,coinmetrics,
2011-09-29,0,0,4.78,5.29,5.31,capitulation,gray,,ok,coinmetrics,
2011-09-30,0,0,5.14,5.19,5.33,capitulation,gray,,ok,coinmetrics,
2011-10-01,0,0,5.03,5.13,5.29,capitulation,green,,ok,coinmetrics,
2011-10-02,0,0,5.01,5.09,5.24,capitulation,gray,,ok,coinmetrics,
2011-10-03,0,0,5.02,5.03,5.2,capitulation,gray,,ok,coinmetrics,
2011-10-04,0,0,4.96,4.98,5.17,capitulation,gray,,ok,coinmetrics,
2011-10-05,0,0,4.89,4.94,5.17,capitulation,gray,,ok,coinmetrics,
2011-10-06,0,0,4.73,4.92,5.16,capitulation,gray,,ok,coinmetrics,
2011-10-07,0,0,4.28,4.86,5.14,capitulation,gray,,ok,coinmetrics,
2011-10-08,0,0,3.98,4.78,5.07,capitulation,gray,,ok,coinmetrics,
2011-10-09,0,0,4.11,4.71,5,capitulation,gray,,ok,coinmetrics,
2011-10-10,0,0,4.07,4.61,4.9,capitulation,gray,,ok,coinmetrics,
2011-10-11,0,0,4.01,4.51,4.82,capitulation,gray,,ok,coinmetrics,
2011-10-12,0,0,4.17,4.42,4.75,capitulation,gray,,ok,coinmetrics,
2011-10-13,0,0,4.04,4.32,4.68,capitulation,gray,,ok,coinmetrics,
2011-10-14,0,0,3.99,4.23,4.6,capitulation,gray,,ok,coinmetrics,
2011-10-15,0,0,3.84,4.12,4.53,capitulation,gray,,ok,coinmetrics,
2011-10-16,0,0,3.61,4.01,4.47,capitulation,gray,,ok,coinmetrics,
2011-10-17,0,0,2.58,3.84,4.35,capitulation,gray,,ok,coinmetrics,
2011-10-18,0,0,2.42,3.68,4.23,capitulation,gray,,ok,coinmetrics,
2011-10-19,0,0,2.22,3.49,4.1,capitulation,gray,,ok,coinmetrics,
2011-10-20,0,0,2.36,3.32,3.97,capitulation,gray,,ok,coinmetrics,
2011-10-21,0,0,2.57,3.18,3.84,capitulation,gray,,ok,coinmetrics,
2011-10-22,0,0,3.16,3.08,3.75,capitulation,gray,,ok,coinmetrics,
2011-10-23,0,0,3.15,2.99,3.66,capitulation,gray,,ok,coinmetrics,
2011-10-24,0,0,2.52,2.84,3.53,capitulation,gray,,ok,coinmetrics,
2011-10-25,0,0,2.8,2.74,3.43,capitulation,gray,,ok,coinmetrics,
2011-10-26,0,0,2.78,2.66,3.33,capitulation,gray,,ok,coinmetrics,
2011-10-27,0,0,3.05,2.7,3.27,capitulation,gray,,ok,coinmetrics,
2011-10-28,0,0,3.18,2.78,3.23,capitulation,gray,,ok,coinmetrics,
2011-10-29,0,0,3.57,2.91,3.2,capitulation,gray,,ok,coinmetrics,
2011-10-30,0,0,3.26,3,3.16,capitulation,gray,,ok,coinmetrics,
2011-10-31,0,0,3.27,3.07,3.13,capitulation,gray,,ok,coinmetrics,
2011-11-01,0,0,3.17,3.07,3.08,capitulation,gray,,ok,coinmetrics,
2011-11-02,0,0,3.26,3.08,3.04,capitulation,gray,,ok,coinmetrics,
2011-11-03,0,0,3.17,3.15,3,capitulation,gray,,ok,coinmetrics,
2011-11-04,0,0,3.12,3.18,2.96,capitulation,gray,,ok,coinmetrics,
2011-11-05,0,0,2.98,3.2,2.93,capitulation,gray,,ok,coinmetrics,
2011-11-06,0,0,2.96,3.19,2.95,capitulation,gray,,ok,coinmetrics,
2011-11-07,0,0,3.02,3.18,2.98,capitulation,gray,,ok,coinmetrics,
2011-11-08,0,0,3.06,3.13,3.02,capitulation,gray,,ok,coinmetrics,
2011-11-09,0,0,2.92,3.09,3.05,capitulation,gray,,ok,coinmetrics,
2011-11-10,0,0,2.86,3.05,3.06,capitulation,green,,ok,coinmetrics,
2011-11-11,0,0,3.07,3.04,3.06,capitulation,gray,,ok,coinmetrics,
2011-11-12,0,0,3.03,3.02,3.05,capitulation,green,,ok,coinmetrics,
2011-11-13,0,0,2.99,3,3.07,capitulation,gray,,ok,coinmetrics,
2011-11-14,0,0,2.22,2.91,3.05,capitulation,gray,,ok,coinmetrics,
2011-11-15,0,0,2.32,2.84,3.02,capitulation,green,,ok,coinmetrics,
2011-11-16,0,0,2.55,2.8,3,capitulation,gray,,ok,coinmetrics,
2011-11-17,0,0,2.28,2.73,2.95,capitulation,gray,,ok,coinmetrics,
2011-11-18,0,0,2.11,2.63,2.88,capitulation,gray,,ok,coinmetrics,
2011-11-19,0,0,2.2,2.56,2.83,capitulation,gray,,ok,coinmetrics,
2011-11-20,0,0,2.2,2.5,2.77,capitulation,gray,,ok,coinmetrics,
2011-11-21,0,0,2.28,2.42,2.73,capitulation,gray,,ok,coinmetrics,
2011-11-22,0,0,2.32,2.35,2.68,capitulation,green,,ok,coinmetrics,
2011-11-23,0,0,2.33,2.28,2.64,capitulation,gray,,ok,coinmetrics,
2011-11-24,0,0,2.44,2.3,2.61,capitulation,gray,,ok,coinmetrics,
2011-11-25,0,0,2.5,2.32,2.58,capitulation,gray,,ok,coinmetrics,
2011-11-26,0,0,2.47,2.31,2.56,capitulation,gray,,ok,coinmetrics,
2011-11-27,0,0,2.48,2.33,2.53,capitulation,gray,,ok,coinmetrics,
2011-11-28,0,0,2.54,2.38,2.5,capitulation,gray,,ok,coinmetrics,
2011-11-29,0,0,2.76,2.43,2.5,capitulation,gray,,ok,coinmetrics,
2011-11-30,0,0,2.97,2.51,2.5,capitulation,green,,ok,coinmetrics,
2011-12-01,0,0,3.08,2.59,2.5,capitulation,green,,ok,coinmetrics,
2011-12-02,0,0,3.1,2.67,2.51,capitulation,gray,,ok,coinmetrics,
2011-12-03,0,0,2.8,2.71,2.5,capitulation,green,,ok,coinmetrics,
2011-12-04,0,0,2.82,2.75,2.53,capitulation,gray,,ok,coinmetrics,
2011-12-05,0,0,2.87,2.79,2.55,capitulation,gray,,ok,coinmetrics,
2011-12-06,0,0,3.03,2.84,2.58,capitulation,green,,ok,coinmetrics,
2011-12-07,0,0,2.99,2.9,2.61,capitulation,gray,,ok,coinmetrics,
2011-12-08,0,0,2.99,2.94,2.66,capitulation,gray,,ok,coinmetrics,
2011-12-09,0,0,2.96,2.96,2.7,capitulation,gray,,ok,coinmetrics,
2011-12-10,0,0,3.07,2.97,2.74,capitulation,gray,,ok,coinmetrics,
2011-12-11,0,0,3.25,2.99,2.79,capitulation,green,,ok,coinmetrics,
2011-12-12,0,0,3.19,3,2.83,capitulation,gray,,ok,coinmetrics,
2011-12-13,0,0,3.24,3.04,2.88,capitulation,gray,,ok,coinmetrics,
2011-12-14,0,0,3.16,3.07,2.91,capitulation,green,,ok,coinmetrics,
2011-12-15,0,0,3.2,3.11,2.95,capitulation,gray,,ok,coinmetrics,
2011-12-16,0,0,3.21,3.12,2.98,capitulation,gray,,ok,coinmetrics,
2011-12-17,0,0,3.19,3.15,3.02,capitulation,green,,ok,coinmetrics,
2011-12-18,0,0,3.19,3.17,3.05,capitulation,green,,ok,coinmetrics,
2011-12-19,0,0,3.53,3.22,3.09,capitulation,green,,ok,coinmetrics,
2011-12-20,0,0,3.95,3.31,3.14,capitulation,gray,,ok,coinmetrics,
2011-12-21,0,0,3.89,3.37,3.18,capitulation,green,,ok,coinmetrics,
2011-12-22,0,0,3.9,3.45,3.22,capitulation,green,,ok,coinmetrics,
2011-12-23,0,0,3.94,3.52,3.28,capitulation,green,,ok,coinmetrics,
2011-12-24,0,0,3.94,3.59,3.33,capitulation,green,,ok,coinmetrics,
2011-12-25,0,0,4.23,3.7,3.4,capitulation,green,,ok,coinmetrics,
2011-12-26,0,0,4,3.78,3.45,normal,blue,buy,ok,coinmetrics,
2011-12-27,0,0,4.1,3.87,3.51,normal,,,ok,coinmetrics,
2011-12-28,0,0,4.21,3.97,3.57,normal,,,ok,coinmetrics,
2011-12-29,0,0,4.17,4.03,3.63,normal,,,ok,coinmetrics,
2011-12-30,0,0,4.31,4.07,3.69,normal,,,ok,coinmetrics,
2011-12-31,0,0,4.71,4.15,3.76,normal,,,ok,coinmetrics,
2012-01-01,0,0,5.29,4.29,3.87,normal,,,ok,coinmetrics,
2012-01-02,0,0,5.2,4.42,3.97,normal,,,ok,coinmetrics,
2012-01-03,0,0,4.87,4.51,4.05,normal,,,ok,coinmetrics,
2012-01-04,0,0,5.59,4.65,4.17,normal,,,ok,coinmetrics,
2012-01-05,0,0,6.87,4.93,4.35,normal,,,ok,coinmetrics,
2012-01-06,0,0,6.68,5.19,4.53,normal,,,ok,coinmetrics,
2012-01-07,0,0,6.8,5.45,4.71,normal,,,ok,coinmetrics,
2012-01-08,0,0,7.1,5.74,4.89,normal,,,ok,coinmetrics,
2012-01-09,0,0,6.29,5.94,5,normal,,,ok,coinmetrics,
2012-01-10,0,0,6.53,6.12,5.14,normal,,,ok,coinmetrics,
2012-01-11,0,0,6.89,6.28,5.29,normal,,,ok,coinmetrics,
2012-01-12,0,0,6.77,6.44,5.43,normal,,,ok,coinmetrics,
2012-01-13,0,0,6.45,6.6,5.55,normal,,,ok,coinmetrics,
2012-01-14,0,0,6.76,6.71,5.68,normal,,,ok,coinmetrics,
2012-01-15,0,0,7.05,6.73,5.83,normal,,,ok,coinmetrics,
2012-01-16,0,0,6.72,6.74,5.96,normal,,,ok,coinmetrics,
2012-01-17,0,0,5.6,6.62,6.03,normal,,,ok,coinmetrics,
2012-01-18,0,0,5.9,6.5,6.12,normal,,,ok,coinmetrics,
2012-01-19,0,0,6.32,6.5,6.22,normal,,,ok,coinmetrics,
2012-01-20,0,0,6.5,6.5,6.31,normal,,,ok,coinmetrics,
2012-01-21,0,0,6.18,6.42,6.35,normal,,,ok,coinmetrics,
2012-01-22,0,0,6.3,6.38,6.41,normal,,,ok,coinmetrics,
2012-01-23,0,0,6.37,6.37,6.48,normal,,,ok,coinmetrics,
2012-01-24,0,0,6.27,6.32,6.52,normal,,,ok,coinmetrics,
2012-01-25,0,0,5.81,6.2,6.46,normal,,,ok,coinmetrics,
2012-01-26,0,0,5.37,6.06,6.4,normal,,,ok,coinmetrics,
2012-01-27,0,0,5.3,6.03,6.32,normal,,,ok,coinmetrics,
2012-01-28,0,0,5.66,6.01,6.25,normal,,,ok,coinmetrics,
2012-01-29,0,0,5.39,5.92,6.21,normal,,,ok,coinmetrics,
2012-01-30,0,0,5.5,5.82,6.16,normal,,,ok,coinmetrics,
2012-01-31,0,0,5.54,5.75,6.09,normal,,,ok,coinmetrics,
2012-02-01,0,0,6.08,5.73,6.05,normal,,,ok,coinmetrics,
2012-02-02,0,0,6.1,5.7,6.04,normal,,,ok,coinmetrics,
2012-02-03,0,0,5.95,5.67,6,normal,,,ok,coinmetrics,
2012-02-04,0,0,5.9,5.68,5.94,normal,,,ok,coinmetrics,
2012-02-05,0,0,5.68,5.71,5.89,normal,,,ok,coinmetrics,
2012-02-06,0,0,5.48,5.73,5.88,normal,,,ok,coinmetrics,
2012-02-07,0,0,5.66,5.73,5.87,normal,,,ok,coinmetrics,
2012-02-08,0,0,5.62,5.75,5.83,normal,,,ok,coinmetrics,
2012-02-09,0,0,5.84,5.78,5.8,normal,,,ok,coinmetrics,
2012-02-10,0,0,5.94,5.82,5.79,normal,,,ok,coinmetrics,
2012-02-11,0,0,5.61,5.78,5.75,normal,,,ok,coinmetrics,
2012-02-12,0,0,5.52,5.72,5.71,normal,,,ok,coinmetrics,
2012-02-13,0,0,5.35,5.66,5.66,normal,,,ok,coinmetrics,
2012-02-14,0,0,4.48,5.52,5.6,normal,,,ok,coinmetrics,
2012-02-15,0,0,4.33,5.38,5.55,normal,,,ok,coinmetrics,
2012-02-16,0,0,4.26,5.26,5.49,normal,,,ok,coinmetrics,
2012-02-17,0,0,4.39,5.13,5.43,normal,,,ok,coinmetrics,
2012-02-18,0,0,4.27,5,5.37,normal,,,ok,coinmetrics,
2012-02-19,0,0,4.39,4.85,5.32,normal,,,ok,coinmetrics,
2012-02-20,0,0,4.37,4.7,5.26,normal,,,ok,coinmetrics,
2012-02-21,0,0,4.32,4.57,5.17,normal,,,ok,coinmetrics,
2012-02-22,0,0,4.42,4.46,5.09,normal,,,ok,coinmetrics,
2012-02-23,0,0,5.04,4.43,5.04,normal,,,ok,coinmetrics,
2012-02-24,0,0,5.03,4.48,5,normal,,,ok,coinmetrics,
2012-02-25,0,0,4.77,4.52,4.95,normal,,,ok,coinmetrics,
2012-02-26,0,0,4.93,4.59,4.93,normal,,,ok,coinmetrics,
2012-02-27,0,0,4.95,4.65,4.89,normal,,,ok,coinmetrics,
2012-02-28,0,0,4.86,4.71,4.85,normal,,,ok,coinmetrics,
2012-02-29,0,0,4.87,4.75,4.8,normal,,,ok,coinmetrics,
2012-03-01,0,0,4.92,4.81,4.75,normal,,,ok,coinmetrics,
2012-03-02,0,0,4.71,4.85,4.71,normal,,,ok,coinmetrics,
2012-03-03,0,0,4.63,4.87,4.66,normal,,,ok,coinmetrics,
2012-03-04,0,0,4.83,4.85,4.64,normal,,,ok,coinmetrics,
2012-03-05,0,0,4.98,4.85,4.66,normal,,,ok,coinmetrics,
2012-03-06,0,0,4.99,4.87,4.7,normal,,,ok,coinmetrics,
2012-03-07,0,0,4.95,4.87,4.73,normal,,,ok,coinmetrics,
2012-03-08,0,0,4.93,4.87,4.76,normal,,,ok,coinmetrics,
2012-03-09,0,0,4.87,4.87,4.79,normal,,,ok,coinmetrics,
2012-03-10,0,0,4.84,4.87,4.81,normal,,,ok,coinmetrics,
2012-03-11,0,0,4.89,4.86,4.84,normal,,,ok,coinmetrics,
2012-03-12,0,0,4.91,4.88,4.87,normal,,,ok,coinmetrics,
2012-03-13,0,0,5.29,4.95,4.91,normal,,,ok,coinmetrics,
2012-03-14,0,0,5.39,5.01,4.93,normal,,,ok,coinmetrics,
2012-03-15,0,0,5.34,5.04,4.94,normal,,,ok,coinmetrics,
2012-03-16,0,0,5.34,5.08,4.97,normal,,,ok,coinmetrics,
2012-03-17,0,0,5.24,5.1,4.99,normal,,,ok,coinmetrics,
2012-03-18,0,0,5.27,5.14,5,normal,,,ok,coinmetrics,
2012-03-19,0,0,4.68,5.12,4.99,normal,,,ok,coinmetrics,
2012-03-20,0,0,4.83,5.12,4.99,normal,,,ok,coinmetrics,
2012-03-21,0,0,4.82,5.11,4.99,normal,,,ok,coinmetrics,
2012-03-22,0,0,4.73,5.09,4.99,normal,,,ok,coinmetrics,
2012-03-23,0,0,4.69,5.03,4.99,normal,,,ok,coinmetrics,
2012-03-24,0,0,4.65,4.96,4.98,normal,,,ok,coinmetrics,
2012-03-25,0,0,4.55,4.88,4.96,normal,,,ok,coinmetrics,
2012-03-26,0,0,4.63,4.81,4.94,normal,,,ok,coinmetrics,
2012-03-27,0,0,4.81,4.77,4.94,normal,,,ok,coinmetrics,
2012-03-28,0,0,4.79,4.72,4.93,normal,,,ok,coinmetrics,
2012-03-29,0,0,4.79,4.73,4.92,normal,,,ok,coinmetrics,
2012-03-30,0,0,4.86,4.73,4.93,normal,,,ok,coinmetrics,
2012-03-31,0,0,4.89,4.74,4.93,normal,,,ok,coinmetrics,
2012-04-01,0,0,4.79,4.75,4.92,normal,,,ok,coinmetrics,
2012-04-02,0,0,4.98,4.78,4.9,normal,,,ok,coinmetrics,
2012-04-03,0,0,4.96,4.81,4.88,normal,,,ok,coinmetrics,
2012-04-04,0,0,4.92,4.84,4.86,normal,,,ok,coinmetrics,
2012-04-05,0,0,4.92,4.87,4.84,normal,,,ok,coinmetrics,
2012-04-06,0,0,4.95,4.89,4.83,normal,,,ok,coinmetrics,
2012-04-07,0,0,4.71,4.88,4.8,normal,,,ok,coinmetrics,
2012-04-08,0,0,4.78,4.88,4.8,normal,,,ok,coinmetrics,
2012-04-09,0,0,4.85,4.88,4.8,normal,,,ok,coinmetrics,
2012-04-10,0,0,4.84,4.87,4.81,normal,,,ok,coinmetrics,
2012-04-11,0,0,4.92,4.88,4.81,normal,,,ok,coinmetrics,
2012-04-12,0,0,4.9,4.87,4.83,normal,,,ok,coinmetrics,
2012-04-13,0,0,4.93,4.87,4.84,normal,,,ok,coinmetrics,
2012-04-14,0,0,4.96,4.88,4.86,normal,,,ok,coinmetrics,
2012-04-15,0,0,4.96,4.88,4.88,normal,,,ok,coinmetrics,
2012-04-16,0,0,4.95,4.88,4.88,normal,,,ok,coinmetrics,
2012-04-17,0,0,4.97,4.91,4.89,normal,,,ok,coinmetrics,
2012-04-18,0,0,5.12,4.94,4.91,normal,,,ok,coinmetrics,
2012-04-19,0,0,5.13,4.97,4.92,normal,,,ok,coinmetrics,
2012-04-20,0,0,5.37,5.02,4.95,normal,,,ok,coinmetrics,
2012-04-21,0,0,5.28,5.06,4.97,normal,,,ok,coinmetrics,
2012-04-22,0,0,5.2,5.09,4.98,normal,,,ok,coinmetrics,
2012-04-23,0,0,5.11,5.1,4.99,normal,,,ok,coinmetrics,
2012-04-24,0,0,5.09,5.12,5,capitulation,gray,capitulation,ok,coinmetrics,
2012-04-25,0,0,5.15,5.14,5.01,capitulation,gray,,ok,coinmetrics,
2012-04-26,0,0,5.1,5.15,5.02,capitulation,green,,ok,coinmetrics,
2012-04-27,0,0,5.1,5.16,5.04,capitulation,gray,,ok,coinmetrics,
2012-04-28,0,0,4.97,5.15,5.04,capitulation,green,,ok,coinmetrics,
2012-04-29,0,0,4.9,5.13,5.05,capitulation,green,,ok,coinmetrics,
2012-04-30,0,0,4.94,5.08,5.05,capitulation,gray,,ok,coinmetrics,
2012-05-01,0,0,4.99,5.05,5.06,capitulation,green,,ok,coinmetrics,
2012-05-02,0,0,5.05,5.04,5.06,capitulation,green,,ok,coinmetrics,
2012-05-03,0,0,5.12,5.04,5.07,capitulation,green,,ok,coinmetrics,
2012-05-04,0,0,5.09,5.04,5.08,capitulation,green,,ok,coinmetrics,
2012-05-05,0,0,5.06,5.03,5.08,capitulation,green,,ok,coinmetrics,
2012-05-06,0,0,5.05,5.03,5.09,recovered,green,recovery,ok,coinmetrics,
2012-05-07,0,0,5.07,5.02,5.09,recovered,,,ok,coinmetrics,
2012-05-08,0,0,5.02,5.03,5.09,recovered,,,ok,coinmetrics,
2012-05-09,0,0,5.04,5.04,5.08,recovered,,,ok,coinmetrics,
2012-05-10,0,0,4.93,5.04,5.06,recovered,,,ok,coinmetrics,
2012-05-11,0,0,4.96,5.04,5.05,recovered,,,ok,coinmetrics,
2012-05-12,0,0,4.95,5.03,5.03,recovered,,,ok,coinmetrics,
2012-05-13,0,0,4.94,5.01,5.03,recovered,,,ok,coinmetrics,
2012-05-14,0,0,5.01,5,5.02,recovered,,,ok,coinmetrics,
2012-05-15,0,0,5.03,5,5.02,recovered,,,ok,coinmetrics,
2012-05-16,0,0,5.09,5,5.02,recovered,,,ok,coinmetrics,
2012-05-17,0,0,5.09,5.01,5.02,recovered,,,ok,coinmetrics,
2012-05-18,0,0,5.12,5.02,5.02,recovered,,,ok,coinmetrics,
2012-05-19,0,0,5.11,5.02,5.03,recovered,,,ok,coinmetrics,
2012-05-20,0,0,5.09,5.04,5.04,recovered,,,ok,coinmetrics,
2012-05-21,0,0,5.09,5.05,5.05,normal,blue,buy,ok,coinmetrics,
2012-05-22,0,0,5.09,5.07,5.05,normal,,,ok,coinmetrics,
2012-05-23,0,0,5.13,5.09,5.05,normal,,,ok,coinmetrics,
2012-05-24,0,0,5.12,5.1,5.05,normal,,,ok,coinmetrics,
2012-05-25,0,0,5.14,5.11,5.05,normal,,,ok,coinmetrics,
2012-05-26,0,0,5.1,5.11,5.06,normal,,,ok,coinmetrics,
2012-05-27,0,0,5.13,5.11,5.06,normal,,,ok,coinmetrics,
2012-05-28,0,0,5.14,5.12,5.07,normal,,,ok,coinmetrics,
2012-05-29,0,0,5.15,5.12,5.07,normal,,,ok,coinmetrics,
2012-05-30,0,0,5.14,5.12,5.08,normal,,,ok,coinmetrics,
2012-05-31,0,0,5.18,5.13,5.09,normal,,,ok,coinmetrics,
2012-06-01,0,0,5.27,5.15,5.11,normal,,,ok,coinmetrics,
2012-06-02,0,0,5.24,5.16,5.12,normal,,,ok,coinmetrics,
2012-06-03,0,0,5.21,5.17,5.13,normal,,,ok,coinmetrics,
2012-06-04,0,0,5.26,5.18,5.14,normal,,,ok,coinmetrics,
2012-06-05,0,0,5.43,5.21,5.16,normal,,,ok,coinmetrics,
2012-06-06,0,0,5.45,5.25,5.18,normal,,,ok,coinmetrics,
2012-06-07,0,0,5.59,5.29,5.2,capitulation,gray,capitulation,ok,coinmetrics,
2012-06-08,0,0,5.62,5.34,5.23,capitulation,gray,,ok,coinmetrics,
2012-06-09,0,0,5.56,5.38,5.25,capitulation,green,,ok,coinmetrics,
2012-06-10,0,0,5.46,5.41,5.27,capitulation,green,,ok,coinmetrics,
2012-06-11,0,0,5.59,5.44,5.29,capitulation,gray,,ok,coinmetrics,
2012-06-12,0,0,5.73,5.49,5.32,capitulation,green,,ok,coinmetrics,
2012-06-13,0,0,5.91,5.56,5.36,capitulation,gray,,ok,coinmetrics,
2012-06-14,0,0,5.96,5.63,5.41,capitulation,green,,ok,coinmetrics,
2012-06-15,0,0,6.52,5.74,5.48,capitulation,green,,ok,coinmetrics,
2012-06-16,0,0,6.44,5.84,5.54,capitulation,green,,ok,coinmetrics,
2012-06-17,0,0,6.2,5.9,5.6,capitulation,green,,ok,coinmetrics,
2012-06-18,0,0,6.31,5.97,5.65,capitulation,green,,ok,coinmetrics,
2012-06-19,0,0,6.49,6.06,5.72,capitulation,gray,,ok,coinmetrics,
2012-06-20,0,0,6.69,6.19,5.8,capitulation,green,,ok,coinmetrics,
2012-06-21,0,0,6.67,6.29,5.87,normal,blue,buy,ok,coinmetrics,
2012-06-22,0,0,6.56,6.38,5.93,normal,,,ok,coinmetrics,
2012-06-23,0,0,6.45,6.43,5.99,normal,,,ok,coinmetrics,
2012-06-24,0,0,6.35,6.47,6.05,normal,,,ok,coinmetrics,
2012-06-25,0,0,6.32,6.45,6.09,normal,,,ok,coinmetrics,
2012-06-26,0,0,6.43,6.45,6.14,normal,,,ok,coinmetrics,
2012-06-27,0,0,6.62,6.49,6.19,normal,,,ok,coinmetrics,
2012-06-28,0,0,6.59,6.52,6.24,normal,,,ok,coinmetrics,
2012-06-29,0,0,6.66,6.53,6.3,normal,,,ok,coinmetrics,
2012-06-30,0,0,6.68,6.53,6.36,normal,,,ok,coinmetrics,
2012-07-01,0,0,6.63,6.53,6.41,normal,,,ok,coinmetrics,
2012-07-02,0,0,6.74,6.55,6.46,normal,,,ok,coinmetrics,
2012-07-03,0,0,6.45,6.55,6.49,normal,,,ok,coinmetrics,
2012-07-04,0,0,6.51,6.56,6.52,normal,,,ok,coinmetrics,
2012-07-05,0,0,6.64,6.6,6.52,normal,,,ok,coinmetrics,
2012-07-06,0,0,6.67,6.62,6.53,normal,,,ok,coinmetrics,
2012-07-07,0,0,6.81,6.64,6.56,normal,,,ok,coinmetrics,
2012-07-08,0,0,6.8,6.66,6.59,normal,,,ok,coinmetrics,
2012-07-09,0,0,7.03,6.7,6.62,normal,,,ok,coinmetrics,
2012-07-10,0,0,7.18,6.75,6.64,normal,,,ok,coinmetrics,
2012-07-11,0,0,7.19,6.8,6.67,normal,,,ok,coinmetrics,
2012-07-12,0,0,7.56,6.88,6.71,normal,,,ok,coinmetrics,
2012-07-13,0,0,7.63,7,6.77,normal,,,ok,coinmetrics,
2012-07-14,0,0,7.58,7.11,6.84,normal,,,ok,coinmetrics,
2012-07-15,0,0,7.63,7.21,6.9,normal,,,ok,coinmetrics,
2012-07-16,0,0,8.49,7.39,7,normal,,,ok,coinmetrics,
2012-07-17,0,0,8.75,7.58,7.11,normal,,,ok,coinmetrics,
2012-07-18,0,0,9.1,7.81,7.24,normal,,,ok,coinmetrics,
2012-07-19,0,0,8.88,8,7.35,normal,,,ok,coinmetrics,
2012-07-20,0,0,8.53,8.13,7.44,normal,,,ok,coinmetrics,
2012-07-21,0,0,8.88,8.3,7.55,normal,,,ok,coinmetrics,
2012-07-22,0,0,8.51,8.4,7.64,normal,,,ok,coinmetrics,
2012-07-23,0,0,8.53,8.49,7.74,normal,,,ok,coinmetrics,
2012-07-24,0,0,8.57,8.59,7.85,normal,,,ok,coinmetrics,
2012-07-25,0,0,8.77,8.7,7.95,normal,,,ok,coinmetrics,
2012-07-26,0,0,8.88,8.74,8.06,normal,,,ok,coinmetrics,
2012-07-27,0,0,8.89,8.75,8.17,normal,,,ok,coinmetrics,
2012-07-28,0,0,8.84,8.73,8.27,normal,,,ok,coinmetrics,
2012-07-29,0,0,8.75,8.71,8.36,normal,,,ok,coinmetrics,
2012-07-30,0,0,9.09,8.77,8.45,normal,,,ok,coinmetrics,
2012-07-31,0,0,9.32,8.81,8.56,normal,,,ok,coinmetrics,
2012-08-01,0,0,9.57,8.92,8.66,normal,,,ok,coinmetrics,
2012-08-02,0,0,10.55,9.12,8.81,normal,,,ok,coinmetrics,
2012-08-03,0,0,10.92,9.36,8.97,normal,,,ok,coinmetrics,
2012-08-04,0,0,10.92,9.57,9.14,normal,,,ok,coinmetrics,
2012-08-05,0,0,10.81,9.77,9.25,normal,,,ok,coinmetrics,
2012-08-06,0,0,10.87,9.96,9.36,normal,,,ok,coinmetrics,
2012-08-07,0,0,10.94,10.17,9.45,normal,,,ok,coinmetrics,
2012-08-08,0,0,11.07,10.41,9.56,normal,,,ok,coinmetrics,
2012-08-09,0,0,11.1,10.61,9.69,normal,,,ok,coinmetrics,
2012-08-10,0,0,11.45,10.82,9.82,normal,,,ok,coinmetrics,
2012-08-11,0,0,11.54,11.02,9.97,normal,,,ok,coinmetrics,
2012-08-12,0,0,11.59,11.12,10.12,normal,,,ok,coinmetrics,
2012-08-13,0,0,11.98,11.23,10.29,normal,,,ok,coinmetrics,
2012-08-14,0,0,12.19,11.35,10.46,normal,,,ok,coinmetrics,
2012-08-15,0,0,13.17,11.59,10.68,normal,,,ok,coinmetrics,
2012-08-16,0,0,13.45,11.85,10.91,normal,,,ok,coinmetrics,
2012-08-17,0,0,12.08,11.96,11.07,normal,,,ok,coinmetrics,
2012-08-18,0,0,11.58,12.01,11.21,normal,,,ok,coinmetrics,
2012-08-19,0,0,7.83,11.69,11.15,normal,,,ok,coinmetrics,
2012-08-20,0,0,9.98,11.54,11.18,normal,,,ok,coinmetrics,
2012-08-21,0,0,9.9,11.38,11.2,normal,,,ok,coinmetrics,
2012-08-22,0,0,9.77,11.19,11.16,normal,,,ok,coinmetrics,
2012-08-23,0,0,10.09,11,11.12,normal,,,ok,coinmetrics,
2012-08-24,0,0,10.59,10.84,11.1,normal,,,ok,coinmetrics,
2012-08-25,0,0,10.58,10.59,11.09,normal,,,ok,coinmetrics,
2012-08-26,0,0,10.55,10.3,11.07,normal,,,ok,coinmetrics,
2012-08-27,0,0,10.9,10.18,11.07,normal,,,ok,coinmetrics,
2012-08-28,0,0,10.93,10.11,11.06,normal,,,ok,coinmetrics,
2012-08-29,0,0,10.87,10.42,11.05,normal,,,ok,coinmetrics,
2012-08-30,0,0,10.73,10.49,11.02,normal,,,ok,coinmetrics,
2012-08-31,0,0,10.1,10.51,10.94,normal,,,ok,coinmetrics,
2012-09-01,0,0,10.01,10.53,10.86,normal,,,ok,coinmetrics,
2012-09-02,0,0,10.23,10.55,10.78,normal,,,ok,coinmetrics,
2012-09-03,0,0,10.5,10.54,10.69,normal,,,ok,coinmetrics,
2012-09-04,0,0,10.36,10.52,10.55,normal,,,ok,coinmetrics,
2012-09-05,0,0,11.03,10.57,10.43,normal,,,ok,coinmetrics,
2012-09-06,0,0,11.16,10.59,10.38,normal,,,ok,coinmetrics,
2012-09-07,0,0,11.08,10.61,10.36,normal,,,ok,coinmetrics,
2012-09-08,0,0,11.04,10.62,10.52,normal,,,ok,coinmetrics,
2012-09-09,0,0,11.06,10.66,10.57,normal,,,ok,coinmetrics,
2012-09-10,0,0,11.13,10.76,10.64,normal,,,ok,coinmetrics,
2012-09-11,0,0,11.27,10.88,10.71,normal,,,ok,coinmetrics,
2012-09-12,0,0,11.32,10.99,10.77,normal,,,ok,coinmetrics,
2012-09-13,0,0,11.38,11.08,10.81,normal,,,ok,coinmetrics,
2012-09-14,0,0,11.73,11.22,10.87,normal,,,ok,coinmetrics,
2012-09-15,0,0,11.72,11.29,10.93,normal,,,ok,coinmetrics,
2012-09-16,0,0,11.89,11.36,10.98,normal,,,ok,coinmetrics,
2012-09-17,0,0,11.91,11.44,11.02,normal,,,ok,coinmetrics,
2012-09-18,0,0,12.26,11.57,11.09,normal,,,ok,coinmetrics,
2012-09-19,0,0,12.5,11.71,11.18,normal,,,ok,coinmetrics,
2012-09-20,0,0,12.37,11.83,11.3,normal,,,ok,coinmetrics,
2012-09-21,0,0,12.33,11.94,11.41,normal,,,ok,coinmetrics,
2012-09-22,0,0,12.21,12.03,11.51,normal,,,ok,coinmetrics,
2012-09-23,0,0,12.17,12.11,11.6,normal,,,ok,coinmetrics,
2012-09-24,0,0,12.11,12.15,11.68,normal,,,ok,coinmetrics,
2012-09-25,0,0,12.18,12.19,11.74,normal,,,ok,coinmetrics,
2012-09-26,0,0,12.32,12.24,11.8,normal,,,ok,coinmetrics,
2012-09-27,0,0,12.32,12.28,11.86,normal,,,ok,coinmetrics,
2012-09-28,0,0,12.38,12.29,11.93,normal,,,ok,coinmetrics,
2012-09-29,0,0,12.4,12.28,11.99,normal,,,ok,coinmetrics,
2012-09-30,0,0,12.39,12.28,12.06,normal,,,ok,coinmetrics,
2012-10-01,0,0,12.39,12.29,12.11,normal,,,ok,coinmetrics,
2012-10-02,0,0,12.81,12.35,12.19,normal,,,ok,coinmetrics,
2012-10-03,0,0,12.96,12.43,12.27,normal,,,ok,coinmetrics,
2012-10-04,0,0,12.86,12.5,12.32,normal,,,ok,coinmetrics,
2012-10-05,0,0,12.75,12.56,12.38,normal,,,ok,coinmetrics,
2012-10-06,0,0,12.51,12.58,12.41,normal,,,ok,coinmetrics,
2012-10-07,0,0,11.87,12.53,12.41,normal,,,ok,coinmetrics,
2012-10-08,0,0,11.73,12.47,12.38,normal,,,ok,coinmetrics,
2012-10-09,0,0,11.83,12.41,12.35,normal,,,ok,coinmetrics,
2012-10-10,0,0,12.11,12.38,12.33,normal,,,ok,coinmetrics,
2012-10-11,0,0,12.07,12.35,12.32,normal,,,ok,coinmetrics,
2012-10-12,0,0,12.03,12.27,12.31,normal,,,ok,coinmetrics,
2012-10-13,0,0,11.93,12.17,12.3,normal,,,ok,coinmetrics,
2012-10-14,0,0,11.65,12.05,12.27,normal,,,ok,coinmetrics,
2012-10-15,0,0,11.91,11.96,12.26,normal,,,ok,coinmetrics,
2012-10-16,0,0,11.85,11.9,12.24,normal,,,ok,coinmetrics,
2012-10-17,0,0,11.92,11.9,12.22,normal,,,ok,coinmetrics,
2012-10-18,0,0,11.93,11.92,12.19,normal,,,ok,coinmetrics,
2012-10-19,0,0,11.76,11.91,12.16,normal,,,ok,coinmetrics,
2012-10-20,0,0,11.69,11.87,12.13,normal,,,ok,coinmetrics,
2012-10-21,0,0,11.66,11.83,12.09,normal,,,ok,coinmetrics,
2012-10-22,0,0,11.74,11.8,12.04,normal,,,ok,coinmetrics,
2012-10-23,0,0,11.71,11.78,11.97,normal,,,ok,coinmetrics,
2012-10-24,0,0,11.63,11.78,11.91,normal,,,ok,coinmetrics,
2012-10-25,0,0,10.75,11.66,11.81,normal,,,ok,coinmetrics,
2012-10-26,0,0,10.13,11.49,11.69,normal,,,ok,coinmetrics,
2012-10-27,0,0,10.46,11.35,11.62,normal,,,ok,coinmetrics,
2012-10-28,0,0,10.71,11.22,11.57,normal,,,ok,coinmetrics,
2012-10-29,0,0,10.63,11.11,11.51,normal,,,ok,coinmetrics,
2012-10-30,0,0,10.86,11.03,11.45,normal,,,ok,coinmetrics,
2012-10-31,0,0,11.15,10.98,11.4,normal,,,ok,coinmetrics,
2012-11-01,0,0,10.61,10.86,11.33,normal,,,ok,coinmetrics,
2012-11-02,0,0,10.53,10.75,11.26,normal,,,ok,coinmetrics,
2012-11-03,0,0,10.65,10.65,11.21,normal,,,ok,coinmetrics,
2012-11-04,0,0,10.8,10.65,11.16,normal,,,ok,coinmetrics,
2012-11-05,0,0,10.74,10.71,11.1,normal,,,ok,coinmetrics,
2012-11-06,0,0,10.87,10.75,11.05,normal,,,ok,coinmetrics,
2012-11-07,0,0,10.95,10.78,11,normal,,,ok,coinmetrics,
2012-11-08,0,0,10.89,10.81,10.96,normal,,,ok,coinmetrics,
2012-11-09,0,0,10.82,10.8,10.91,normal,,,ok,coinmetrics,
2012-11-10,0,0,10.86,10.77,10.87,normal,,,ok,coinmetrics,
2012-11-11,0,0,10.84,10.8,10.83,normal,,,ok,coinmetrics,
2012-11-12,0,0,11.03,10.85,10.8,normal,,,ok,coinmetrics,
2012-11-13,0,0,11,10.88,10.76,normal,,,ok,coinmetrics,
2012-11-14,0,0,10.96,10.9,10.77,normal,,,ok,coinmetrics,
2012-11-15,0,0,11.18,10.94,10.83,normal,,,ok,coinmetrics,
2012-11-16,0,0,11.71,11.02,10.89,normal,,,ok,coinmetrics,
2012-11-17,0,0,11.75,11.1,10.94,normal,,,ok,coinmetrics,
2012-11-18,0,0,11.67,11.18,10.99,normal,,,ok,coinmetrics,
2012-11-19,0,0,11.75,11.27,11.04,normal,,,ok,coinmetrics,
2012-11-20,0,0,11.7,11.36,11.07,normal,,,ok,coinmetrics,
2012-11-21,0,0,11.73,11.45,11.12,normal,,,ok,coinmetrics,
2012-11-22,0,0,12.29,11.57,11.21,normal,,,ok,coinmetrics,
2012-11-23,0,0,12.28,11.7,11.29,normal,,,ok,coinmetrics,
2012-11-24,0,0,12.41,11.85,11.37,normal,,,ok,coinmetrics,
2012-11-25,0,0,12.53,11.98,11.46,normal,,,ok,coinmetrics,
2012-11-26,0,0,12.18,12.03,11.53,normal,,,ok,coinmetrics,
2012-11-27,0,0,12.16,12.07,11.59,normal,,,ok,coinmetrics,
2012-11-28,0,0,12.33,12.14,11.66,normal,,,ok,coinmetrics,
2012-11-29,0,0,12.5,12.21,11.74,normal,,,ok,coinmetrics,
2012-11-30,0,0,12.59,12.3,11.83,normal,,,ok,coinmetrics,
2012-12-01,0,0,12.59,12.39,11.92,normal,,,ok,coinmetrics,
2012-12-02,0,0,12.5,12.41,11.99,normal,,,ok,coinmetrics,
2012-12-03,0,0,12.66,12.44,12.07,normal,,,ok,coinmetrics,
2012-12-04,0,0,13.37,12.54,12.19,normal,,,ok,coinmetrics,
2012-12-05,0,0,13.31,12.62,12.3,normal,,,ok,coinmetrics,
2012-12-06,0,0,13.48,12.75,12.39,normal,,,ok,coinmetrics,
2012-12-07,0,0,13.48,12.88,12.48,normal,,,ok,coinmetrics,
2012-12-08,0,0,13.5,13,12.57,normal,,,ok,coinmetrics,
2012-12-09,0,0,13.35,13.08,12.65,normal,,,ok,coinmetrics,
2012-12-10,0,0,13.49,13.17,12.74,normal,,,ok,coinmetrics,
2012-12-11,0,0,13.62,13.27,12.83,normal,,,ok,coinmetrics,
2012-12-12,0,0,13.67,13.39,12.9,normal,,,ok,coinmetrics,
2012-12-13,0,0,13.76,13.5,12.97,normal,,,ok,coinmetrics,
2012-12-14,0,0,13.6,13.52,13.03,normal,,,ok,coinmetrics,
2012-12-15,0,0,13.53,13.55,13.08,normal,,,ok,coinmetrics,
2012-12-16,0,0,13.33,13.53,13.14,capitulation,gray,capitulation,ok,coinmetrics,
2012-12-17,0,0,13.32,13.52,13.2,capitulation,gray,,ok,coinmetrics,
2012-12-18,0,0,13.27,13.49,13.25,capitulation,gray,,ok,coinmetrics,
2012-12-19,0,0,13.54,13.51,13.3,capitulation,gray,,ok,coinmetrics,
2012-12-20,0,0,13.57,13.52,13.35,capitulation,gray,,ok,coinmetrics,
2012-12-21,0,0,13.43,13.5,13.39,capitulation,gray,,ok,coinmetrics,
2012-12-22,0,0,13.43,13.48,13.43,capitulation,green,,ok,coinmetrics,
2012-12-23,0,0,13.32,13.43,13.47,capitulation,gray,,ok,coinmetrics,
2012-12-24,0,0,13.43,13.42,13.47,capitulation,gray,,ok,coinmetrics,
2012-12-25,0,0,13.37,13.4,13.47,capitulation,gray,,ok,coinmetrics,
2012-12-26,0,0,13.45,13.41,13.47,capitulation,gray,,ok,coinmetrics,
2012-12-27,0,0,13.4,13.42,13.47,capitulation,gray,,ok,coinmetrics,
2012-12-28,0,0,13.46,13.44,13.47,capitulation,gray,,ok,coinmetrics,
2012-12-29,0,0,13.37,13.42,13.47,capitulation,gray,,ok,coinmetrics,
2012-12-30,0,0,13.45,13.41,13.46,capitulation,green,,ok,coinmetrics,
2012-12-31,0,0,13.55,13.42,13.46,capitulation,gray,,ok,coinmetrics,
2013-01-01,0,0,13.33,13.41,13.44,capitulation,gray,,ok,coinmetrics,
2013-01-02,0,0,13.28,13.41,13.42,capitulation,gray,,ok,coinmetrics,
2013-01-03,0,0,13.38,13.4,13.41,capitulation,green,,ok,coinmetrics,
2013-01-04,0,0,13.45,13.41,13.41,capitulation,green,,ok,coinmetrics,
2013-01-05,0,0,13.46,13.41,13.41,capitulation,gray,,ok,coinmetrics,
2013-01-06,0,0,13.5,13.42,13.42,capitulation,gray,,ok,coinmetrics,
2013-01-07,0,0,13.56,13.43,13.44,capitulation,green,,ok,coinmetrics,
2013-01-08,0,0,13.78,13.47,13.45,capitulation,gray,,ok,coinmetrics,
2013-01-09,0,0,13.82,13.51,13.46,capitulation,gray,,ok,coinmetrics,
2013-01-10,0,0,14.12,13.57,13.5,capitulation,gray,,ok,coinmetrics,
2013-01-11,0,0,14.23,13.66,13.54,capitulation,gray,,ok,coinmetrics,
2013-01-12,0,0,14.21,13.75,13.58,capitulation,gray,,ok,coinmetrics,
2013-01-13,0,0,14.16,13.83,13.62,capitulation,green,,ok,coinmetrics,
2013-01-14,0,0,14.32,13.92,13.66,capitulation,green,,ok,coinmetrics,
2013-01-15,0,0,14.31,14,13.71,capitulation,green,,ok,coinmetrics,
2013-01-16,0,0,14.71,14.12,13.77,capitulation,gray,,ok,coinmetrics,
2013-01-17,0,0,15.6,14.33,13.88,capitulation,gray,,ok,coinmetrics,
2013-01-18,0,0,15.72,14.52,14,capitulation,gray,,ok,coinmetrics,
2013-01-19,0,0,15.59,14.7,14.1,capitulation,green,,ok,coinmetrics,
2013-01-20,0,0,15.72,14.86,14.21,capitulation,gray,,ok,coinmetrics,
2013-01-21,0,0,16.78,15.11,14.39,capitulation,gray,,ok,coinmetrics,
2013-01-22,0,0,17.3,15.42,14.59,capitulation,green,,ok,coinmetrics,
2013-01-23,0,0,17.54,15.76,14.79,capitulation,gray,,ok,coinmetrics,
2013-01-24,0,0,16.9,16.02,14.97,capitulation,green,,ok,coinmetrics,
2013-01-25,0,0,17.41,16.33,15.16,capitulation,gray,,ok,coinmetrics,
2013-01-26,0,0,17.55,16.61,15.37,capitulation,gray,,ok,coinmetrics,
2013-01-27,0,0,17.86,16.84,15.58,capitulation,gray,,ok,coinmetrics,
2013-01-28,0,0,18.79,17.14,15.83,capitulation,green,,ok,coinmetrics,
2013-01-29,0,0,19.51,17.54,16.12,capitulation,gray,,ok,coinmetrics,
2013-01-30,0,0,19.74,17.94,16.4,capitulation,gray,,ok,coinmetrics,
2013-01-31,0,0,20.51,18.31,16.71,capitulation,green,,ok,coinmetrics,
2013-02-01,0,0,20.44,18.63,17.02,capitulation,gray,,ok,coinmetrics,
2013-02-02,0,0,19.64,18.84,17.3,capitulation,gray,,ok,coinmetrics,
2013-02-03,0,0,20.58,19.2,17.61,capitulation,green,,ok,coinmetrics,
2013-02-04,0,0,20.44,19.51,17.92,normal,blue,buy,ok,coinmetrics,
2013-02-05,0,0,20.66,19.82,18.21,normal,,,ok,coinmetrics,
2013-02-06,0,0,21.21,20.15,18.49,normal,,,ok,coinmetrics,
2013-02-07,0,0,22.12,20.48,18.81,normal,,,ok,coinmetrics,
2013-02-08,0,0,22.79,20.81,19.17,normal,,,ok,coinmetrics,
2013-02-09,0,0,23.73,21.21,19.58,normal,,,ok,coinmetrics,
2013-02-10,0,0,23.9,21.55,19.93,normal,,,ok,coinmetrics,
2013-02-11,0,0,24.5,21.96,20.29,normal,,,ok,coinmetrics,
2013-02-12,0,0,24.98,22.49,20.66,normal,,,ok,coinmetrics,
2013-02-13,0,0,24.64,22.9,21.05,normal,,,ok,coinmetrics,
2013-02-14,0,0,27.28,23.58,21.54,normal,,,ok,coinmetrics,
2013-02-15,0,0,27.17,24.23,22.03,normal,,,ok,coinmetrics,
2013-02-16,0,0,27.35,24.85,22.5,normal,,,ok,coinmetrics,
2013-02-17,0,0,26.93,25.33,22.91,normal,,,ok,coinmetrics,
2013-02-18,0,0,26.93,25.74,23.28,normal,,,ok,coinmetrics,
2013-02-19,0,0,29.41,26.31,23.76,normal,,,ok,coinmetrics,
2013-02-20,0,0,29.82,26.9,24.23,normal,,,ok,coinmetrics,
2013-02-21,0,0,29.82,27.43,24.69,normal,,,ok,coinmetrics,
2013-02-22,0,0,30.47,27.98,25.24,normal,,,ok,coinmetrics,
2013-02-23,0,0,29.81,28.5,25.7,normal,,,ok,coinmetrics,
2013-02-24,0,0,29.88,28.76,26.17,normal,,,ok,coinmetrics,
2013-02-25,0,0,30.35,29.08,26.65,normal,,,ok,coinmetrics,
2013-02-26,0,0,31.16,29.46,27.15,normal,,,ok,coinmetrics,
2013-02-27,0,0,31.24,29.89,27.61,normal,,,ok,coinmetrics,
2013-02-28,0,0,33.38,30.53,28.14,normal,,,ok,coinmetrics,
2013-03-01,0,0,34.61,31.05,28.68,normal,,,ok,coinmetrics,
2013-03-02,0,0,34.14,31.49,29.19,normal,,,ok,coinmetrics,
2013-03-03,0,0,34.45,31.95,29.69,normal,,,ok,coinmetrics,
2013-03-04,0,0,36.38,32.54,30.26,normal,,,ok,coinmetrics,
2013-03-05,0,0,40.67,33.63,31.06,normal,,,ok,coinmetrics,
2013-03-06,0,0,43.28,34.97,31.86,normal,,,ok,coinmetrics,
2013-03-07,0,0,41.95,36.13,32.6,normal,,,ok,coinmetrics,
2013-03-08,0,0,43.9,37.4,33.43,normal,,,ok,coinmetrics,
2013-03-09,0,0,46.89,38.96,34.43,normal,,,ok,coinmetrics,
2013-03-10,0,0,46.07,40.23,35.38,normal,,,ok,coinmetrics,
2013-03-11,0,0,48.28,41.6,36.33,normal,,,ok,coinmetrics,
2013-03-12,0,0,44.41,42.63,37.06,normal,,,ok,coinmetrics,
2013-03-13,0,0,47.02,43.88,37.92,normal,,,ok,coinmetrics,
2013-03-14,0,0,46.93,44.94,38.74,normal,,,ok,coinmetrics,
2013-03-15,0,0,46.9,45.56,39.59,normal,,,ok,coinmetrics,
2013-03-16,0,0,47.16,45.95,40.46,normal,,,ok,coinmetrics,
2013-03-17,0,0,47.33,46.49,41.31,normal,,,ok,coinmetrics,
2013-03-18,0,0,51.37,47.23,42.32,normal,,,ok,coinmetrics,
2013-03-19,0,0,59.5,48.5,43.73,normal,,,ok,coinmetrics,
2013-03-20,0,0,63.69,50.26,45.25,normal,,,ok,coinmetrics,
2013-03-21,0,0,70.92,52.52,47.06,normal,,,ok,coinmetrics,
2013-03-22,0,0,69.85,55.06,48.85,normal,,,ok,coinmetrics,
2013-03-23,0,0,64.38,56.8,50.34,normal,,,ok,coinmetrics,
2013-03-24,0,0,71.69,59.28,52.11,normal,,,ok,coinmetrics,
2013-03-25,0,0,74.31,62.02,53.79,normal,,,ok,coinmetrics,
2013-03-26,0,0,78.61,65.17,55.56,normal,,,ok,coinmetrics,
2013-03-27,0,0,88.85,69.32,57.9,normal,,,ok,coinmetrics,
2013-03-28,0,0,87.67,72.95,60.09,normal,,,ok,coinmetrics,
2013-03-29,0,0,90.3,76.03,62.26,normal,,,ok,coinmetrics,
2013-03-30,0,0,92.19,78.88,64.57,normal,,,ok,coinmetrics,
2013-03-31,0,0,93.9,81.18,66.85,normal,,,ok,coinmetrics,
2013-04-01,0,0,103.58,84.55,69.81,normal,,,ok,coinmetrics,
2013-04-02,0,0,116.68,89.78,73.29,normal,,,ok,coinmetrics,
2013-04-03,0,0,131.38,95.75,77.51,normal,,,ok,coinmetrics,
2013-04-04,0,0,133.01,101.62,81.82,normal,,,ok,coinmetrics,
2013-04-05,0,0,142.63,108.02,86.59,normal,,,ok,coinmetrics,
2013-04-06,0,0,143.08,113.44,91.38,normal,,,ok,coinmetrics,
2013-04-07,0,0,162.85,120.96,96.95,normal,,,ok,coinmetrics,
2013-04-08,0.0001,0,186.35,130.57,103.3,normal,,,ok,coinmetrics,
2013-04-09,0.0001,0,230.68,144.41,111.65,normal,,,ok,coinmetrics,
2013-04-10,0.0001,0,161.19,151.14,116.16,normal,,,ok,coinmetrics,
2013-04-11,0.0001,0,82.9,149.08,116.81,normal,,,ok,coinmetrics,
2013-04-12,0.0001,0,111.48,148.56,119.17,normal,,,ok,coinmetrics,
2013-04-13,0.0001,0,97.61,145.18,120.46,normal,,,ok,coinmetrics,
2013-04-14,0.0001,0,88.86,140.76,121.19,normal,,,ok,coinmetrics,
2013-04-15,0.0001,0,80.87,134.59,121.3,normal,,,ok,coinmetrics,
2013-04-16,0.0001,0,68.28,127.11,120.28,normal,,,ok,coinmetrics,
2013-04-17,0.0001,0,92.86,120.11,120.53,normal,,,ok,coinmetrics,
2013-04-18,0.0001,0,108.63,112.34,121.45,normal,,,ok,coinmetrics,
2013-04-19,0.0001,0,119.01,101.17,122.79,normal,,,ok,coinmetrics,
2013-04-20,0.0001,0,128.21,97.87,124.51,normal,,,ok,coinmetrics,
2013-04-21,0.0001,0,118.48,101.43,125.25,normal,,,ok,coinmetrics,
2013-04-22,0.0001,0,126.31,102.91,125.73,normal,,,ok,coinmetrics,
2013-04-23,0.0001,0.0001,142.13,107.37,126.27,normal,,,ok,coinmetrics,
2013-04-24,0.0001,0.0001,154.13,113.89,127.33,normal,,,ok,coinmetrics,
2013-04-25,0.0001,0.0001,141.01,119.91,127.25,normal,,,ok,coinmetrics,
2013-04-26,0.0001,0.0001,137.21,126.8,126.95,normal,,,ok,coinmetrics,
2013-04-27,0.0001,0.0001,128.23,130.34,125.22,normal,,,ok,coinmetrics,
2013-04-28,0.0001,0.0001,134.62,132.93,122.64,normal,,,ok,coinmetrics,
2013-04-29,0.0001,0.0001,143.81,135.41,118.29,normal,,,ok,coinmetrics,
2013-04-30,0.0001,0.0001,139.13,136.51,117.19,normal,,,ok,coinmetrics,
2013-05-01,0.0001,0.0001,116.11,136.27,118.85,normal,,,ok,coinmetrics,
2013-05-02,0.0001,0.0001,106.34,134.27,118.59,normal,,,ok,coinmetrics,
2013-05-03,0.0001,0.0001,96.32,129.69,118.53,normal,,,ok,coinmetrics,
2013-05-04,0.0001,0.0001,112.5,125.53,119.71,normal,,,ok,coinmetrics,
2013-05-05,0.0001,0.0001,116.49,123.08,121.49,normal,,,ok,coinmetrics,
2013-05-06,0.0001,0.0001,112.12,120.57,123.68,normal,,,ok,coinmetrics,
2013-05-07,0.0001,0.0001,111.61,118.9,124.62,normal,,,ok,coinmetrics,
2013-05-08,0.0001,0.0001,113.14,116.76,124.85,normal,,,ok,coinmetrics,
2013-05-09,0.0001,0.0001,111.97,113.57,124.49,normal,,,ok,coinmetrics,
2013-05-10,0.0001,0.0001,117.69,111.43,123.97,normal,,,ok,coinmetrics,
2013-05-11,0.0001,0.0001,115.5,111.37,123.82,normal,,,ok,coinmetrics,
2013-05-12,0.0001,0.0001,114.89,112.22,123.25,normal,,,ok,coinmetrics,
2013-05-13,0.0001,0.0001,117.4,114.33,122.01,normal,,,ok,coinmetrics,
2013-05-14,0.0001,0.0001,107.87,113.87,119.7,normal,,,ok,coinmetrics,
2013-05-15,0.0001,0.0001,108.99,113.12,118.1,normal,,,ok,coinmetrics,
2013-05-16,0.0001,0.0001,112.92,113.2,116.88,normal,,,ok,coinmetrics,
2013-05-17,0.0001,0.0001,117.28,113.76,116.33,normal,,,ok,coinmetrics,
2013-05-18,0.0001,0.0001,118.17,114.27,115.51,normal,,,ok,coinmetrics,
2013-05-19,0.0001,0.0001,117.03,114.77,114.17,normal,,,ok,coinmetrics,
2013-05-20,0.0001,0.0001,117.82,114.79,113.11,normal,,,ok,coinmetrics,
2013-05-21,0.0001,0.0001,117.25,114.96,113.16,normal,,,ok,coinmetrics,
2013-05-22,0.0001,0.0001,118.98,115.37,113.8,normal,,,ok,coinmetrics,
2013-05-23,0.0001,0.0001,123.73,116,115.17,normal,,,ok,coinmetrics,
2013-05-24,0.0001,0.0001,128.97,118.11,115.99,normal,,,ok,coinmetrics,
2013-05-25,0.0001,0.0001,128.84,120.1,116.61,normal,,,ok,coinmetrics,
2013-05-26,0.0001,0.0001,130.16,121.82,117.51,normal,,,ok,coinmetrics,
2013-05-27,0.0001,0.0001,126.39,122.73,118.25,normal,,,ok,coinmetrics,
2013-05-28,0.0001,0.0001,125.9,123.51,118.89,normal,,,ok,coinmetrics,
2013-05-29,0.0001,0.0001,129.56,124.76,119.77,normal,,,ok,coinmetrics,
2013-05-30,0.0001,0.0001,126.51,125.63,120.21,normal,,,ok,coinmetrics,
2013-05-31,0.0001,0.0001,127.82,126.69,120.82,normal,,,ok,coinmetrics,
2013-06-01,0.0001,0.0001,128.79,127.67,121.52,normal,,,ok,coinmetrics,
2013-06-02,0.0001,0.0001,122.63,127.56,121.78,normal,,,ok,coinmetrics,
2013-06-03,0.0001,0.0001,122.95,126.96,122.54,normal,,,ok,coinmetrics,
2013-06-04,0.0001,0.0001,120.19,126.09,123.1,normal,,,ok,coinmetrics,
2013-06-05,0.0001,0.0001,120.87,125.16,123.49,normal,,,ok,coinmetrics,
2013-06-06,0.0001,0.0001,119.05,124.43,123.58,normal,,,ok,coinmetrics,
2013-06-07,0.0001,0.0001,110.2,122.86,123.18,normal,,,ok,coinmetrics,
2013-06-08,0.0001,0.0001,109.18,120.82,122.79,normal,,,ok,coinmetrics,
2013-06-09,0.0001,0.0001,99.9,118.16,121.89,normal,,,ok,coinmetrics,
2013-06-10,0.0001,0.0001,104.36,115.81,121.25,normal,,,ok,coinmetrics,
2013-06-11,0.0001,0.0001,107.51,113.68,120.68,normal,,,ok,coinmetrics,
2013-06-12,0.0001,0.0001,106.38,112.06,119.81,normal,,,ok,coinmetrics,
2013-06-13,0.0001,0.0001,101.32,109.9,118.43,normal,,,ok,coinmetrics,
2013-06-14,0.0001,0.0001,99.21,107.8,116.94,normal,,,ok,coinmetrics,
2013-06-15,0.0001,0.0001,99.88,105.7,115.43,normal,,,ok,coinmetrics,
2013-06-16,0.0001,0.0001,99.04,103.7,114.06,normal,,,ok,coinmetrics,
2013-06-17,0.0001,0.0001,100.13,102.69,112.77,normal,,,ok,coinmetrics,
2013-06-18,0.0001,0.0001,104.29,102.2,111.51,normal,,,ok,coinmetrics,
2013-06-19,0.0001,0.0001,104.42,102.65,110.41,normal,,,ok,coinmetrics,
2013-06-20,0.0001,0.0001,104.32,102.65,109.23,normal,,,ok,coinmetrics,
2013-06-21,0.0001,0.0001,101.42,102.04,107.86,normal,,,ok,coinmetrics,
2013-06-22,0.0001,0.0001,100.04,101.41,106.73,normal,,,ok,coinmetrics,
2013-06-23,0.0001,0.0001,100.31,101.31,105.6,normal,,,ok,coinmetrics,
2013-06-24,0.0001,0.0001,99.05,101.29,104.54,normal,,,ok,coinmetrics,
2013-06-25,0.0001,0.0001,97.83,101.08,103.39,normal,,,ok,coinmetrics,
2013-06-26,0.0001,0.0001,98.65,101.05,102.37,normal,,,ok,coinmetrics,
2013-06-27,0.0001,0.0001,96.8,100.71,101.7,normal,,,ok,coinmetrics,
2013-06-28,0.0001,0.0001,89.42,99.23,100.71,normal,,,ok,coinmetrics,
2013-06-29,0.0001,0.0001,88.8,97.67,100.16,normal,,,ok,coinmetrics,
2013-06-30,0.0001,0.0001,89.48,96.18,99.42,normal,,,ok,coinmetrics,
2013-07-01,0.0001,0.0001,82.87,94.33,98.18,normal,,,ok,coinmetrics,
2013-07-02,0.0001,0.0001,87.82,93.1,97.25,normal,,,ok,coinmetrics,
2013-07-03,0.0001,0.0001,77.69,90.84,96.07,normal,,,ok,coinmetrics,
2013-07-04,0.0002,0.0001,79.13,88.85,95.07,normal,,,ok,coinmetrics,
2013-07-05,0.0002,0.0001,67.45,85.81,93.45,normal,,,ok,coinmetrics,
2013-07-06,0.0002,0.0001,66.34,82.58,91.81,normal,,,ok,coinmetrics,
2013-07-07,0.0002,0.0001,72.11,80.11,90.41,normal,,,ok,coinmetrics,
2013-07-08,0.0002,0.0001,73.99,78.57,88.9,normal,,,ok,coinmetrics,
2013-07-09,0.0002,0.0001,74.89,77.18,87.42,normal,,,ok,coinmetrics,
2013-07-10,0.0002,0.0001,85.01,76.73,86.46,normal,,,ok,coinmetrics,
2013-07-11,0.0002,0.0001,87.5,77.19,85.76,normal,,,ok,coinmetrics,
2013-07-12,0.0002,0.0001,90.05,77.42,85.26,normal,,,ok,coinmetrics,
2013-07-13,0.0002,0.0001,91.59,78.81,84.82,normal,,,ok,coinmetrics,
2013-07-14,0.0002,0.0001,89.89,79.88,84.37,normal,,,ok,coinmetrics,
2013-07-15,0.0002,0.0001,93.8,82.52,84.16,normal,,,ok,coinmetrics,
2013-07-16,0.0002,0.0001,91.78,85.06,83.82,normal,,,ok,coinmetrics,
2013-07-17,0.0002,0.0001,91.03,86.95,83.53,normal,,,ok,coinmetrics,
2013-07-18,0.0002,0.0002,84.96,88.05,83.31,normal,,,ok,coinmetrics,
2013-07-19,0.0002,0.0002,86.24,89.19,83.18,normal,,,ok,coinmetrics,
2013-07-20,0.0002,0.0002,84.91,89.17,82.95,normal,,,ok,coinmetrics,
2013-07-21,0.0002,0.0002,85.66,88.99,83.09,normal,,,ok,coinmetrics,
2013-07-22,0.0002,0.0002,85.65,88.55,82.98,normal,,,ok,coinmetrics,
2013-07-23,0.0002,0.0002,86.98,88.09,83.45,normal,,,ok,coinmetrics,
2013-07-24,0.0002,0.0002,88.15,87.92,83.9,normal,,,ok,coinmetrics,
2013-07-25,0.0002,0.0002,90.17,87.55,85.04,normal,,,ok,coinmetrics,
2013-07-26,0.0002,0.0002,89.98,87.37,86.22,normal,,,ok,coinmetrics,
2013-07-27,0.0002,0.0002,88.17,87.09,87.02,normal,,,ok,coinmetrics,
2013-07-28,0.0002,0.0002,92.75,87.87,87.96,normal,,,ok,coinmetrics,
2013-07-29,0.0002,0.0002,93.3,88.57,88.88,normal,,,ok,coinmetrics,
2013-07-30,0.0002,0.0002,96.66,89.75,89.46,normal,,,ok,coinmetrics,
2013-07-31,0.0002,0.0002,98.02,90.98,89.99,normal,,,ok,coinmetrics,
2013-08-01,0.0002,0.0002,96.57,92.07,90.31,normal,,,ok,coinmetrics,
2013-08-02,0.0002,0.0002,96.07,92.98,90.54,normal,,,ok,coinmetrics,
2013-08-03,0.0002,0.0002,95.51,93.72,90.82,normal,,,ok,coinmetrics,
2013-08-04,0.0002,0.0002,96.37,94.34,90.95,normal,,,ok,coinmetrics,
2013-08-05,0.0002,0.0002,97.53,95.09,91.23,normal,,,ok,coinmetrics,
2013-08-06,0.0003,0.0002,97.67,96.04,91.57,normal,,,ok,coinmetrics,
2013-08-07,0.0003,0.0002,97.05,96.47,92.17,normal,,,ok,coinmetrics,
2013-08-08,0.0003,0.0002,94.26,96.57,92.57,normal,,,ok,coinmetrics,
2013-08-09,0.0003,0.0002,92.47,96.15,92.95,normal,,,ok,coinmetrics,
2013-08-10,0.0003,0.0002,93.29,95.68,93.33,normal,,,ok,coinmetrics,
2013-08-11,0.0003,0.0002,94.27,95.45,93.76,normal,,,ok,coinmetrics,
2013-08-12,0.0003,0.0002,95.45,95.39,94.19,normal,,,ok,coinmetrics,
2013-08-13,0.0003,0.0002,97.76,95.61,94.67,normal,,,ok,coinmetrics,
2013-08-14,0.0003,0.0002,99.12,95.89,95.11,normal,,,ok,coinmetrics,
2013-08-15,0.0003,0.0002,98.11,95.95,95.52,normal,,,ok,coinmetrics,
2013-08-16,0.0003,0.0002,98.29,96.01,96.03,normal,,,ok,coinmetrics,
2013-08-17,0.0003,0.0003,99.63,96.26,96.37,normal,,,ok,coinmetrics,
2013-08-18,0.0003,0.0003,99.18,96.76,96.66,normal,,,ok,coinmetrics,
2013-08-19,0.0003,0.0003,102.78,97.79,96.97,normal,,,ok,coinmetrics,
2013-08-20,0.0003,0.0003,104.5,98.91,97.29,normal,,,ok,coinmetrics,
2013-08-21,0.0004,0.0003,110.8,100.56,98.01,normal,,,ok,coinmetrics,
2013-08-22,0.0004,0.0003,109.52,101.97,98.68,normal,,,ok,coinmetrics,
2013-08-23,0.0004,0.0003,107.7,102.96,99.29,normal,,,ok,coinmetrics,
2013-08-24,0.0004,0.0003,108.88,103.94,99.91,normal,,,ok,coinmetrics,
2013-08-25,0.0004,0.0003,113.08,105.44,100.69,normal,,,ok,coinmetrics,
2013-08-26,0.0004,0.0003,112.12,106.82,101.41,normal,,,ok,coinmetrics,
2013-08-27,0.0004,0.0003,117.76,108.63,102.45,normal,,,ok,coinmetrics,
2013-08-28,0.0004,0.0003,118.32,110.55,103.65,normal,,,ok,coinmetrics,
2013-08-29,0.0004,0.0003,118.84,112.15,104.97,normal,,,ok,coinmetrics,
2013-08-30,0.0004,0.0003,124.89,114.19,106.55,normal,,,ok,coinmetrics,
2013-08-31,0.0005,0.0003,128.38,115.95,108.25,normal,,,ok,coinmetrics,
2013-09-01,0.0005,0.0004,130.54,118.05,110.01,normal,,,ok,coinmetrics,
2013-09-02,0.0005,0.0004,129.57,120.24,111.6,normal,,,ok,coinmetrics,
2013-09-03,0.0005,0.0004,129.18,122.27,113.1,normal,,,ok,coinmetrics,
2013-09-04,0.0005,0.0004,122.53,123.21,114.32,normal,,,ok,coinmetrics,
2013-09-05,0.0005,0.0004,122.37,124.24,115.53,normal,,,ok,coinmetrics,
2013-09-06,0.0005,0.0004,117.86,124.25,116.44,normal,,,ok,coinmetrics,
2013-09-07,0.0005,0.0004,119.81,124.4,117.47,normal,,,ok,coinmetrics,
2013-09-08,0.0006,0.0004,118.06,124.32,118.23,normal,,,ok,coinmetrics,
2013-09-09,0.0006,0.0004,121.26,123.96,119.07,normal,,,ok,coinmetrics,
2013-09-10,0.0006,0.0004,122.22,123.34,119.64,normal,,,ok,coinmetrics,
2013-09-11,0.0006,0.0004,127.09,122.99,120.52,normal,,,ok,coinmetrics,
2013-09-12,0.0006,0.0005,126.78,122.72,121.48,normal,,,ok,coinmetrics,
2013-09-13,0.0006,0.0005,127.41,122.54,122.4,normal,,,ok,coinmetrics,
2013-09-14,0.0006,0.0005,124.35,122.72,122.97,normal,,,ok,coinmetrics,
2013-09-15,0.0007,0.0005,125.08,122.99,123.61,normal,,,ok,coinmetrics,
2013-09-16,0.0007,0.0005,126.2,123.83,124.04,normal,,,ok,coinmetrics,
2013-09-17,0.0007,0.0005,126.9,124.53,124.46,normal,,,ok,coinmetrics,
2013-09-18,0.0007,0.0005,126.9,125.42,124.87,normal,,,ok,coinmetrics,
2013-09-19,0.0007,0.0005,124.18,125.71,124.83,normal,,,ok,coinmetrics,
2013-09-20,0.0008,0.0006,122.92,125.78,124.56,normal,,,ok,coinmetrics,
2013-09-21,0.0008,0.0006,123.51,125.42,124.21,normal,,,ok,coinmetrics,
2013-09-22,0.0008,0.0006,123.12,125.06,123.89,normal,,,ok,coinmetrics,
2013-09-23,0.0008,0.0006,122.87,124.6,123.57,normal,,,ok,coinmetrics,
2013-09-24,0.0008,0.0006,123.8,124.55,123.63,normal,,,ok,coinmetrics,
2013-09-25,0.0009,0.0006,123.61,124.4,123.7,normal,,,ok,coinmetrics,
2013-09-26,0.0009,0.0006,124.69,124.25,124.04,normal,,,ok,coinmetrics,
2013-09-27,0.0009,0.0007,126.61,124.22,124.38,normal,,,ok,coinmetrics,
2013-09-28,0.0009,0.0007,126.8,124.21,124.81,normal,,,ok,coinmetrics,
2013-09-29,0.001,0.0007,127.11,124.5,125.11,normal,,,ok,coinmetrics,
2013-09-30,0.001,0.0007,126.09,124.82,125.3,normal,,,ok,coinmetrics,
2013-10-01,0.001,0.0007,127.58,125.23,125.32,normal,,,ok,coinmetrics,
2013-10-02,0.001,0.0007,104.11,123.32,124.19,normal,,,ok,coinmetrics,
2013-10-03,0.001,0.0008,117.58,122.8,123.7,normal,,,ok,coinmetrics,
2013-10-04,0.0011,0.0008,121.93,122.61,123.58,normal,,,ok,coinmetrics,
2013-10-05,0.0011,0.0008,121.39,122.39,123.39,normal,,,ok,coinmetrics,
2013-10-06,0.0011,0.0008,122.48,122.17,123.21,normal,,,ok,coinmetrics,
2013-10-07,0.0011,0.0008,123.91,121.9,123.06,normal,,,ok,coinmetrics,
2013-10-08,0.0012,0.0009,124.77,121.69,122.95,normal,,,ok,coinmetrics,
2013-10-09,0.0012,0.0009,125.93,121.58,123.04,normal,,,ok,coinmetrics,
2013-10-10,0.0012,0.0009,126.7,121.64,123.23,normal,,,ok,coinmetrics,
2013-10-11,0.0013,0.0009,127.26,121.6,123.42,normal,,,ok,coinmetrics,
2013-10-12,0.0013,0.001,127.85,123.98,123.65,normal,,,ok,coinmetrics,
2013-10-13,0.0013,0.001,132.42,125.46,124.13,normal,,,ok,coinmetrics,
2013-10-14,0.0014,0.001,135.34,126.8,124.71,normal,,,ok,coinmetrics,
2013-10-15,0.0014,0.0011,141.49,128.81,125.6,normal,,,ok,coinmetrics,
2013-10-16,0.0015,0.0011,138.33,130.4,126.28,normal,,,ok,coinmetrics,
2013-10-17,0.0015,0.0011,143.75,132.38,127.14,normal,,,ok,coinmetrics,
2013-10-18,0.0016,0.0011,152.78,135.18,128.44,normal,,,ok,coinmetrics,
2013-10-19,0.0016,0.0012,165.77,139.17,130.37,normal,,,ok,coinmetrics,
2013-10-20,0.0017,0.0012,166.5,143.15,132.39,normal,,,ok,coinmetrics,
2013-10-21,0.0017,0.0013,179.91,148.41,135.01,normal,,,ok,coinmetrics,
2013-10-22,0.0018,0.0013,190.4,154.67,139.32,normal,,,ok,coinmetrics,
2013-10-23,0.0019,0.0013,204.6,161.89,143.68,normal,,,ok,coinmetrics,
2013-10-24,0.0019,0.0014,194.41,167.79,147.3,normal,,,ok,coinmetrics,
2013-10-25,0.002,0.0014,185.64,172.21,150.51,normal,,,ok,coinmetrics,
2013-10-26,0.0021,0.0015,179.81,176.36,153.38,normal,,,ok,coinmetrics,
2013-10-27,0.0021,0.0015,194.55,181.44,156.91,normal,,,ok,coinmetrics,
2013-10-28,0.0022,0.0016,196.27,185.79,160.49,normal,,,ok,coinmetrics,
2013-10-29,0.0023,0.0016,204.43,189.65,164.41,normal,,,ok,coinmetrics,
2013-10-30,0.0024,0.0017,197.9,192.79,167.97,normal,,,ok,coinmetrics,
2013-10-31,0.0024,0.0017,203.28,195.13,171.77,normal,,,ok,coinmetrics,
2013-11-01,0.0025,0.0018,203.04,196.39,175.53,normal,,,ok,coinmetrics,
2013-11-02,0.0026,0.0018,204.79,196.41,179.15,normal,,,ok,coinmetrics,
2013-11-03,0.0027,0.0019,210.28,198,182.9,normal,,,ok,coinmetrics,
2013-11-04,0.0028,0.0019,228.79,202.31,187.26,normal,,,ok,coinmetrics,
2013-11-05,0.0028,0.002,243.64,208.7,192.53,normal,,,ok,coinmetrics,
2013-11-06,0.0029,0.002,263.21,215.56,198.5,normal,,,ok,coinmetrics,
2013-11-07,0.003,0.0021,290.12,224.95,205.37,normal,,,ok,coinmetrics,
2013-11-08,0.0031,0.0021,333.75,237.88,213.77,normal,,,ok,coinmetrics,
2013-11-09,0.0031,0.0022,331.05,251.2,221.99,normal,,,ok,coinmetrics,
2013-11-10,0.0032,0.0022,327.56,263.62,229.38,normal,,,ok,coinmetrics,
2013-11-11,0.0033,0.0023,342.7,277.59,236.99,normal,,,ok,coinmetrics,
2013-11-12,0.0034,0.0024,354.65,292.57,244.49,normal,,,ok,coinmetrics,
2013-11-13,0.0035,0.0024,394.5,311,254.5,normal,,,ok,coinmetrics,
2013-11-14,0.0035,0.0025,416.71,329.79,266.05,normal,,,ok,coinmetrics,
2013-11-15,0.0036,0.0025,408.4,346.26,277.48,normal,,,ok,coinmetrics,
2013-11-16,0.0037,0.0026,435.8,363.52,289.54,normal,,,ok,coinmetrics,
2013-11-17,0.0038,0.0027,485.34,383.04,304,normal,,,ok,coinmetrics,
2013-11-18,0.0038,0.0027,657.78,415.45,326.66,normal,,,ok,coinmetrics,
2013-11-19,0.0039,0.0028,546.88,437.03,344.11,normal,,,ok,coinmetrics,
2013-11-20,0.004,0.0029,595.34,463.81,363.72,normal,,,ok,coinmetrics,
2013-11-21,0.004,0.0029,720.76,501.62,389.6,normal,,,ok,coinmetrics,
2013-11-22,0.0041,0.003,802.92,546.44,419.51,normal,,,ok,coinmetrics,
2013-11-23,0.0042,0.0031,834.3,590.42,450.71,normal,,,ok,coinmetrics,
2013-11-24,0.0042,0.0031,807.17,629.47,479.63,normal,,,ok,coinmetrics,
2013-11-25,0.0043,0.0032,816.24,670.25,508.26,normal,,,ok,coinmetrics,
2013-11-26,0.0043,0.0032,916.1,718.28,540.9,normal,,,ok,coinmetrics,
2013-11-27,0.0044,0.0033,962.91,766.04,574.54,normal,,,ok,coinmetrics,
2013-11-28,0.0045,0.0034,1007.39,801,608.22,normal,,,ok,coinmetrics,
2013-11-29,0.0045,0.0035,1128.73,859.18,648.11,normal,,,ok,coinmetrics,
2013-11-30,0.0046,0.0035,1119.3,911.58,687.69,normal,,,ok,coinmetrics,
2013-12-01,0.0047,0.0036,964.49,935.95,718.78,normal,,,ok,coinmetrics,
2013-12-02,0.0048,0.0037,1040.81,959.74,753.09,normal,,,ok,coinmetrics,
2013-12-03,0.0049,0.0038,1053.62,981.67,786.05,normal,,,ok,coinmetrics,
2013-12-04,0.0049,0.0039,1134.93,1014.45,821.96,normal,,,ok,coinmetrics,
2013-12-05,0.005,0.0039,1027.41,1035.57,852.91,normal,,,ok,coinmetrics,
2013-12-06,0.0051,0.004,824.58,1026.42,872.35,normal,,,ok,coinmetrics,
2013-12-07,0.0052,0.0041,703.75,1000.5,883.27,normal,,,ok,coinmetrics,
2013-12-08,0.0054,0.0042,783.57,978.12,889.56,normal,,,ok,coinmetrics,
2013-12-09,0.0054,0.0043,896.08,954.85,907.02,normal,,,ok,coinmetrics,
2013-12-10,0.0055,0.0044,977.17,940.64,926.11,normal,,,ok,coinmetrics,
2013-12-11,0.0056,0.0045,875.46,931.74,933.85,normal,,,ok,coinmetrics,
2013-12-12,0.0057,0.0046,873.32,914.99,937.37,normal,,,ok,coinmetrics,
2013-12-13,0.0058,0.0046,879.16,897.54,939.61,normal,,,ok,coinmetrics,
2013-12-14,0.006,0.0048,852.86,869.34,941.89,normal,,,ok,coinmetrics,
2013-12-15,0.0061,0.0048,864.06,853,944.28,normal,,,ok,coinmetrics,
2013-12-16,0.0062,0.005,677.89,838.33,932.37,normal,,,ok,coinmetrics,
2013-12-17,0.0064,0.0051,682.63,836.22,918.36,normal,,,ok,coinmetrics,
2013-12-18,0.0065,0.0052,526.12,810.47,894.3,normal,,,ok,coinmetrics,
2013-12-19,0.0067,0.0053,685.53,789.42,872.14,normal,,,ok,coinmetrics,
2013-12-20,0.0068,0.0054,600.22,751.72,846.18,normal,,,ok,coinmetrics,
2013-12-21,0.0069,0.0055,597.03,723.88,827.81,normal,,,ok,coinmetrics,
2013-12-22,0.0071,0.0056,615.01,698.05,806.52,normal,,,ok,coinmetrics,
2013-12-23,0.0072,0.0057,657.93,675.93,786.74,normal,,,ok,coinmetrics,
2013-12-24,0.0074,0.0058,650.66,655.71,762.52,normal,,,ok,coinmetrics,
2013-12-25,0.0075,0.0059,678.29,637.13,745.07,normal,,,ok,coinmetrics,
2013-12-26,0.0077,0.006,750,644.34,741.34,normal,,,ok,coinmetrics,
2013-12-27,0.0079,0.0062,722.57,648.34,742.28,normal,,,ok,coinmetrics,
2013-12-28,0.008,0.0063,715.85,667.31,738.89,normal,,,ok,coinmetrics,
2013-12-29,0.0082,0.0064,727.27,671.48,730.45,normal,,,ok,coinmetrics,
2013-12-30,0.0083,0.0065,735.74,685.04,718.38,normal,,,ok,coinmetrics,
2013-12-31,0.0084,0.0066,729.56,698.29,711.09,normal,,,ok,coinmetrics,
2014-01-01,0.0087,0.0067,752.4,712.03,705.04,normal,,,ok,coinmetrics,
2014-01-02,0.0087,0.0068,784.95,724.73,700.33,normal,,,ok,coinmetrics,
2014-01-03,0.0089,0.0069,807.22,740.39,698.05,normal,,,ok,coinmetrics,
2014-01-04,0.009,0.007,828.6,755.42,696.27,normal,,,ok,coinmetrics,
2014-01-05,0.0093,0.0072,902.49,770.67,707.5,normal,,,ok,coinmetrics,
2014-01-06,0.0095,0.0074,914.46,789.86,719.1,normal,,,ok,coinmetrics,
2014-01-07,0.0097,0.0075,803.35,798.61,732.96,normal,,,ok,coinmetrics,
2014-01-08,0.0099,0.0077,820.69,807.95,739.72,normal,,,ok,coinmetrics,
2014-01-09,0.0101,0.0078,831.33,817.51,751.27,normal,,,ok,coinmetrics,
2014-01-10,0.0103,0.008,853.3,829.88,764.08,normal,,,ok,coinmetrics,
2014-01-11,0.0106,0.0081,889.56,843.6,777.81,normal,,,ok,coinmetrics,
2014-01-12,0.0108,0.0083,845.19,849.62,787.17,normal,,,ok,coinmetrics,
2014-01-13,0.011,0.0085,822.88,851.18,795.79,normal,,,ok,coinmetrics,
2014-01-14,0.0112,0.0086,815.29,849.85,802.64,normal,,,ok,coinmetrics,
2014-01-15,0.0115,0.0088,841.09,843.71,807.19,normal,,,ok,coinmetrics,
2014-01-16,0.0117,0.009,815.85,833.85,811.85,normal,,,ok,coinmetrics,
2014-01-17,0.0118,0.0092,792.83,832.8,815.7,normal,,,ok,coinmetrics,
2014-01-18,0.012,0.0094,809.78,831.71,819.83,normal,,,ok,coinmetrics,
2014-01-19,0.0123,0.0095,838.43,832.42,824.96,normal,,,ok,coinmetrics,
2014-01-20,0.0125,0.0097,828.89,829.98,829.93,normal,,,ok,coinmetrics,
2014-01-21,0.0127,0.0099,823.82,823.41,833.5,normal,,,ok,coinmetrics,
2014-01-22,0.0129,0.0101,818.98,820.78,835.2,normal,,,ok,coinmetrics,
2014-01-23,0.0131,0.0103,810.92,819.59,835.39,normal,,,ok,coinmetrics,
2014-01-24,0.0134,0.0105,781.04,816.16,833.01,normal,,,ok,coinmetrics,
2014-01-25,0.0137,0.0107,804.4,812.49,828.1,normal,,,ok,coinmetrics,
2014-01-26,0.0139,0.0109,814.5,812.36,823.11,normal,,,ok,coinmetrics,
2014-01-27,0.0142,0.0111,742.7,807.35,820.07,normal,,,ok,coinmetrics,
2014-01-28,0.0144,0.0113,790.18,805.39,818.55,normal,,,ok,coinmetrics,
2014-01-29,0.0147,0.0115,793.38,800.88,816.65,normal,,,ok,coinmetrics,
2014-01-30,0.0149,0.0117,799.47,797.94,813.96,normal,,,ok,coinmetrics,
2014-01-31,0.0152,0.0119,803.24,795.88,809.64,normal,,,ok,coinmetrics,
2014-02-01,0.0156,0.0122,813.22,795.31,808.04,normal,,,ok,coinmetrics,
2014-02-02,0.0159,0.0124,814.49,795.66,807.63,normal,,,ok,coinmetrics,
2014-02-03,0.0162,0.0126,807,798.26,807.21,normal,,,ok,coinmetrics,
2014-02-04,0.0164,0.0128,800.08,797.83,805.16,normal,,,ok,coinmetrics,
2014-02-05,0.0166,0.013,784.47,794.82,803.59,normal,,,ok,coinmetrics,
2014-02-06,0.017,0.0133,763.57,796.91,802.13,normal,,,ok,coinmetrics,
2014-02-07,0.0172,0.0136,711.57,789.05,797.22,normal,,,ok,coinmetrics,
2014-02-08,0.0175,0.0138,677.68,777.48,789.18,normal,,,ok,coinmetrics,
2014-02-09,0.0177,0.014,687.41,766.27,782.11,normal,,,ok,coinmetrics,
2014-02-10,0.0179,0.0142,685.46,754.49,775.19,normal,,,ok,coinmetrics,
2014-02-11,0.0181,0.0144,671.9,740.36,767.83,normal,,,ok,coinmetrics,
2014-02-12,0.0184,0.0147,653.77,724.29,759.98,normal,,,ok,coinmetrics,
2014-02-13,0.0187,0.0149,612.92,704.88,751.57,normal,,,ok,coinmetrics,
2014-02-14,0.019,0.0152,668.79,691.75,744.79,normal,,,ok,coinmetrics,
2014-02-15,0.0192,0.0155,654.38,678.74,736.78,normal,,,ok,coinmetrics,
2014-02-16,0.0196,0.0157,623.25,664.71,730.81,normal,,,ok,coinmetrics,
2014-02-17,0.0199,0.016,631.33,656.69,722.87,normal,,,ok,coinmetrics,
2014-02-18,0.0202,0.0163,627.27,651.65,714.56,normal,,,ok,coinmetrics,
2014-02-19,0.0207,0.0166,623.54,645.26,705.77,normal,,,ok,coinmetrics,
2014-02-20,0.0211,0.0169,563.77,633.09,693.79,normal,,,ok,coinmetrics,
2014-02-21,0.0214,0.0171,580.32,623.93,682.15,normal,,,ok,coinmetrics,
2014-02-22,0.0218,0.0174,607.12,619.27,671.78,normal,,,ok,coinmetrics,
2014-02-23,0.022,0.0177,610.08,618.99,661.93,normal,,,ok,coinmetrics,
2014-02-24,0.0224,0.018,542.27,606.33,649.04,normal,,,ok,coinmetrics,
2014-02-25,0.0227,0.0183,533.71,594.27,636.51,normal,,,ok,coinmetrics,
2014-02-26,0.023,0.0186,587.58,590.7,627.71,normal,,,ok,coinmetrics,
2014-02-27,0.0234,0.0189,585.39,586.11,621.4,normal,,,ok,coinmetrics,
2014-02-28,0.0239,0.0193,551.29,578.51,615.08,normal,,,ok,coinmetrics,
2014-03-01,0.0242,0.0196,567.53,572.91,609.08,normal,,,ok,coinmetrics,
2014-03-02,0.0244,0.0198,558.53,572.38,602.74,normal,,,ok,coinmetrics,
2014-03-03,0.0247,0.0201,676.51,582,602.97,normal,,,ok,coinmetrics,
2014-03-04,0.0249,0.0204,674.51,588.74,604.01,normal,,,ok,coinmetrics,
2014-03-05,0.0252,0.0207,670.34,594.77,606.88,normal,,,ok,coinmetrics,
2014-03-06,0.0257,0.021,667.71,607.31,606.82,normal,,,ok,coinmetrics,
2014-03-07,0.0261,0.0213,631.77,617.12,605.69,normal,,,ok,coinmetrics,
2014-03-08,0.0263,0.0217,621.52,620.51,605.61,normal,,,ok,coinmetrics,
2014-03-09,0.0268,0.022,640.58,626.03,606.07,normal,,,ok,coinmetrics,
2014-03-10,0.027,0.0222,628.15,633.72,606.11,normal,,,ok,coinmetrics,
2014-03-11,0.0274,0.0226,633.73,640.34,606.62,normal,,,ok,coinmetrics,
2014-03-12,0.0279,0.0229,634.65,647.95,610.17,normal,,,ok,coinmetrics,
2014-03-13,0.0283,0.0232,643.43,644.64,613.32,normal,,,ok,coinmetrics,
2014-03-14,0.0285,0.0234,628.31,640.02,614.38,normal,,,ok,coinmetrics,
2014-03-15,0.0289,0.0238,636.22,636.61,615.69,normal,,,ok,coinmetrics,
2014-03-16,0.0292,0.0241,634.17,633.25,620.28,normal,,,ok,coinmetrics,
2014-03-17,0.0296,0.0244,622.76,632.35,624.73,normal,,,ok,coinmetrics,
2014-03-18,0.0297,0.0247,614.31,631.63,626.07,normal,,,ok,coinmetrics,
2014-03-19,0.0301,0.025,610.51,628.62,627.33,normal,,,ok,coinmetrics,
2014-03-20,0.0305,0.0254,586.61,624.47,629.09,normal,,,ok,coinmetrics,
2014-03-21,0.0307,0.0257,569.69,618.07,629.2,normal,,,ok,coinmetrics,
2014-03-22,0.031,0.0261,564.7,611.07,629.51,normal,,,ok,coinmetrics,
2014-03-23,0.0317,0.0265,558.96,602.62,623.63,normal,,,ok,coinmetrics,
2014-03-24,0.0321,0.027,585.02,598.3,619.16,normal,,,ok,coinmetrics,
2014-03-25,0.0326,0.0273,583.77,593.05,614.83,normal,,,ok,coinmetrics,
2014-03-26,0.0329,0.0277,579.24,587.56,610.41,normal,,,ok,coinmetrics,
2014-03-27,0.0335,0.0281,483.16,573.6,602.98,normal,,,ok,coinmetrics,
2014-03-28,0.034,0.0285,498.66,562.03,596.83,normal,,,ok,coinmetrics,
2014-03-29,0.0345,0.0289,489.52,549.93,589.28,normal,,,ok,coinmetrics,
2014-03-30,0.0346,0.0293,458.97,537.17,580.82,normal,,,ok,coinmetrics,
2014-03-31,0.0352,0.0297,455.36,525.74,571.9,normal,,,ok,coinmetrics,
2014-04-01,0.0357,0.0301,479.01,517.17,564.12,normal,,,ok,coinmetrics,
2014-04-02,0.0364,0.0305,439.01,505.17,553.9,normal,,,ok,coinmetrics,
2014-04-03,0.0372,0.031,449.44,491.61,544.95,normal,,,ok,coinmetrics,
2014-04-04,0.0378,0.0315,449.72,478.21,535.63,normal,,,ok,coinmetrics,
2014-04-05,0.0383,0.032,461.68,466.45,527.01,normal,,,ok,coinmetrics,
2014-04-06,0.0388,0.0324,458.63,464,518.8,normal,,,ok,coinmetrics,
2014-04-07,0.0392,0.0328,448.66,459,510.52,normal,,,ok,coinmetrics,
2014-04-08,0.0395,0.0331,452.8,455.33,502.63,normal,,,ok,coinmetrics,
2014-04-09,0.0401,0.0336,442.84,453.71,495.44,normal,,,ok,coinmetrics,
2014-04-10,0.0407,0.034,366.91,444.87,485.3,normal,,,ok,coinmetrics,
2014-04-11,0.0412,0.0346,421.94,439.16,478.17,normal,,,ok,coinmetrics,
2014-04-12,0.0417,0.035,424.27,437.69,471.43,normal,,,ok,coinmetrics,
2014-04-13,0.0427,0.0356,416.36,434.38,463,normal,,,ok,coinmetrics,
2014-04-14,0.0435,0.0362,461.11,435.52,456.86,normal,,,ok,coinmetrics,
2014-04-15,0.0441,0.0367,521.62,441.51,453.98,normal,,,ok,coinmetrics,
2014-04-16,0.0446,0.0371,531.48,448.8,456.4,normal,,,ok,coinmetrics,
2014-04-17,0.0453,0.0375,499.84,453.92,456.46,normal,,,ok,coinmetrics,
2014-04-18,0.0461,0.0381,483.02,456.94,456.13,normal,,,ok,coinmetrics,
2014-04-19,0.0467,0.0386,504.37,463.09,458.4,normal,,,ok,coinmetrics,
2014-04-20,0.0474,0.0391,501.56,476.56,460.71,normal,,,ok,coinmetrics,
2014-04-21,0.0482,0.0396,498.08,484.17,461.67,normal,,,ok,coinmetrics,
2014-04-22,0.0485,0.0401,489.5,490.69,464.19,normal,,,ok,coinmetrics,
2014-04-23,0.049,0.0406,490.63,498.12,466.25,normal,,,ok,coinmetrics,
2014-04-24,0.0495,0.041,503.29,502.34,468.93,normal,,,ok,coinmetrics,
2014-04-25,0.0503,0.0416,466.43,496.82,469.17,normal,,,ok,coinmetrics,
2014-04-26,0.0507,0.0421,459.23,489.59,469.2,normal,,,ok,coinmetrics,
2014-04-27,0.0513,0.0427,438.71,483.48,468.7,normal,,,ok,coinmetrics,
2014-04-28,0.0516,0.043,441.55,479.33,468.14,normal,,,ok,coinmetrics,
2014-04-29,0.0525,0.0435,447.71,473.67,468.38,normal,,,ok,coinmetrics,
2014-04-30,0.0528,0.044,448.88,468.4,472.48,normal,,,ok,coinmetrics,
2014-05-01,0.0537,0.0447,460.19,464.61,474.39,normal,,,ok,coinmetrics,
2014-05-02,0.0542,0.0453,452.24,460.89,475.79,normal,,,ok,coinmetrics,
2014-05-03,0.0544,0.0458,438.98,455.72,476.92,normal,,,ok,coinmetrics,
2014-05-04,0.0548,0.0463,436.68,449.06,475.7,normal,,,ok,coinmetrics,
2014-05-05,0.0548,0.0466,432.34,445.65,471.23,normal,,,ok,coinmetrics,
2014-05-06,0.0559,0.0473,430.13,442.74,466.17,normal,,,ok,coinmetrics,
2014-05-07,0.0565,0.0478,442.18,443.09,463.28,normal,,,ok,coinmetrics,
2014-05-08,0.0573,0.0484,440.4,442.97,461.15,normal,,,ok,coinmetrics,
2014-05-09,0.0579,0.049,452.7,443.47,458.57,normal,,,ok,coinmetrics,
2014-05-10,0.0587,0.0497,456.76,444.26,456.33,normal,,,ok,coinmetrics,
2014-05-11,0.059,0.0501,439.11,442.15,453.38,normal,,,ok,coinmetrics,
2014-05-12,0.0597,0.0507,441.28,441.06,450.97,normal,,,ok,coinmetrics,
2014-05-13,0.0602,0.0514,439.01,441.06,448.39,normal,,,ok,coinmetrics,
2014-05-14,0.0604,0.0519,444.85,441.88,445.47,normal,,,ok,coinmetrics,
2014-05-15,0.0611,0.0526,446.96,443.34,444.49,normal,,,ok,coinmetrics,
2014-05-16,0.0621,0.0534,448.74,445.2,443.97,normal,,,ok,coinmetrics,
2014-05-17,0.0629,0.0541,449.22,445.9,444.5,normal,,,ok,coinmetrics,
2014-05-18,0.0635,0.0548,446.96,446.56,444.77,normal,,,ok,coinmetrics,
2014-05-19,0.0642,0.0554,447.4,446.03,444.75,normal,,,ok,coinmetrics,
2014-05-20,0.0647,0.0561,490.34,449.39,446.82,normal,,,ok,coinmetrics,
2014-05-21,0.0653,0.0567,493.93,454.87,448.51,normal,,,ok,coinmetrics,
2014-05-22,0.066,0.0573,526.81,463.42,452.24,normal,,,ok,coinmetrics,
2014-05-23,0.0666,0.0578,523.7,471.89,456.48,normal,,,ok,coinmetrics,
2014-05-24,0.0673,0.0584,527.69,480.18,461.03,normal,,,ok,coinmetrics,
2014-05-25,0.068,0.0591,573.31,492.81,468.07,normal,,,ok,coinmetrics,
2014-05-26,0.0688,0.0598,584.85,506.42,475.81,normal,,,ok,coinmetrics,
2014-05-27,0.0691,0.0602,573.93,518.89,482.4,normal,,,ok,coinmetrics,
2014-05-28,0.0703,0.061,579.19,532.12,489.34,normal,,,ok,coinmetrics,
2014-05-29,0.0707,0.0616,570.35,544.41,495.22,normal,,,ok,coinmetrics,
2014-05-30,0.0718,0.0623,620.85,557.46,503.42,normal,,,ok,coinmetrics,
2014-05-31,0.072,0.0629,627.89,570.86,512.86,normal,,,ok,coinmetrics,
2014-06-01,0.0729,0.0636,630.07,581.18,522.3,normal,,,ok,coinmetrics,
2014-06-02,0.0744,0.0644,663.51,595.16,533.53,normal,,,ok,coinmetrics,
2014-06-03,0.0755,0.0651,672.39,609.63,544.91,normal,,,ok,coinmetrics,
2014-06-04,0.0769,0.0659,643.89,616.69,554.75,normal,,,ok,coinmetrics,
2014-06-05,0.077,0.0665,661.5,624.36,565.39,normal,,,ok,coinmetrics,
2014-06-06,0.0776,0.0671,650.13,631.98,575.44,normal,,,ok,coinmetrics,
2014-06-07,0.0785,0.0679,656.8,639.74,585.93,normal,,,ok,coinmetrics,
2014-06-08,0.0789,0.0684,657.82,648.49,596.45,normal,,,ok,coinmetrics,
2014-06-09,0.0795,0.0691,648.34,651.23,604.35,normal,,,ok,coinmetrics,
2014-06-10,0.0808,0.0699,650.94,653.54,612.2,normal,,,ok,coinmetrics,
2014-06-11,0.0813,0.0705,631.49,653.68,617.43,normal,,,ok,coinmetrics,
2014-06-12,0.0823,0.0712,591.98,646.53,620.85,normal,,,ok,coinmetrics,
2014-06-13,0.0833,0.0718,597.04,638.99,624.31,normal,,,ok,coinmetrics,
2014-06-14,0.0842,0.0726,575.56,632.16,624.43,normal,,,ok,coinmetrics,
2014-06-15,0.0853,0.0737,589.72,624.98,624.67,normal,,,ok,coinmetrics,
2014-06-16,0.0864,0.0746,590.57,619.03,625.5,normal,,,ok,coinmetrics,
2014-06-17,0.0875,0.0755,609.08,614.25,627,normal,,,ok,coinmetrics,
2014-06-18,0.0885,0.0763,607.63,609.23,628.86,normal,,,ok,coinmetrics,
2014-06-19,0.0896,0.0771,595.75,603.98,627.61,normal,,,ok,coinmetrics,
2014-06-20,0.0912,0.0782,591.53,598.04,625.79,normal,,,ok,coinmetrics,
2014-06-21,0.0928,0.0794,592.76,594.16,623.92,normal,,,ok,coinmetrics,
2014-06-22,0.0944,0.0805,599.63,594.93,620.73,normal,,,ok,coinmetrics,
2014-06-23,0.0958,0.0816,589.55,594.18,616.59,normal,,,ok,coinmetrics,
2014-06-24,0.0973,0.0826,579.97,594.62,613.39,normal,,,ok,coinmetrics,
2014-06-25,0.0987,0.0837,562.24,591.87,608.43,normal,,,ok,coinmetrics,
2014-06-26,0.1001,0.0846,580.75,590.89,604.96,normal,,,ok,coinmetrics,
2014-06-27,0.1016,0.086,600.64,590.05,602.15,normal,,,ok,coinmetrics,
2014-06-28,0.1032,0.087,594.39,588.72,598.98,normal,,,ok,coinmetrics,
2014-06-29,0.1044,0.0881,600.84,589.23,596.6,normal,,,ok,coinmetrics,
2014-06-30,0.1055,0.0888,638.95,593.97,596,normal,,,ok,coinmetrics,
2014-07-01,0.1062,0.0896,642.96,598.99,596.58,normal,,,ok,coinmetrics,
2014-07-02,0.1067,0.0905,651.3,604.16,599.54,normal,,,ok,coinmetrics,
2014-07-03,0.1074,0.0915,646.41,609.84,602.01,normal,,,ok,coinmetrics,
2014-07-04,0.1089,0.0929,630.64,614.91,604.77,normal,,,ok,coinmetrics,
2014-07-05,0.1105,0.0938,630.47,621.73,606.8,normal,,,ok,coinmetrics,
2014-07-06,0.1117,0.0947,634.67,627.13,609.01,normal,,,ok,coinmetrics,
2014-07-07,0.1129,0.0957,622.85,629.35,609.7,normal,,,ok,coinmetrics,
2014-07-08,0.1144,0.0966,624.89,632.4,610.56,normal,,,ok,coinmetrics,
2014-07-09,0.116,0.0978,621.94,634.51,611.87,normal,,,ok,coinmetrics,
2014-07-10,0.1169,0.0988,616.52,632.27,613.12,normal,,,ok,coinmetrics,
2014-07-11,0.1184,0.0999,634.49,631.42,615.21,normal,,,ok,coinmetrics,
2014-07-12,0.1195,0.1009,636.92,629.98,617.07,normal,,,ok,coinmetrics,
2014-07-13,0.1209,0.1021,629.88,628.33,619.09,normal,,,ok,coinmetrics,
2014-07-14,0.1213,0.1028,619.2,627.18,621.05,normal,,,ok,coinmetrics,
2014-07-15,0.1222,0.1037,621.93,626.33,624.03,normal,,,ok,coinmetrics,
2014-07-16,0.1226,0.1045,616.35,624.5,625.81,normal,,,ok,coinmetrics,
2014-07-17,0.124,0.1057,624.26,624.64,626.99,normal,,,ok,coinmetrics,
2014-07-18,0.1255,0.107,630.75,625.22,628.81,normal,,,ok,coinmetrics,
2014-07-19,0.1268,0.1082,629.17,625.95,630.23,normal,,,ok,coinmetrics,
2014-07-20,0.1271,0.1091,625.25,626.82,629.54,normal,,,ok,coinmetrics,
2014-07-21,0.1274,0.1101,621.31,625.5,628.46,normal,,,ok,coinmetrics,
2014-07-22,0.1275,0.1109,619.82,623.79,626.89,normal,,,ok,coinmetrics,
2014-07-23,0.1278,0.1118,619.77,622.78,625.55,normal,,,ok,coinmetrics,
2014-07-24,0.1277,0.1125,602.88,621.15,624.17,normal,,,ok,coinmetrics,
2014-07-25,0.1282,0.1135,601.58,619.11,622.72,normal,,,ok,coinmetrics,
2014-07-26,0.1286,0.1144,594.7,616.95,620.72,normal,,,ok,coinmetrics,
2014-07-27,0.1289,0.1153,591.58,613.68,619.16,normal,,,ok,coinmetrics,
2014-07-28,0.1295,0.1164,587.49,609.36,617.29,normal,,,ok,coinmetrics,
2014-07-29,0.1301,0.1172,584.11,604.85,615.4,normal,,,ok,coinmetrics,
2014-07-30,0.1318,0.1186,562.91,598.62,612.72,normal,,,ok,coinmetrics,
2014-07-31,0.1328,0.1195,581.98,594.68,610.09,normal,,,ok,coinmetrics,
2014-08-01,0.1339,0.1203,596.51,592.35,608.07,normal,,,ok,coinmetrics,
2014-08-02,0.1351,0.1213,589.76,589.35,606.07,normal,,,ok,coinmetrics,
2014-08-03,0.1352,0.1221,586.75,587.74,604.44,normal,,,ok,coinmetrics,
2014-08-04,0.135,0.1227,587.61,586.34,602.73,normal,,,ok,coinmetrics,
2014-08-05,0.1352,0.1235,581.88,585.06,601,normal,,,ok,coinmetrics,
2014-08-06,0.1361,0.1245,582.25,584.13,598.9,normal,,,ok,coinmetrics,
2014-08-07,0.1369,0.1257,586.05,583.98,596.67,normal,,,ok,coinmetrics,
2014-08-08,0.1374,0.1267,589.02,584.47,594.66,normal,,,ok,coinmetrics,
2014-08-09,0.1392,0.1281,588.98,587.08,592.85,normal,,,ok,coinmetrics,
2014-08-10,0.1407,0.1295,589.37,587.82,591.25,normal,,,ok,coinmetrics,
2014-08-11,0.1422,0.1308,573.44,585.51,588.93,normal,,,ok,coinmetrics,
2014-08-12,0.1433,0.1321,568.31,583.37,586.36,normal,,,ok,coinmetrics,
2014-08-13,0.1442,0.1327,548.37,579.53,583.63,normal,,,ok,coinmetrics,
2014-08-14,0.1455,0.1338,505.11,571.28,578.81,normal,,,ok,coinmetrics,
2014-08-15,0.1467,0.1347,500.32,563.12,574.09,normal,,,ok,coinmetrics,
2014-08-16,0.147,0.1355,521.75,557.07,570.6,normal,,,ok,coinmetrics,
2014-08-17,0.1476,0.1365,497.76,548.24,566.11,normal,,,ok,coinmetrics,
2014-08-18,0.149,0.1379,468.96,536.24,560.35,normal,,,ok,coinmetrics,
2014-08-19,0.1508,0.139,486.79,526.02,556.55,normal,,,ok,coinmetrics,
2014-08-20,0.1531,0.1402,515.12,518.59,553.21,normal,,,ok,coinmetrics,
2014-08-21,0.1555,0.1415,519.31,513.18,549.35,normal,,,ok,coinmetrics,
2014-08-22,0.1575,0.1426,516.16,507.97,545.67,normal,,,ok,coinmetrics,
2014-08-23,0.1598,0.1437,497.13,502.84,541.18,normal,,,ok,coinmetrics,
2014-08-24,0.1608,0.1445,508.43,503.17,537.23,normal,,,ok,coinmetrics,
2014-08-25,0.1621,0.1453,501.61,503.3,533.21,normal,,,ok,coinmetrics,
2014-08-26,0.1642,0.1466,511.85,502.31,529.69,normal,,,ok,coinmetrics,
2014-08-27,0.1662,0.1479,510.16,503.55,525.9,normal,,,ok,coinmetrics,
2014-08-28,0.1684,0.1493,506.29,507.28,521.76,normal,,,ok,coinmetrics,
2014-08-29,0.1698,0.1508,508.87,509.49,517.76,normal,,,ok,coinmetrics,
2014-08-30,0.1722,0.1525,501.28,508.11,513.35,normal,,,ok,coinmetrics,
2014-08-31,0.1748,0.1544,478.51,504.03,508.6,normal,,,ok,coinmetrics,
2014-09-01,0.1759,0.1555,474.54,499.87,503.92,normal,,,ok,coinmetrics,
2014-09-02,0.1778,0.1565,474.43,497.6,500.22,normal,,,ok,coinmetrics,
2014-09-03,0.1815,0.1583,473.96,494.15,498.66,normal,,,ok,coinmetrics,
2014-09-04,0.1845,0.1599,489.56,492.94,498.12,normal,,,ok,coinmetrics,
2014-09-05,0.186,0.1611,478.75,489.63,495.97,normal,,,ok,coinmetrics,
2014-09-06,0.1892,0.163,480.64,486.68,495.12,normal,,,ok,coinmetrics,
2014-09-07,0.1911,0.1643,478.37,483.89,495.59,normal,,,ok,coinmetrics,
2014-09-08,0.1917,0.1655,468.98,479.9,494.7,normal,,,ok,coinmetrics,
2014-09-09,0.1925,0.1666,473.51,477.12,492.62,normal,,,ok,coinmetrics,
2014-09-10,0.1937,0.168,477.78,477.05,490.54,normal,,,ok,coinmetrics,
2014-09-11,0.1958,0.1695,477.27,477.32,488.6,normal,,,ok,coinmetrics,
2014-09-12,0.198,0.1711,474,477.28,487.44,normal,,,ok,coinmetrics,
2014-09-13,0.2005,0.173,477.96,477.68,485.92,normal,,,ok,coinmetrics,
2014-09-14,0.2029,0.1748,475.65,476.29,484.62,normal,,,ok,coinmetrics,
2014-09-15,0.2056,0.1763,472.66,475.68,482.66,normal,,,ok,coinmetrics,
2014-09-16,0.2085,0.178,464.18,474.03,480.36,normal,,,ok,coinmetrics,
2014-09-17,0.2112,0.1801,456.34,471.83,477.86,normal,,,ok,coinmetrics,
2014-09-18,0.2137,0.1823,426.88,467.62,473.76,normal,,,ok,coinmetrics,
2014-09-19,0.2155,0.1843,393.89,459.66,468.39,normal,,,ok,coinmetrics,
2014-09-20,0.2177,0.1866,411.04,452.99,465.02,normal,,,ok,coinmetrics,
2014-09-21,0.2196,0.1885,400.4,445.3,461.31,normal,,,ok,coinmetrics,
2014-09-22,0.2215,0.1906,400.88,437.99,457.63,normal,,,ok,coinmetrics,
2014-09-23,0.2231,0.192,438.49,434.04,455.86,normal,,,ok,coinmetrics,
2014-09-24,0.2254,0.1938,423.7,428.85,452.57,normal,,,ok,coinmetrics,
2014-09-25,0.2273,0.1957,409.54,422.53,449.11,normal,,,ok,coinmetrics,
2014-09-26,0.2283,0.1973,405.3,416.65,445.34,normal,,,ok,coinmetrics,
2014-09-27,0.2292,0.1988,400.6,411.07,441.45,normal,,,ok,coinmetrics,
2014-09-28,0.2299,0.1999,375.55,405.94,436.78,normal,,,ok,coinmetrics,
2014-09-29,0.2306,0.2014,373.06,403.86,431.76,normal,,,ok,coinmetrics,
2014-09-30,0.2319,0.2034,389.26,401.68,427.33,normal,,,ok,coinmetrics,
2014-10-01,0.2346,0.2053,382.91,399.93,422.61,normal,,,ok,coinmetrics,
2014-10-02,0.2359,0.2069,372.53,397.09,417.54,normal,,,ok,coinmetrics,
2014-10-03,0.2366,0.2091,357.67,389.01,411.53,normal,,,ok,coinmetrics,
2014-10-04,0.2383,0.2114,328.83,379.52,404.19,normal,,,ok,coinmetrics,
2014-10-05,0.2414,0.2137,322.83,370.85,396.69,normal,,,ok,coinmetrics,
2014-10-06,0.2425,0.2158,326.8,363,389.83,normal,,,ok,coinmetrics,
2014-10-07,0.2431,0.2171,333.57,356.3,383.69,normal,,,ok,coinmetrics,
2014-10-08,0.2449,0.2183,354.41,354.19,380.06,normal,,,ok,coinmetrics,
2014-10-09,0.2467,0.2196,361.72,353.05,378.45,normal,,,ok,coinmetrics,
2014-10-10,0.2486,0.2212,358.89,350.01,375.85,normal,,,ok,coinmetrics,
2014-10-11,0.2492,0.2225,361.91,347.91,373.92,normal,,,ok,coinmetrics,
2014-10-12,0.2508,0.2244,377.87,348.45,372.77,normal,,,ok,coinmetrics,
2014-10-13,0.2514,0.226,391.99,351.88,370.45,normal,,,ok,coinmetrics,
2014-10-14,0.2513,0.2271,400.88,359.09,369.31,normal,,,ok,coinmetrics,
2014-10-15,0.2522,0.2289,394.63,366.27,368.56,normal,,,ok,coinmetrics,
2014-10-16,0.2524,0.2304,382.32,371.82,367.41,normal,,,ok,coinmetrics,
2014-10-17,0.2514,0.2313,382.2,376.68,366.49,normal,,,ok,coinmetrics,
2014-10-18,0.2521,0.2329,391.29,380.37,367.28,normal,,,ok,coinmetrics,
2014-10-19,0.2513,0.2334,388.68,383.07,368.06,normal,,,ok,coinmetrics,
2014-10-20,0.2506,0.2341,381.19,385.3,367.66,normal,,,ok,coinmetrics,
2014-10-21,0.2514,0.2355,385.2,387.63,367.77,normal,,,ok,coinmetrics,
2014-10-22,0.2523,0.2369,380.78,387.92,368.18,normal,,,ok,coinmetrics,
2014-10-23,0.2538,0.2385,357.34,384.45,368.17,normal,,,ok,coinmetrics,
2014-10-24,0.2556,0.2405,357.49,380.11,369.6,normal,,,ok,coinmetrics,
2014-10-25,0.2561,0.2417,345.81,375.23,370.75,normal,,,ok,coinmetrics,
2014-10-26,0.2558,0.2421,353.08,372.31,372.06,normal,,,ok,coinmetrics,
2014-10-27,0.2576,0.2434,350.02,369.09,372.89,normal,,,ok,coinmetrics,
2014-10-28,0.2584,0.2442,354.65,365.43,372.9,normal,,,ok,coinmetrics,
2014-10-29,0.2598,0.2452,333.6,359.92,371.49,normal,,,ok,coinmetrics,
2014-10-30,0.2611,0.2465,344.61,356.26,370.78,normal,,,ok,coinmetrics,
2014-10-31,0.2634,0.249,337.18,351.46,369.54,normal,,,ok,coinmetrics,
2014-11-01,0.265,0.2504,324.37,345.82,366.87,normal,,,ok,coinmetrics,
2014-11-02,0.2658,0.2512,324.25,342.51,363.48,normal,,,ok,coinmetrics,
2014-11-03,0.2671,0.2527,325.36,339.29,359.7,normal,,,ok,coinmetrics,
2014-11-04,0.267,0.2542,329.66,337.68,356.46,normal,,,ok,coinmetrics,
2014-11-05,0.2667,0.2546,338.81,336.25,354.28,normal,,,ok,coinmetrics,
2014-11-06,0.2691,0.2561,349.69,336.22,352.65,normal,,,ok,coinmetrics,
2014-11-07,0.2707,0.2578,342.13,334.97,350.2,normal,,,ok,coinmetrics,
2014-11-08,0.2722,0.2595,345.72,336.18,348.05,normal,,,ok,coinmetrics,
2014-11-09,0.2731,0.2608,363.61,338.08,347.17,normal,,,ok,coinmetrics,
2014-11-10,0.2744,0.2618,365.5,340.91,346.18,normal,,,ok,coinmetrics,
2014-11-11,0.2742,0.2625,367.83,345.26,345.54,normal,,,ok,coinmetrics,
2014-11-12,0.2749,0.2632,422.59,355.09,348.8,normal,,,ok,coinmetrics,
2014-11-13,0.2768,0.264,421.91,364.74,352.02,normal,,,ok,coinmetrics,
2014-11-14,0.2781,0.2652,398.39,371.62,354.65,normal,,,ok,coinmetrics,
2014-11-15,0.2787,0.2655,377.99,375.54,355.89,normal,,,ok,coinmetrics,
2014-11-16,0.2803,0.2659,390.21,379.59,357.9,normal,,,ok,coinmetrics,
2014-11-17,0.2803,0.2662,387.5,384.12,359.55,normal,,,ok,coinmetrics,
2014-11-18,0.2827,0.267,373.86,386.94,361.56,normal,,,ok,coinmetrics,
2014-11-19,0.2841,0.2674,377.61,388.34,363.21,normal,,,ok,coinmetrics,
2014-11-20,0.2845,0.2679,356.18,387.41,364.16,normal,,,ok,coinmetrics,
2014-11-21,0.2837,0.268,350.75,385.7,365.48,normal,,,ok,coinmetrics,
2014-11-22,0.2851,0.2694,352.46,378.69,366.89,normal,,,ok,coinmetrics,
2014-11-23,0.2851,0.2703,367.77,373.27,369.01,normal,,,ok,coinmetrics,
2014-11-24,0.2857,0.2709,376.99,371.13,371.38,normal,,,ok,coinmetrics,
2014-11-25,0.287,0.2714,376.76,371.01,373.27,normal,,,ok,coinmetrics,
2014-11-26,0.2867,0.2722,367.53,368.74,374.16,normal,,,ok,coinmetrics,
2014-11-27,0.2879,0.2731,369.53,366.94,375.53,normal,,,ok,coinmetrics,
2014-11-28,0.2885,0.2741,377.9,367.35,377.14,normal,,,ok,coinmetrics,
2014-11-29,0.2889,0.275,376.08,367.19,377.77,normal,,,ok,coinmetrics,
2014-11-30,0.2884,0.2759,378.69,369.45,378.43,normal,,,ok,coinmetrics,
2014-12-01,0.2876,0.2763,379.11,372.28,378.99,normal,,,ok,coinmetrics,
2014-12-02,0.2883,0.2771,382.95,375.33,377.01,normal,,,ok,coinmetrics,
2014-12-03,0.2859,0.2765,375.92,376.14,374.71,normal,,,ok,coinmetrics,
2014-12-04,0.286,0.2765,368.85,375.33,373.23,normal,,,ok,coinmetrics,
2014-12-05,0.2874,0.277,378.43,375.5,373.25,normal,,,ok,coinmetrics,
2014-12-06,0.2863,0.2777,375.14,376.26,372.5,normal,,,ok,coinmetrics,
2014-12-07,0.2848,0.2778,376.64,376.97,371.96,normal,,,ok,coinmetrics,
2014-12-08,0.2856,0.2789,363.22,375.5,371.42,normal,,,ok,coinmetrics,
2014-12-09,0.2852,0.2791,351.11,373,370.1,normal,,,ok,coinmetrics,
2014-12-10,0.285,0.2797,347.88,369.92,369.68,normal,,,ok,coinmetrics,
2014-12-11,0.2864,0.2803,348.59,366.87,369.58,normal,,,ok,coinmetrics,
2014-12-12,0.2861,0.2805,353.19,363.9,369.61,normal,,,ok,coinmetrics,
2014-12-13,0.2862,0.2815,349.24,361.23,368.69,normal,,,ok,coinmetrics,
2014-12-14,0.2855,0.2818,356.08,359.95,367.64,normal,,,ok,coinmetrics,
2014-12-15,0.2856,0.2822,347.1,356.82,366.16,normal,,,ok,coinmetrics,
2014-12-16,0.2853,0.2828,328.61,352.17,364.21,normal,,,ok,coinmetrics,
2014-12-17,0.2842,0.2822,320.3,346.53,361.75,normal,,,ok,coinmetrics,
2014-12-18,0.2825,0.2826,313.51,341.56,358.53,capitulation,gray,capitulation,ok,coinmetrics,
2014-12-19,0.282,0.2831,318.24,338.27,355.64,capitulation,gray,,ok,coinmetrics,
2014-12-20,0.2816,0.283,330.07,336.49,353.21,capitulation,gray,,ok,coinmetrics,
2014-12-21,0.2817,0.2827,320.99,333.73,350.3,capitulation,green,,ok,coinmetrics,
2014-12-22,0.2822,0.2836,331.84,331.6,347.75,capitulation,green,,ok,coinmetrics,
2014-12-23,0.2825,0.2838,336.08,330.28,345.76,capitulation,green,,ok,coinmetrics,
2014-12-24,0.2827,0.2842,323.03,326.98,343.46,capitulation,green,,ok,coinmetrics,
2014-12-25,0.2842,0.2856,319,324.17,340.49,capitulation,green,,ok,coinmetrics,
2014-12-26,0.285,0.2858,329.21,324.23,338.2,capitulation,green,,ok,coinmetrics,
2014-12-27,0.2855,0.2867,315.97,323.79,335.16,capitulation,green,,ok,coinmetrics,
2014-12-28,0.2867,0.2876,317.01,324.14,332.85,capitulation,green,,ok,coinmetrics,
2014-12-29,0.2869,0.2879,313.07,323.63,330.95,capitulation,green,,ok,coinmetrics,
2014-12-30,0.2864,0.2874,310.44,321.66,329.08,capitulation,gray,,ok,coinmetrics,
2014-12-31,0.288,0.2878,320.66,321.63,327.68,recovered,green,recovery,ok,coinmetrics,
2015-01-01,0.2891,0.2887,314.78,319.92,325.76,recovered,,,ok,coinmetrics,
2015-01-02,0.2925,0.2892,315.94,317.91,324.1,recovered,,,ok,coinmetrics,
2015-01-03,0.2938,0.2899,285.65,314.17,320.57,recovered,,,ok,coinmetrics,
2015-01-04,0.295,0.2912,263.33,308.61,316.39,recovered,,,ok,coinmetrics,
2015-01-05,0.2964,0.2914,275,303.19,313.71,recovered,,,ok,coinmetrics,
2015-01-06,0.2987,0.2918,287.55,300.34,312.07,recovered,,,ok,coinmetrics,
2015-01-07,0.2973,0.2915,297.54,298.4,311.27,recovered,,,ok,coinmetrics,
2015-01-08,0.2978,0.2915,284.34,295.52,309.58,recovered,,,ok,coinmetrics,
2015-01-09,0.2978,0.2914,292.5,293.73,307.7,recovered,,,ok,coinmetrics,
2015-01-10,0.2978,0.2921,276.23,289.29,305.46,recovered,,,ok,coinmetrics,
2015-01-11,0.2989,0.2925,268.76,284.68,302.3,recovered,,,ok,coinmetrics,
2015-01-12,0.299,0.2926,268.62,279.95,298.93,recovered,,,ok,coinmetrics,
2015-01-13,0.2989,0.2922,224.11,273.8,293.99,recovered,,,ok,coinmetrics,
2015-01-14,0.3001,0.2929,175.64,265.03,286.82,recovered,,,ok,coinmetrics,
2015-01-15,0.3016,0.2934,212.34,258.76,280.97,recovered,,,ok,coinmetrics,
2015-01-16,0.3034,0.2938,207.6,250.77,275.55,recovered,,,ok,coinmetrics,
2015-01-17,0.305,0.2937,199.82,241,269.7,recovered,,,ok,coinmetrics,
2015-01-18,0.3072,0.2946,211.13,233.67,264.6,recovered,,,ok,coinmetrics,
2015-01-19,0.3089,0.2952,216.89,226.11,259.92,recovered,,,ok,coinmetrics,
2015-01-20,0.3089,0.2953,211.92,219.68,254.48,recovered,,,ok,coinmetrics,
2015-01-21,0.309,0.2956,227.9,215.6,250.14,recovered,,,ok,coinmetrics,
2015-01-22,0.309,0.2958,233.65,212.1,246.03,recovered,,,ok,coinmetrics,
2015-01-23,0.3081,0.2954,233.13,213,243.4,recovered,,,ok,coinmetrics,
2015-01-24,0.3069,0.2956,249.08,220.35,242.69,recovered,,,ok,coinmetrics,
2015-01-25,0.3061,0.2955,254.52,224.57,241.66,recovered,,,ok,coinmetrics,
2015-01-26,0.3054,0.2955,273.95,231.2,240.98,recovered,,,ok,coinmetrics,
2015-01-27,0.3049,0.2958,264.75,237.69,239.34,recovered,,,ok,coinmetrics,
2015-01-28,0.3054,0.2962,235.74,240.15,236.91,normal,blue,buy,ok,coinmetrics,
2015-01-29,0.3064,0.2964,233.96,241.86,233.99,normal,,,ok,coinmetrics,
2015-01-30,0.3056,0.2968,228.9,243.56,231.62,normal,,,ok,coinmetrics,
2015-01-31,0.3059,0.2975,217.33,242.5,229.05,normal,,,ok,coinmetrics,
2015-02-01,0.3054,0.2989,227.11,241.85,226.97,normal,,,ok,coinmetrics,
2015-02-02,0.3053,0.2995,240.09,242.54,227.77,normal,,,ok,coinmetrics,
2015-02-03,0.3024,0.2987,227.78,240.41,230.38,normal,,,ok,coinmetrics,
2015-02-04,0.3028,0.2996,226.78,237.64,231.1,normal,,,ok,coinmetrics,
2015-02-05,0.303,0.3009,217.01,231.94,231.57,normal,,,ok,coinmetrics,
2015-02-06,0.3057,0.3015,222.72,227.74,232.72,normal,,,ok,coinmetrics,
2015-02-07,0.3067,0.3022,228.65,227.03,233.59,normal,,,ok,coinmetrics,
2015-02-08,0.3063,0.302,224.04,226.04,233.95,normal,,,ok,coinmetrics,
2015-02-09,0.3077,0.3028,220.77,225.23,234.39,normal,,,ok,coinmetrics,
2015-02-10,0.3079,0.3034,220.89,225.58,234.04,normal,,,ok,coinmetrics,
2015-02-11,0.3098,0.3044,219.5,224.82,233.33,normal,,,ok,coinmetrics,
2015-02-12,0.3093,0.3041,222.58,223.07,232.81,normal,,,ok,coinmetrics,
2015-02-13,0.3095,0.3048,236.56,223.95,232.18,normal,,,ok,coinmetrics,
2015-02-14,0.3103,0.306,257.63,227.03,232.34,normal,,,ok,coinmetrics,
2015-02-15,0.3105,0.3069,234.45,228.78,230.36,normal,,,ok,coinmetrics,
2015-02-16,0.312,0.3085,235.09,230.01,228.88,normal,,,ok,coinmetrics,
2015-02-17,0.3118,0.3095,243.91,231.54,229.29,normal,,,ok,coinmetrics,
2015-02-18,0.3136,0.3113,236,232.74,229.39,normal,,,ok,coinmetrics,
2015-02-19,0.3173,0.3131,241.87,234.85,230.04,normal,,,ok,coinmetrics,
2015-02-20,0.3181,0.3135,245.53,237.31,231.45,normal,,,ok,coinmetrics,
2015-02-21,0.3187,0.3139,245.6,239.92,232.37,normal,,,ok,coinmetrics,
2015-02-22,0.3208,0.3144,236.69,241.33,232.2,normal,,,ok,coinmetrics,
2015-02-23,0.3226,0.3148,239.07,241.58,232.77,normal,,,ok,coinmetrics,
2015-02-24,0.3235,0.3148,239.87,239.81,233.42,normal,,,ok,coinmetrics,
2015-02-25,0.3265,0.316,238.24,240.18,234.48,normal,,,ok,coinmetrics,
2015-02-26,0.3275,0.3162,237.04,240.38,235.2,normal,,,ok,coinmetrics,
2015-02-27,0.3281,0.3168,255.12,241.5,236.52,normal,,,ok,coinmetrics,
2015-02-28,0.3278,0.3171,254.95,243.4,238.07,normal,,,ok,coinmetrics,
2015-03-01,0.3292,0.3174,260.65,245.27,240.06,normal,,,ok,coinmetrics,
2015-03-02,0.3301,0.318,276.32,248.35,242.83,normal,,,ok,coinmetrics,
2015-03-03,0.3317,0.3185,282.71,252.07,245.99,normal,,,ok,coinmetrics,
2015-03-04,0.3317,0.3185,273.45,255.74,248.54,normal,,,ok,coinmetrics,
2015-03-05,0.3332,0.3178,276.27,259.46,250.52,normal,,,ok,coinmetrics,
2015-03-06,0.3338,0.3183,273.32,262.81,251.31,normal,,,ok,coinmetrics,
2015-03-07,0.3337,0.3184,276.4,266.62,253.4,normal,,,ok,coinmetrics,
2015-03-08,0.3338,0.3197,275.34,270.45,255.42,normal,,,ok,coinmetrics,
2015-03-09,0.3342,0.3204,290.13,273.95,257.73,normal,,,ok,coinmetrics,
2015-03-10,0.3371,0.3217,292.32,277.69,260.54,normal,,,ok,coinmetrics,
2015-03-11,0.3379,0.3228,296.69,281.29,263.28,normal,,,ok,coinmetrics,
2015-03-12,0.3375,0.3227,295.8,283.24,265.8,normal,,,ok,coinmetrics,
2015-03-13,0.3374,0.3236,285.91,283.56,267.81,normal,,,ok,coinmetrics,
2015-03-14,0.3389,0.3241,283.61,284.58,270.16,normal,,,ok,coinmetrics,
2015-03-15,0.3394,0.3245,287.27,285.68,272.57,normal,,,ok,coinmetrics,
2015-03-16,0.3385,0.3244,291.39,287.49,275.15,normal,,,ok,coinmetrics,
2015-03-17,0.3383,0.3244,285.25,288.37,277.5,normal,,,ok,coinmetrics,
2015-03-18,0.3387,0.3254,257.29,286.57,278.51,normal,,,ok,coinmetrics,
2015-03-19,0.3385,0.3252,262.09,283.76,278.86,normal,,,ok,coinmetrics,
2015-03-20,0.3369,0.3253,262.97,280.83,279.26,normal,,,ok,coinmetrics,
2015-03-21,0.3366,0.3269,261.18,277.28,279.29,normal,,,ok,coinmetrics,
2015-03-22,0.3361,0.3271,268.9,274.59,278.91,normal,,,ok,coinmetrics,
2015-03-23,0.3368,0.3278,266.78,272.67,278.12,normal,,,ok,coinmetrics,
2015-03-24,0.3391,0.3299,246.84,269,276.79,normal,,,ok,coinmetrics,
2015-03-25,0.3406,0.3316,246.72,264.94,275.31,normal,,,ok,coinmetrics,
2015-03-26,0.3421,0.3328,249.53,260.75,274.12,normal,,,ok,coinmetrics,
2015-03-27,0.343,0.3348,247.38,256.97,272.67,normal,,,ok,coinmetrics,
2015-03-28,0.3429,0.3352,253.23,256.56,271.56,normal,,,ok,coinmetrics,
2015-03-29,0.343,0.3355,242.97,254.65,269.21,normal,,,ok,coinmetrics,
2015-03-30,0.343,0.3354,248.34,253.19,267.01,normal,,,ok,coinmetrics,
2015-03-31,0.3438,0.3365,244.71,251.54,264.41,normal,,,ok,coinmetrics,
2015-04-01,0.3418,0.3359,247.19,249.37,261.98,normal,,,ok,coinmetrics,
2015-04-02,0.3424,0.3371,253.63,248.05,260.36,normal,,,ok,coinmetrics,
2015-04-03,0.3429,0.3373,254.83,248.85,258.92,normal,,,ok,coinmetrics,
2015-04-04,0.3445,0.3389,253.95,249.58,257.26,normal,,,ok,coinmetrics,
2015-04-05,0.3451,0.3394,261.11,250.73,255.74,normal,,,ok,coinmetrics,
2015-04-06,0.3446,0.3392,256.37,251.63,254.3,normal,,,ok,coinmetrics,
2015-04-07,0.3449,0.3393,254.83,251.79,254.18,normal,,,ok,coinmetrics,
2015-04-08,0.3439,0.339,245.83,252.08,253.36,normal,,,ok,coinmetrics,
2015-04-09,0.3428,0.34,243.86,251.63,252.41,normal,,,ok,coinmetrics,
2015-04-10,0.3432,0.3405,235.87,250.75,251.14,normal,,,ok,coinmetrics,
2015-04-11,0.3443,0.3409,237.41,249.77,249.57,normal,,,ok,coinmetrics,
2015-04-12,0.3433,0.3404,237.14,248.12,248.09,normal,,,ok,coinmetrics,
2015-04-13,0.3458,0.3424,225.51,245.19,247.02,normal,,,ok,coinmetrics,
2015-04-14,0.3468,0.3431,219.76,241.77,245.67,normal,,,ok,coinmetrics,
2015-04-15,0.3459,0.3422,223.31,237.99,244.36,normal,,,ok,coinmetrics,
2015-04-16,0.3471,0.3427,228.49,235.2,243.42,normal,,,ok,coinmetrics,
2015-04-17,0.3454,0.3421,222.79,232,241.89,normal,,,ok,coinmetrics,
2015-04-18,0.3466,0.3426,223.4,229.75,240.92,normal,,,ok,coinmetrics,
2015-04-19,0.3477,0.3423,223.28,227.7,239.66,normal,,,ok,coinmetrics,
2015-04-20,0.3479,0.3422,224.89,226.6,238.67,normal,,,ok,coinmetrics,
2015-04-21,0.3489,0.3425,234.94,226.35,238.06,normal,,,ok,coinmetrics,
2015-04-22,0.3496,0.3432,233.82,226.02,237.07,normal,,,ok,coinmetrics,
2015-04-23,0.3465,0.3428,235.93,227.06,236.12,normal,,,ok,coinmetrics,
2015-04-24,0.3437,0.3422,231.46,228.23,235,normal,,,ok,coinmetrics,
2015-04-25,0.3451,0.3436,226.45,228.55,233.27,normal,,,ok,coinmetrics,
2015-04-26,0.3433,0.3432,220.5,227.75,231.47,normal,,,ok,coinmetrics,
2015-04-27,0.3426,0.3428,227.33,228.2,230.1,capitulation,gray,capitulation,ok,coinmetrics,
2015-04-28,0.3428,0.3429,225.55,228.42,229.08,capitulation,green,,ok,coinmetrics,
2015-04-29,0.3419,0.3424,225.67,228.65,228.18,capitulation,gray,,ok,coinmetrics,
2015-04-30,0.3408,0.3423,236.33,229.8,228.2,capitulation,gray,,ok,coinmetrics,
2015-05-01,0.3423,0.342,232.75,229.58,227.96,normal,blue,buy,ok,coinmetrics,
2015-05-02,0.341,0.3417,235.54,229.75,227.88,capitulation,gray,capitulation,ok,coinmetrics,
2015-05-03,0.3409,0.3419,240.46,230.2,228.63,capitulation,gray,,ok,coinmetrics,
2015-05-04,0.3391,0.3418,238.98,230.95,229.59,capitulation,gray,,ok,coinmetrics,
2015-05-05,0.3392,0.3422,236.02,231.91,230.23,capitulation,green,,ok,coinmetrics,
2015-05-06,0.3416,0.3431,229.48,232.81,230.28,capitulation,green,,ok,coinmetrics,
2015-05-07,0.3403,0.3426,237.13,233.79,231,capitulation,gray,,ok,coinmetrics,
2015-05-08,0.3419,0.3429,244.38,235.67,232.05,capitulation,green,,ok,coinmetrics,
2015-05-09,0.3412,0.342,242.71,237.38,233.02,capitulation,gray,,ok,coinmetrics,
2015-05-10,0.3389,0.341,240.73,237.82,233.81,capitulation,gray,,ok,coinmetrics,
2015-05-11,0.3399,0.3421,242.25,238.77,234.17,capitulation,green,,ok,coinmetrics,
2015-05-12,0.3413,0.3423,242.21,239.44,234.59,capitulation,green,,ok,coinmetrics,
2015-05-13,0.3413,0.3436,236.55,239.04,234.62,capitulation,green,,ok,coinmetrics,
2015-05-14,0.3412,0.344,236.95,238.84,234.9,capitulation,gray,,ok,coinmetrics,
2015-05-15,0.3428,0.3444,237.48,238.99,235.45,capitulation,green,,ok,coinmetrics,
2015-05-16,0.342,0.3445,235.81,239.62,236.22,capitulation,gray,,ok,coinmetrics,
2015-05-17,0.3453,0.3454,236.96,239.6,236.7,capitulation,green,,ok,coinmetrics,
2015-05-18,0.345,0.3458,232.88,238.45,237.06,capitulation,gray,,ok,coinmetrics,
2015-05-19,0.3438,0.3457,231.97,237.38,237.38,capitulation,gray,,ok,coinmetrics,
2015-05-20,0.3434,0.3456,234.19,236.73,237.27,capitulation,gray,,ok,coinmetrics,
2015-05-21,0.3438,0.3463,235.55,236.06,237.41,capitulation,green,,ok,coinmetrics,
2015-05-22,0.343,0.3463,240.32,235.87,237.65,capitulation,gray,,ok,coinmetrics,
2015-05-23,0.3418,0.3441,238.96,236.11,237.58,capitulation,gray,,ok,coinmetrics,
2015-05-24,0.3438,0.3438,240.71,236.49,237.66,recovered,green,recovery,ok,coinmetrics,
2015-05-25,0.3424,0.3437,237,236.44,237.71,capitulation,gray,capitulation,ok,coinmetrics,
2015-05-26,0.3426,0.343,236.8,236.54,238.08,capitulation,green,,ok,coinmetrics,
2015-05-27,0.343,0.3428,237.2,236.56,238.08,recovered,green,recovery,ok,coinmetrics,
2015-05-28,0.3416,0.3422,236.96,236.97,237.71,capitulation,gray,capitulation,ok,coinmetrics,
2015-05-29,0.344,0.3429,236.65,237.43,237.41,normal,blue,buy,ok,coinmetrics,
2015-05-30,0.3445,0.3426,232.79,237.29,237.01,normal,,,ok,coinmetrics,
2015-05-31,0.3447,0.3435,229.45,236.68,236.37,normal,,,ok,coinmetrics,
2015-06-01,0.3435,0.3423,223.28,234.98,235.42,normal,,,ok,coinmetrics,
2015-06-02,0.3442,0.3425,225.32,233.62,234.86,normal,,,ok,coinmetrics,
2015-06-03,0.3453,0.3422,225.21,232.07,234.28,normal,,,ok,coinmetrics,
2015-06-04,0.3442,0.3417,223.54,230.72,233.58,normal,,,ok,coinmetrics,
2015-06-05,0.3424,0.342,224.73,229.51,233.02,normal,,,ok,coinmetrics,
2015-06-06,0.3453,0.3428,225.16,228.31,232.43,normal,,,ok,coinmetrics,
2015-06-07,0.3452,0.3436,223.41,226.95,231.96,normal,,,ok,coinmetrics,
2015-06-08,0.3474,0.3443,228.77,226.17,231.8,normal,,,ok,coinmetrics,
2015-06-09,0.3492,0.344,229.37,225.83,231.56,normal,,,ok,coinmetrics,
2015-06-10,0.35,0.345,228.59,225.74,231.21,normal,,,ok,coinmetrics,
2015-06-11,0.3488,0.345,229.58,226.37,230.67,normal,,,ok,coinmetrics,
2015-06-12,0.3472,0.3442,229.81,226.82,230.22,normal,,,ok,coinmetrics,
2015-06-13,0.3476,0.3444,233.02,227.6,229.83,normal,,,ok,coinmetrics,
2015-06-14,0.3481,0.3454,232.51,228.5,229.61,normal,,,ok,coinmetrics,
2015-06-15,0.3495,0.3457,236.79,229.7,229.61,normal,,,ok,coinmetrics,
2015-06-16,0.3455,0.3454,251.43,232.33,230.32,normal,,,ok,coinmetrics,
2015-06-17,0.3469,0.3459,247.97,234.78,230.87,normal,,,ok,coinmetrics,
2015-06-18,0.3492,0.3465,249.01,236.81,231.49,normal,,,ok,coinmetrics,
2015-06-19,0.3496,0.3465,244.8,238.35,232.09,normal,,,ok,coinmetrics,
2015-06-20,0.3481,0.346,245.58,240.05,232.9,normal,,,ok,coinmetrics,
2015-06-21,0.3472,0.3451,244.3,241.52,233.95,normal,,,ok,coinmetrics,
2015-06-22,0.3507,0.3462,247.02,243.24,235.03,normal,,,ok,coinmetrics,
2015-06-23,0.3504,0.3471,244.18,244.36,235.98,normal,,,ok,coinmetrics,
2015-06-24,0.3519,0.3471,240.45,245.15,236.83,normal,,,ok,coinmetrics,
2015-06-25,0.3527,0.3477,242.35,245.71,237.71,normal,,,ok,coinmetrics,
2015-06-26,0.3542,0.3486,242.97,244.86,238.6,normal,,,ok,coinmetrics,
2015-06-27,0.3542,0.3479,251.53,245.22,240,normal,,,ok,coinmetrics,
2015-06-28,0.3533,0.3487,249.06,245.22,241.02,normal,,,ok,coinmetrics,
2015-06-29,0.3538,0.3491,256.65,246.41,242.38,normal,,,ok,coinmetrics,
2015-06-30,0.3537,0.3492,263.85,248.24,244.14,normal,,,ok,coinmetrics,
2015-07-01,0.3544,0.3489,258.04,249.61,245.57,normal,,,ok,coinmetrics,
2015-07-02,0.3552,0.3497,254.75,250.38,246.81,normal,,,ok,coinmetrics,
2015-07-03,0.3571,0.3512,256.09,251.57,247.97,normal,,,ok,coinmetrics,
2015-07-04,0.3585,0.3514,260.51,253.58,249.37,normal,,,ok,coinmetrics,
2015-07-05,0.3592,0.3508,271.3,256.47,251.09,normal,,,ok,coinmetrics,
2015-07-06,0.36,0.3527,269.14,259.09,251.98,normal,,,ok,coinmetrics,
2015-07-07,0.3592,0.3522,266.47,260.59,252.9,normal,,,ok,coinmetrics,
2015-07-08,0.36,0.3537,270.58,262.74,253.98,normal,,,ok,coinmetrics,
2015-07-09,0.359,0.3541,269.68,264.04,255.22,normal,,,ok,coinmetrics,
2015-07-10,0.3583,0.3541,285.56,266.21,257.22,normal,,,ok,coinmetrics,
2015-07-11,0.3598,0.3543,293.92,269.8,259.7,normal,,,ok,coinmetrics,
2015-07-12,0.36,0.3536,311.48,275.47,262.93,normal,,,ok,coinmetrics,
2015-07-13,0.36,0.3538,292.65,279.13,265.35,normal,,,ok,coinmetrics,
2015-07-14,0.3601,0.3541,287.74,281.85,267.72,normal,,,ok,coinmetrics,
2015-07-15,0.3612,0.3554,285.92,283.31,269.89,normal,,,ok,coinmetrics,
2015-07-16,0.3629,0.3542,278.53,284.25,271.67,normal,,,ok,coinmetrics,
2015-07-17,0.3623,0.3546,280.06,285.61,273.1,normal,,,ok,coinmetrics,
2015-07-18,0.3621,0.3556,277.35,286.29,274.51,normal,,,ok,coinmetrics,
2015-07-19,0.3628,0.3562,275.28,286.85,275.45,normal,,,ok,coinmetrics,
2015-07-20,0.365,0.3565,279.11,286.21,276.21,normal,,,ok,coinmetrics,
2015-07-21,0.3655,0.3563,276.65,284.48,277.14,normal,,,ok,coinmetrics,
2015-07-22,0.366,0.3583,277.76,281.11,278.29,normal,,,ok,coinmetrics,
2015-07-23,0.3663,0.3584,276.81,279.52,279.33,normal,,,ok,coinmetrics,
2015-07-24,0.3677,0.3598,289.31,279.68,280.77,normal,,,ok,coinmetrics,
2015-07-25,0.3684,0.3606,289.51,280.04,281.68,normal,,,ok,coinmetrics,
2015-07-26,0.3682,0.3612,293.31,281.52,282.89,normal,,,ok,coinmetrics,
2015-07-27,0.3705,0.3623,294.43,282.95,284.28,normal,,,ok,coinmetrics,
2015-07-28,0.3707,0.362,295.41,284.76,285.52,normal,,,ok,coinmetrics,
2015-07-29,0.3724,0.3631,289.86,286.22,286.53,normal,,,ok,coinmetrics,
2015-07-30,0.3722,0.3629,288.24,287.13,286.67,normal,,,ok,coinmetrics,
2015-07-31,0.3742,0.3643,284.6,287.92,286.2,normal,,,ok,coinmetrics,
2015-08-01,0.375,0.3651,281.67,288.31,284.71,normal,,,ok,coinmetrics,
2015-08-02,0.3749,0.366,282.42,288.87,284.2,normal,,,ok,coinmetrics,
2015-08-03,0.3761,0.3673,282.19,288.16,283.92,normal,,,ok,coinmetrics,
2015-08-04,0.3762,0.3677,285.29,287.74,283.89,normal,,,ok,coinmetrics,
2015-08-05,0.3729,0.3665,282.34,286.64,284.08,normal,,,ok,coinmetrics,
2015-08-06,0.3743,0.3668,279,285.1,284.03,normal,,,ok,coinmetrics,
2015-08-07,0.373,0.3665,279.49,283.51,284.13,normal,,,ok,coinmetrics,
2015-08-08,0.3762,0.3676,261.45,280.67,283.44,normal,,,ok,coinmetrics,
2015-08-09,0.3759,0.3671,266.34,278.48,282.8,normal,,,ok,coinmetrics,
2015-08-10,0.3783,0.3691,264.93,276.51,282.22,normal,,,ok,coinmetrics,
2015-08-11,0.3811,0.3705,271.42,275.49,281.9,normal,,,ok,coinmetrics,
2015-08-12,0.3795,0.3698,268.14,274.06,281.47,normal,,,ok,coinmetrics,
2015-08-13,0.3802,0.3702,264.69,272.31,280.24,normal,,,ok,coinmetrics,
2015-08-14,0.3796,0.3704,266.36,270.42,279.08,normal,,,ok,coinmetrics,
2015-08-15,0.3803,0.3716,261.94,268.38,277.51,normal,,,ok,coinmetrics,
2015-08-16,0.3799,0.3711,258.93,266.37,275.73,normal,,,ok,coinmetrics,
2015-08-17,0.3801,0.3711,258.01,264.22,273.86,normal,,,ok,coinmetrics,
2015-08-18,0.3795,0.3712,217.89,259.86,270.27,normal,,,ok,coinmetrics,
2015-08-19,0.38,0.3725,227.22,255.95,267.21,normal,,,ok,coinmetrics,
2015-08-20,0.3823,0.3739,235.52,253.01,264.76,normal,,,ok,coinmetrics,
2015-08-21,0.3837,0.3748,232.8,249.15,262.32,normal,,,ok,coinmetrics,
2015-08-22,0.386,0.3762,230.64,245.4,259.73,normal,,,ok,coinmetrics,
2015-08-23,0.3838,0.3758,228.67,241.8,257.05,normal,,,ok,coinmetrics,
2015-08-24,0.3845,0.3765,211.96,236.36,253.39,normal,,,ok,coinmetrics,
2015-08-25,0.3842,0.3762,222.66,232.43,250.4,normal,,,ok,coinmetrics,
2015-08-26,0.3858,0.3781,226.12,229.15,247.76,normal,,,ok,coinmetrics,
2015-08-27,0.3863,0.3785,224.94,225.84,245.03,normal,,,ok,coinmetrics,
2015-08-28,0.3871,0.3797,232.17,227.27,243.57,normal,,,ok,coinmetrics,
2015-08-29,0.3899,0.381,229.83,227.53,241.74,normal,,,ok,coinmetrics,
2015-08-30,0.3903,0.3822,229.02,226.88,239.95,normal,,,ok,coinmetrics,
2015-08-31,0.3909,0.383,230.69,226.67,237.91,normal,,,ok,coinmetrics,
2015-09-01,0.3917,0.3833,227.96,226.4,235.9,normal,,,ok,coinmetrics,
2015-09-02,0.3925,0.3843,229.5,226.48,234.14,normal,,,ok,coinmetrics,
2015-09-03,0.3938,0.385,227.11,228,232.18,normal,,,ok,coinmetrics,
2015-09-04,0.3968,0.3849,231.18,228.85,230.64,normal,,,ok,coinmetrics,
2015-09-05,0.3983,0.3863,235.9,229.83,229.49,normal,,,ok,coinmetrics,
2015-09-06,0.4,0.3865,240.81,231.42,228.63,normal,,,ok,coinmetrics,
2015-09-07,0.4003,0.3882,240.63,232.26,229.77,normal,,,ok,coinmetrics,
2015-09-08,0.4008,0.3884,244.17,233.7,230.61,normal,,,ok,coinmetrics,
2015-09-09,0.4003,0.3893,238.72,234.67,230.77,normal,,,ok,coinmetrics,
2015-09-10,0.4023,0.3917,238.75,235.47,231.07,normal,,,ok,coinmetrics,
2015-09-11,0.4062,0.3928,240.85,236.76,231.58,normal,,,ok,coinmetrics,
2015-09-12,0.4061,0.3931,236.35,237.45,231.97,normal,,,ok,coinmetrics,
2015-09-13,0.4079,0.3938,230.55,237.79,232.89,normal,,,ok,coinmetrics,
2015-09-14,0.4103,0.3953,230.95,237.77,233.31,normal,,,ok,coinmetrics,
2015-09-15,0.4133,0.3966,230.4,237.22,233.52,normal,,,ok,coinmetrics,
2015-09-16,0.4139,0.397,229.04,236.04,233.73,normal,,,ok,coinmetrics,
2015-09-17,0.4153,0.3974,233.2,235.3,233.78,normal,,,ok,coinmetrics,
2015-09-18,0.4161,0.398,233.18,234.2,233.95,normal,,,ok,coinmetrics,
2015-09-19,0.4153,0.3988,232.24,233.55,234.11,normal,,,ok,coinmetrics,
2015-09-20,0.4135,0.3986,231.36,232.81,234.14,normal,,,ok,coinmetrics,
2015-09-21,0.4123,0.3992,226.77,231.4,234.08,normal,,,ok,coinmetrics,
2015-09-22,0.4157,0.3997,230.63,230.83,234.14,normal,,,ok,coinmetrics,
2015-09-23,0.4173,0.4009,230.13,230.79,234.29,normal,,,ok,coinmetrics,
2015-09-24,0.4189,0.4015,234.32,231.13,234.45,normal,,,ok,coinmetrics,
2015-09-25,0.4205,0.4032,235.54,231.64,234.43,normal,,,ok,coinmetrics,
2015-09-26,0.4227,0.4045,234.59,232.2,234.12,normal,,,ok,coinmetrics,
2015-09-27,0.4234,0.4052,233.24,232.2,233.75,normal,,,ok,coinmetrics,
2015-09-28,0.4231,0.4065,240.02,232.88,233.54,normal,,,ok,coinmetrics,
2015-09-29,0.4267,0.4085,237.34,233.39,233.47,normal,,,ok,coinmetrics,
2015-09-30,0.4271,0.409,236.74,233.93,233.37,normal,,,ok,coinmetrics,
2015-10-01,0.4281,0.4099,238.23,235.08,233.24,normal,,,ok,coinmetrics,
2015-10-02,0.4276,0.4101,237.94,235.81,233.32,normal,,,ok,coinmetrics,
2015-10-03,0.4291,0.4115,239.74,236.77,233.78,normal,,,ok,coinmetrics,
2015-10-04,0.43,0.4134,239.52,237.29,234.21,normal,,,ok,coinmetrics,
2015-10-05,0.4316,0.4149,240.96,237.83,234.74,normal,,,ok,coinmetrics,
2015-10-06,0.4323,0.4162,246.94,239.07,235.63,normal,,,ok,coinmetrics,
2015-10-07,0.4314,0.4159,243.73,240.11,236.16,normal,,,ok,coinmetrics,
2015-10-08,0.4326,0.4167,243.03,240.42,236.65,normal,,,ok,coinmetrics,
2015-10-09,0.4313,0.4158,244.45,241.13,237.26,normal,,,ok,coinmetrics,
2015-10-10,0.4313,0.4168,245.96,242.05,237.99,normal,,,ok,coinmetrics,
2015-10-11,0.4311,0.4186,248.53,243.08,239.08,normal,,,ok,coinmetrics,
2015-10-12,0.4326,0.4193,246.09,243.89,239.85,normal,,,ok,coinmetrics,
2015-10-13,0.4322,0.42,250.47,244.97,240.87,normal,,,ok,coinmetrics,
2015-10-14,0.4331,0.4217,253.14,246.33,241.81,normal,,,ok,coinmetrics,
2015-10-15,0.4348,0.4241,254.69,247.7,242.77,normal,,,ok,coinmetrics,
2015-10-16,0.4359,0.4249,262.74,249.28,244.17,normal,,,ok,coinmetrics,
2015-10-17,0.4359,0.4256,271.93,252.1,246.11,normal,,,ok,coinmetrics,
2015-10-18,0.4361,0.4261,263.48,254.15,247.28,normal,,,ok,coinmetrics,
2015-10-19,0.4405,0.4279,264.36,256.14,248.63,normal,,,ok,coinmetrics,
2015-10-20,0.4408,0.4271,270.83,258.63,250.34,normal,,,ok,coinmetrics,
2015-10-21,0.4423,0.4273,268.04,260.58,251.83,normal,,,ok,coinmetrics,
2015-10-22,0.4418,0.4287,275.41,263.51,253.7,normal,,,ok,coinmetrics,
2015-10-23,0.4413,0.4293,278.61,266.32,255.65,normal,,,ok,coinmetrics,
2015-10-24,0.4422,0.4305,283.61,269.37,257.85,normal,,,ok,coinmetrics,
2015-10-25,0.4417,0.4311,286.05,272.51,260.11,normal,,,ok,coinmetrics,
2015-10-26,0.4438,0.4332,286.7,274.9,262.09,normal,,,ok,coinmetrics,
2015-10-27,0.444,0.4337,295.56,277.27,264.69,normal,,,ok,coinmetrics,
2015-10-28,0.4439,0.4335,304.44,281.36,267.76,normal,,,ok,coinmetrics,
2015-10-29,0.4424,0.4345,314.88,286.41,271.28,normal,,,ok,coinmetrics,
2015-10-30,0.4455,0.4363,328.49,292.18,275.4,normal,,,ok,coinmetrics,
2015-10-31,0.4458,0.437,314.12,296.79,278.68,normal,,,ok,coinmetrics,
2015-11-01,0.4477,0.4376,329.85,302.23,282.87,normal,,,ok,coinmetrics,
2015-11-02,0.4488,0.439,364.62,310.83,288.58,normal,,,ok,coinmetrics,
2015-11-03,0.4494,0.4397,400.92,322.56,295.97,normal,,,ok,coinmetrics,
2015-11-04,0.45,0.4408,405.48,334.51,303.51,normal,,,ok,coinmetrics,
2015-11-05,0.4507,0.4415,384.34,344.27,309.59,normal,,,ok,coinmetrics,
2015-11-06,0.4523,0.4418,372.98,352.01,314.64,normal,,,ok,coinmetrics,
2015-11-07,0.4539,0.4433,386.5,360.22,320.79,normal,,,ok,coinmetrics,
2015-11-08,0.4555,0.4434,372.4,365.97,326.19,normal,,,ok,coinmetrics,
2015-11-09,0.4548,0.443,380.5,371.17,331.68,normal,,,ok,coinmetrics,
2015-11-10,0.4551,0.4431,337.83,373.54,335.17,normal,,,ok,coinmetrics,
2015-11-11,0.4587,0.4457,308.92,371.45,336.84,normal,,,ok,coinmetrics,
2015-11-12,0.4625,0.4473,337.52,368.74,339.79,normal,,,ok,coinmetrics,
2015-11-13,0.4646,0.4489,337.28,362.38,342.47,normal,,,ok,coinmetrics,
2015-11-14,0.4634,0.4491,333.05,355.13,344.82,normal,,,ok,coinmetrics,
2015-11-15,0.4663,0.4511,319.93,348.69,346.48,normal,,,ok,coinmetrics,
2015-11-16,0.4714,0.4537,331.13,344.51,348.26,normal,,,ok,coinmetrics,
2015-11-17,0.4731,0.4546,335.85,339.44,349.83,normal,,,ok,coinmetrics,
2015-11-18,0.4731,0.4568,335.74,335.78,350.87,normal,,,ok,coinmetrics,
2015-11-19,0.475,0.4579,326.23,330.35,350.76,normal,,,ok,coinmetrics,
2015-11-20,0.4787,0.4605,321.94,328.76,351.15,normal,,,ok,coinmetrics,
2015-11-21,0.4828,0.4623,325.91,330.46,350.95,normal,,,ok,coinmetrics,
2015-11-22,0.4865,0.4639,323.72,329.08,348.91,normal,,,ok,coinmetrics,
2015-11-23,0.4897,0.4659,323.01,327.65,345.01,normal,,,ok,coinmetrics,
2015-11-24,0.4927,0.4672,319.96,326.34,340.74,normal,,,ok,coinmetrics,
2015-11-25,0.494,0.4689,328.96,327.25,337.97,normal,,,ok,coinmetrics,
2015-11-26,0.5004,0.4722,356.26,329.76,337.13,normal,,,ok,coinmetrics,
2015-11-27,0.5024,0.4732,359.27,332.1,335.77,normal,,,ok,coinmetrics,
2015-11-28,0.5054,0.4739,356.57,334.18,334.98,normal,,,ok,coinmetrics,
2015-11-29,0.5057,0.4756,371.71,338.73,334.54,normal,,,ok,coinmetrics,
2015-11-30,0.5101,0.478,377.39,344.27,336.52,normal,,,ok,coinmetrics,
2015-12-01,0.5144,0.4811,362.53,347.94,339.2,normal,,,ok,coinmetrics,
2015-12-02,0.5181,0.4835,359.22,351.49,340.28,normal,,,ok,coinmetrics,
2015-12-03,0.5192,0.4843,361.21,355.31,341.48,normal,,,ok,coinmetrics,
2015-12-04,0.5216,0.4858,363.24,359.64,342.99,normal,,,ok,coinmetrics,
2015-12-05,0.5277,0.4892,389.36,365.68,346.46,normal,,,ok,coinmetrics,
2015-12-06,0.532,0.4921,393.32,369.38,349.57,normal,,,ok,coinmetrics,
2015-12-07,0.5355,0.4947,395.35,372.99,352.54,normal,,,ok,coinmetrics,
2015-12-08,0.5441,0.4998,413.8,378.71,356.45,normal,,,ok,coinmetrics,
2015-12-09,0.5508,0.5028,417.63,383.31,361.02,normal,,,ok,coinmetrics,
2015-12-10,0.564,0.5096,415.73,387.14,365.71,normal,,,ok,coinmetrics,
2015-12-11,0.5671,0.5129,453.86,396.27,372.1,normal,,,ok,coinmetrics,
2015-12-12,0.5708,0.5166,435.86,403.94,377.71,normal,,,ok,coinmetrics,
2015-12-13,0.5719,0.5183,434.4,411.26,383.28,normal,,,ok,coinmetrics,
2015-12-14,0.582,0.5227,442.99,419.23,389.43,normal,,,ok,coinmetrics,
2015-12-15,0.5885,0.5274,464.62,426.76,396.22,normal,,,ok,coinmetrics,
2015-12-16,0.591,0.5312,454.14,432.84,401.11,normal,,,ok,coinmetrics,
2015-12-17,0.5951,0.5341,456.24,438.93,405.96,normal,,,ok,coinmetrics,
2015-12-18,0.6012,0.5372,463.18,443.87,411.29,normal,,,ok,coinmetrics,
2015-12-19,0.6107,0.5429,461.4,448.24,415.77,normal,,,ok,coinmetrics,
2015-12-20,0.618,0.5484,442.15,450.88,419.01,normal,,,ok,coinmetrics,
2015-12-21,0.6221,0.5524,437.64,449.26,422.77,normal,,,ok,coinmetrics,
2015-12-22,0.6265,0.5565,435.27,449.2,426.57,normal,,,ok,coinmetrics,
2015-12-23,0.6331,0.5614,442.67,450.03,430.64,normal,,,ok,coinmetrics,
2015-12-24,0.6358,0.5642,455.88,451.32,435.27,normal,,,ok,coinmetrics,
2015-12-25,0.643,0.5685,455.72,450.43,438.59,normal,,,ok,coinmetrics,
2015-12-26,0.6483,0.5743,418.22,446.84,439.84,normal,,,ok,coinmetrics,
2015-12-27,0.664,0.5832,422.71,443.48,441.21,normal,,,ok,coinmetrics,
2015-12-28,0.6688,0.5871,421.05,439.27,441.57,normal,,,ok,coinmetrics,
2015-12-29,0.6755,0.5906,431.34,436.26,442.25,normal,,,ok,coinmetrics,
2015-12-30,0.6815,0.5958,426.04,434.65,442.77,normal,,,ok,coinmetrics,
2015-12-31,0.6848,0.5996,429.68,433.86,441.56,normal,,,ok,coinmetrics,
2016-01-01,0.6886,0.6034,434.68,433.8,441.5,normal,,,ok,coinmetrics,
2016-01-02,0.6965,0.6078,434.44,432.98,441.5,normal,,,ok,coinmetrics,
2016-01-03,0.703,0.6123,430.14,430.4,440.86,normal,,,ok,coinmetrics,
2016-01-04,0.7131,0.6204,433.45,428.17,439.3,normal,,,ok,coinmetrics,
2016-01-05,0.7209,0.6264,432.67,429.62,438.23,normal,,,ok,coinmetrics,
2016-01-06,0.7259,0.6307,430.68,430.42,436.95,normal,,,ok,coinmetrics,
2016-01-07,0.7282,0.6362,459.21,434.23,436.75,normal,,,ok,coinmetrics,
2016-01-08,0.736,0.6434,454.13,436.51,436.39,normal,,,ok,coinmetrics,
2016-01-09,0.7337,0.6489,449.85,438.89,436.77,normal,,,ok,coinmetrics,
2016-01-10,0.7428,0.655,448.58,440.78,437.32,normal,,,ok,coinmetrics,
2016-01-11,0.7508,0.6608,449.03,442.22,438.01,normal,,,ok,coinmetrics,
2016-01-12,0.7615,0.6667,441.77,442.95,437.96,normal,,,ok,coinmetrics,
2016-01-13,0.7631,0.6725,432.31,443.17,436.78,normal,,,ok,coinmetrics,
2016-01-14,0.764,0.6763,429.82,442.81,435.49,normal,,,ok,coinmetrics,
2016-01-15,0.7656,0.6783,367.82,436.32,432.97,normal,,,ok,coinmetrics,
2016-01-16,0.772,0.6835,388.07,432.06,431.24,normal,,,ok,coinmetrics,
2016-01-17,0.7775,0.6894,382.48,424.39,429.31,normal,,,ok,coinmetrics,
2016-01-18,0.7857,0.6982,384.87,417.46,426.99,normal,,,ok,coinmetrics,
2016-01-19,0.7851,0.7016,378.16,410.29,424.59,normal,,,ok,coinmetrics,
2016-01-20,0.7906,0.7063,420.62,407.5,424.14,normal,,,ok,coinmetrics,
2016-01-21,0.7931,0.7098,409.3,403.52,422.87,normal,,,ok,coinmetrics,
2016-01-22,0.8018,0.7175,381.05,397.45,420.2,normal,,,ok,coinmetrics,
2016-01-23,0.8141,0.7249,386.37,392.86,418.01,normal,,,ok,coinmetrics,
2016-01-24,0.8211,0.7321,403.45,390.22,416.51,normal,,,ok,coinmetrics,
2016-01-25,0.8251,0.7367,391.99,392.64,414.48,normal,,,ok,coinmetrics,
2016-01-26,0.8243,0.7441,391.14,392.94,412.5,normal,,,ok,coinmetrics,
2016-01-27,0.8317,0.7503,394.63,394.16,409.27,normal,,,ok,coinmetrics,
2016-01-28,0.8361,0.7558,378.9,393.56,405.51,normal,,,ok,coinmetrics,
2016-01-29,0.8442,0.7629,379,393.64,401.97,normal,,,ok,coinmetrics,
2016-01-30,0.858,0.7714,377.26,389.31,398.4,normal,,,ok,coinmetrics,
2016-01-31,0.8707,0.7797,366.34,385.01,394.27,normal,,,ok,coinmetrics,
2016-02-01,0.8778,0.7872,371.22,384.03,390.74,normal,,,ok,coinmetrics,
2016-02-02,0.8886,0.7958,372.93,382.69,387.77,normal,,,ok,coinmetrics,
2016-02-03,0.8931,0.8031,368.1,379.15,384.69,normal,,,ok,coinmetrics,
2016-02-04,0.8995,0.8102,389.72,378.92,385.78,normal,,,ok,coinmetrics,
2016-02-05,0.9126,0.8192,384.4,378.25,385.6,normal,,,ok,coinmetrics,
2016-02-06,0.9271,0.8277,374.63,376.25,385.2,normal,,,ok,coinmetrics,
2016-02-07,0.9385,0.8372,375.15,375.88,384.72,normal,,,ok,coinmetrics,
2016-02-08,0.9478,0.8407,370.81,375.06,384.35,normal,,,ok,coinmetrics,
2016-02-09,0.9597,0.8513,373.51,374.68,382,normal,,,ok,coinmetrics,
2016-02-10,0.9696,0.8602,379.08,375.96,380.48,normal,,,ok,coinmetrics,
2016-02-11,0.9862,0.8738,377.64,376.6,380.31,normal,,,ok,coinmetrics,
2016-02-12,0.9999,0.8815,382.29,377.53,380.11,normal,,,ok,coinmetrics,
2016-02-13,1.0122,0.8881,389.6,379.68,379.42,normal,,,ok,coinmetrics,
2016-02-14,1.0289,0.8973,406.15,381.33,380.13,normal,,,ok,coinmetrics,
2016-02-15,1.0385,0.9052,399.27,382.81,380.53,normal,,,ok,coinmetrics,
2016-02-16,1.0431,0.9103,407.04,386.05,381.15,normal,,,ok,coinmetrics,
2016-02-17,1.0476,0.9167,415.32,390.07,382.97,normal,,,ok,coinmetrics,
2016-02-18,1.063,0.9241,421.29,395.12,385.09,normal,,,ok,coinmetrics,
2016-02-19,1.0713,0.931,419.63,399.73,387.21,normal,,,ok,coinmetrics,
2016-02-20,1.0863,0.9397,440.2,405.84,390.9,normal,,,ok,coinmetrics,
2016-02-21,1.0879,0.9449,438.72,411.95,394.27,normal,,,ok,coinmetrics,
2016-02-22,1.0887,0.9514,437.54,417.47,397.5,normal,,,ok,coinmetrics,
2016-02-23,1.0934,0.9573,420.03,420.52,400.1,normal,,,ok,coinmetrics,
2016-02-24,1.0949,0.96,424,422.3,401.81,normal,,,ok,coinmetrics,
2016-02-25,1.106,0.9651,424.09,424.78,403.8,normal,,,ok,coinmetrics,
2016-02-26,1.1131,0.9724,431.76,427.26,406.66,normal,,,ok,coinmetrics,
2016-02-27,1.1239,0.98,432.95,429.02,409.55,normal,,,ok,coinmetrics,
2016-02-28,1.1265,0.9854,433.1,430.2,412.66,normal,,,ok,coinmetrics,
2016-02-29,1.1254,0.9917,437.78,432.02,415.87,normal,,,ok,coinmetrics,
2016-03-01,1.1276,0.9992,432.81,431.28,418.56,normal,,,ok,coinmetrics,
2016-03-02,1.1381,1.0079,423.08,429.71,420.83,normal,,,ok,coinmetrics,
2016-03-03,1.1389,1.0138,419.27,427.89,422.68,normal,,,ok,coinmetrics,
2016-03-04,1.1452,1.0191,407.99,426.68,423.6,normal,,,ok,coinmetrics,
2016-03-05,1.1511,1.0253,397.31,424.01,423.16,normal,,,ok,coinmetrics,
2016-03-06,1.1526,1.0326,403.71,421.98,423.38,normal,,,ok,coinmetrics,
2016-03-07,1.1477,1.0374,413.23,420.12,423.69,normal,,,ok,coinmetrics,
2016-03-08,1.147,1.0427,411.43,417.97,423.49,normal,,,ok,coinmetrics,
2016-03-09,1.1558,1.0518,412.54,415.91,423.06,normal,,,ok,coinmetrics,
2016-03-10,1.1544,1.0571,416.34,413.77,422.89,normal,,,ok,coinmetrics,
2016-03-11,1.1573,1.0634,419.51,412.44,421.86,normal,,,ok,coinmetrics,
2016-03-12,1.1492,1.0677,410.26,411.16,420.44,normal,,,ok,coinmetrics,
2016-03-13,1.1433,1.0716,411.81,410.41,419.15,normal,,,ok,coinmetrics,
2016-03-14,1.1459,1.0791,415.03,411.12,418.9,normal,,,ok,coinmetrics,
2016-03-15,1.1486,1.0887,415.27,412.91,418.46,normal,,,ok,coinmetrics,
2016-03-16,1.1522,1.0954,417.02,414.24,418.11,normal,,,ok,coinmetrics,
2016-03-17,1.1562,1.0997,418.61,414.78,417.45,normal,,,ok,coinmetrics,
2016-03-18,1.1559,1.1018,408.9,414.53,416.25,normal,,,ok,coinmetrics,
2016-03-19,1.1528,1.1079,409.12,414.19,415.05,normal,,,ok,coinmetrics,
2016-03-20,1.156,1.1137,412.06,413.76,413.76,normal,,,ok,coinmetrics,
2016-03-21,1.1534,1.1198,411.6,412.97,412.7,normal,,,ok,coinmetrics,
2016-03-22,1.1594,1.1236,416.58,413.6,412.38,normal,,,ok,coinmetrics,
2016-03-23,1.1658,1.1272,417.38,414.16,412.28,normal,,,ok,coinmetrics,
2016-03-24,1.1693,1.1313,413.56,414.01,412.56,normal,,,ok,coinmetrics,
2016-03-25,1.1773,1.1361,416.37,414.12,413.52,normal,,,ok,coinmetrics,
2016-03-26,1.1773,1.1416,416.82,414.1,414.17,normal,,,ok,coinmetrics,
2016-03-27,1.1781,1.1456,425.45,414.79,414.78,normal,,,ok,coinmetrics,
2016-03-28,1.1848,1.1544,422.92,416.19,415.36,normal,,,ok,coinmetrics,
2016-03-29,1.1916,1.1591,415.86,416.86,415.52,normal,,,ok,coinmetrics,
2016-03-30,1.1959,1.1606,412.78,416.93,415.35,normal,,,ok,coinmetrics,
2016-03-31,1.1917,1.1596,415.96,417.37,415.17,normal,,,ok,coinmetrics,
2016-04-01,1.1914,1.1647,417.2,417.43,415.52,normal,,,ok,coinmetrics,
2016-04-02,1.1932,1.1661,419.76,417.67,415.91,normal,,,ok,coinmetrics,
2016-04-03,1.1906,1.1679,420.07,418.32,416.17,normal,,,ok,coinmetrics,
2016-04-04,1.1971,1.1741,419.54,418.64,416.38,normal,,,ok,coinmetrics,
2016-04-05,1.2011,1.1768,422.5,419.21,416.65,normal,,,ok,coinmetrics,
2016-04-06,1.2096,1.1787,421.91,418.85,416.82,normal,,,ok,coinmetrics,
2016-04-07,1.2076,1.1773,421.47,418.71,417.45,normal,,,ok,coinmetrics,
2016-04-08,1.2033,1.1795,418.64,418.98,417.92,normal,,,ok,coinmetrics,
2016-04-09,1.2074,1.1809,418.76,419.58,418.26,normal,,,ok,coinmetrics,
2016-04-10,1.2132,1.1852,421.95,420.18,418.77,normal,,,ok,coinmetrics,
2016-04-11,1.2177,1.1835,423.27,420.79,419.11,normal,,,ok,coinmetrics,
2016-04-12,1.2237,1.1835,427.43,421.55,419.61,normal,,,ok,coinmetrics,
2016-04-13,1.2292,1.1876,424.87,422.03,420.18,normal,,,ok,coinmetrics,
2016-04-14,1.2344,1.1915,425.86,422.67,420.65,normal,,,ok,coinmetrics,
2016-04-15,1.2357,1.1939,430.72,423.49,421.35,normal,,,ok,coinmetrics,
2016-04-16,1.2395,1.1979,432.22,424.52,421.68,normal,,,ok,coinmetrics,
2016-04-17,1.2497,1.2028,429.34,425.31,422.01,normal,,,ok,coinmetrics,
2016-04-18,1.252,1.2024,429.66,426.41,422.7,normal,,,ok,coinmetrics,
2016-04-19,1.2564,1.2062,437.57,428.29,423.94,normal,,,ok,coinmetrics,
2016-04-20,1.2671,1.2103,442.66,430.36,425.27,normal,,,ok,coinmetrics,
2016-04-21,1.2713,1.2153,452.16,433.25,427.02,normal,,,ok,coinmetrics,
2016-04-22,1.2727,1.2193,448.13,435.32,428.44,normal,,,ok,coinmetrics,
2016-04-23,1.2751,1.2222,453.91,438.22,430.13,normal,,,ok,coinmetrics,
2016-04-24,1.2741,1.2257,463.38,441.98,432.32,normal,,,ok,coinmetrics,
2016-04-25,1.2698,1.2235,465.32,445.44,434.46,normal,,,ok,coinmetrics,
2016-04-26,1.2758,1.2269,469.61,449.17,436.85,normal,,,ok,coinmetrics,
2016-04-27,1.2674,1.2261,445.74,450.81,438.06,normal,,,ok,coinmetrics,
2016-04-28,1.2643,1.2279,451.06,452.96,439.68,normal,,,ok,coinmetrics,
2016-04-29,1.2707,1.2333,457.01,454.9,441.59,normal,,,ok,coinmetrics,
2016-04-30,1.28,1.2358,449.9,455.62,442.99,normal,,,ok,coinmetrics,
2016-05-01,1.2836,1.2375,455.01,455.91,444.58,normal,,,ok,coinmetrics,
2016-05-02,1.2917,1.2425,444.93,455.59,445.45,normal,,,ok,coinmetrics,
2016-05-03,1.2971,1.2439,451.63,455.36,446.79,normal,,,ok,coinmetrics,
2016-05-04,1.3007,1.2489,448.37,453.86,447.92,normal,,,ok,coinmetrics,
2016-05-05,1.3037,1.2524,449.34,452.26,448.85,normal,,,ok,coinmetrics,
2016-05-06,1.3082,1.2589,461.69,451.47,450.32,normal,,,ok,coinmetrics,
2016-05-07,1.3142,1.2609,461.36,453.03,451.92,normal,,,ok,coinmetrics,
2016-05-08,1.3241,1.2637,461.38,454.06,453.51,normal,,,ok,coinmetrics,
2016-05-09,1.33,1.2687,463.46,454.71,454.8,normal,,,ok,coinmetrics,
2016-05-10,1.3289,1.2711,451.08,454.83,455.22,normal,,,ok,coinmetrics,
2016-05-11,1.3287,1.2732,453.9,454.71,455.31,normal,,,ok,coinmetrics,
2016-05-12,1.3326,1.2782,455.61,455.78,455.68,normal,,,ok,coinmetrics,
2016-05-13,1.3361,1.2827,457.24,456.34,455.85,normal,,,ok,coinmetrics,
2016-05-14,1.335,1.2847,458.12,457.32,455.59,normal,,,ok,coinmetrics,
2016-05-15,1.3386,1.2871,460.86,458.47,455.36,normal,,,ok,coinmetrics,
2016-05-16,1.3431,1.2913,455.22,457.82,454.65,normal,,,ok,coinmetrics,
2016-05-17,1.3417,1.2957,453.55,457.04,455.04,normal,,,ok,coinmetrics,
2016-05-18,1.3513,1.3017,454.49,456.35,455.21,normal,,,ok,coinmetrics,
2016-05-19,1.3455,1.3009,437.72,453.78,454.24,normal,,,ok,coinmetrics,
2016-05-20,1.3446,1.3059,442.4,452.91,453.87,normal,,,ok,coinmetrics,
2016-05-21,1.3453,1.3083,444.08,451.93,453.32,normal,,,ok,coinmetrics,
2016-05-22,1.3622,1.3175,440.56,450.42,453.1,normal,,,ok,coinmetrics,
2016-05-23,1.3775,1.3263,444.21,449.12,452.73,normal,,,ok,coinmetrics,
2016-05-24,1.3859,1.33,445.67,447.88,452.6,normal,,,ok,coinmetrics,
2016-05-25,1.3938,1.3318,450.55,446.84,452.66,normal,,,ok,coinmetrics,
2016-05-26,1.3937,1.3348,454.43,446.77,452.29,normal,,,ok,coinmetrics,
2016-05-27,1.4014,1.3344,471.82,448.59,452.82,normal,,,ok,coinmetrics,
2016-05-28,1.4054,1.3348,530.91,456.24,456.29,normal,,,ok,coinmetrics,
2016-05-29,1.4072,1.339,527.55,465.22,459.5,normal,,,ok,coinmetrics,
2016-05-30,1.4115,1.3457,533.49,474.33,463.62,normal,,,ok,coinmetrics,
2016-05-31,1.4076,1.3456,530.94,483.01,467.47,normal,,,ok,coinmetrics,
2016-06-01,1.4083,1.35,537.61,492.72,471.57,normal,,,ok,coinmetrics,
2016-06-02,1.4092,1.3531,538.77,502.18,475.65,normal,,,ok,coinmetrics,
2016-06-03,1.4066,1.3536,570.18,514.63,481.25,normal,,,ok,coinmetrics,
2016-06-04,1.4001,1.3519,574.27,527,486.92,normal,,,ok,coinmetrics,
2016-06-05,1.4082,1.3582,575.14,539.07,492.92,normal,,,ok,coinmetrics,
2016-06-06,1.42,1.3671,585.86,550.47,499.53,normal,,,ok,coinmetrics,
2016-06-07,1.4165,1.3703,578.47,555.23,505.73,normal,,,ok,coinmetrics,
2016-06-08,1.4127,1.3713,583.1,560.78,513,normal,,,ok,coinmetrics,
2016-06-09,1.4195,1.3742,577.1,565.14,519.74,normal,,,ok,coinmetrics,
2016-06-10,1.4242,1.3765,579.81,570.03,526.52,normal,,,ok,coinmetrics,
2016-06-11,1.4301,1.3813,605.45,576.81,534.77,normal,,,ok,coinmetrics,
2016-06-12,1.4286,1.3824,670.39,589.98,546.08,normal,,,ok,coinmetrics,
2016-06-13,1.4346,1.3848,704.32,603.39,559.01,normal,,,ok,coinmetrics,
2016-06-14,1.4327,1.3856,684.95,614.46,570.73,normal,,,ok,coinmetrics,
2016-06-15,1.4367,1.3899,695,626.45,582.76,normal,,,ok,coinmetrics,
2016-06-16,1.4398,1.3907,767.42,644.6,597.54,normal,,,ok,coinmetrics,
2016-06-17,1.4389,1.3951,750.01,661.76,608.49,normal,,,ok,coinmetrics,
2016-06-18,1.4516,1.3985,758.29,679.28,620.03,normal,,,ok,coinmetrics,
2016-06-19,1.4612,1.4029,766.77,698.24,631.69,normal,,,ok,coinmetrics,
2016-06-20,1.4691,1.4072,722.5,712.51,641.27,normal,,,ok,coinmetrics,
2016-06-21,1.4609,1.4115,669.6,718.93,647.87,normal,,,ok,coinmetrics,
2016-06-22,1.4477,1.4126,594.83,711.37,650.67,normal,,,ok,coinmetrics,
2016-06-23,1.4488,1.4173,627.68,703.71,653.55,normal,,,ok,coinmetrics,
2016-06-24,1.448,1.4209,664.13,701.62,658.04,normal,,,ok,coinmetrics,
2016-06-25,1.4596,1.4267,668.87,699.01,662.73,normal,,,ok,coinmetrics,
2016-06-26,1.4644,1.4329,630.43,685.31,664.96,normal,,,ok,coinmetrics,
2016-06-27,1.4715,1.4384,652.24,675.53,668.65,normal,,,ok,coinmetrics,
2016-06-28,1.4743,1.4407,647.22,664.43,671.85,normal,,,ok,coinmetrics,
2016-06-29,1.4774,1.4445,638.59,651.61,674.93,normal,,,ok,coinmetrics,
2016-06-30,1.4876,1.4476,674.28,646.79,679.65,normal,,,ok,coinmetrics,
2016-07-01,1.4941,1.4512,677.51,647.58,683.25,normal,,,ok,coinmetrics,
2016-07-02,1.5003,1.4547,702.74,658.37,684.87,normal,,,ok,coinmetrics,
2016-07-03,1.5068,1.4567,662.55,661.86,682.78,normal,,,ok,coinmetrics,
2016-07-04,1.52,1.46,679.84,663.43,682.53,normal,,,ok,coinmetrics,
2016-07-05,1.5151,1.4617,668.17,663.36,681.18,normal,,,ok,coinmetrics,
2016-07-06,1.5085,1.4642,677.65,668.08,676.7,normal,,,ok,coinmetrics,
2016-07-07,1.5107,1.4636,640.05,666.86,671.2,normal,,,ok,coinmetrics,
2016-07-08,1.5151,1.4639,665.05,668.64,666.54,normal,,,ok,coinmetrics,
2016-07-09,1.5142,1.4669,651.94,669.98,660.79,normal,,,ok,coinmetrics,
2016-07-10,1.5226,1.4734,649.96,667.55,657.17,normal,,,ok,coinmetrics,
2016-07-11,1.5224,1.4763,650.27,664.82,656.2,normal,,,ok,coinmetrics,
2016-07-12,1.5256,1.4771,670.02,661.55,659.96,normal,,,ok,coinmetrics,
2016-07-13,1.5189,1.4767,658.33,661.13,661.49,normal,,,ok,coinmetrics,
2016-07-14,1.5259,1.4793,660.91,659.24,661.33,normal,,,ok,coinmetrics,
2016-07-15,1.5242,1.4805,666.76,659.1,661.23,normal,,,ok,coinmetrics,
2016-07-16,1.5313,1.4855,665.28,657.86,662.97,normal,,,ok,coinmetrics,
2016-07-17,1.5356,1.4873,681.09,661.96,664.41,normal,,,ok,coinmetrics,
2016-07-18,1.5366,1.4941,675.12,662.97,665.81,normal,,,ok,coinmetrics,
2016-07-19,1.5244,1.4928,674.66,665.24,667.61,normal,,,ok,coinmetrics,
2016-07-20,1.5242,1.4966,667.31,666.97,667.26,normal,,,ok,coinmetrics,
2016-07-21,1.5202,1.4905,666.85,668.63,666.73,normal,,,ok,coinmetrics,
2016-07-22,1.521,1.4844,650.56,666.69,664.12,normal,,,ok,coinmetrics,
2016-07-23,1.5188,1.4838,657.38,666.59,663.86,normal,,,ok,coinmetrics,
2016-07-24,1.5179,1.483,661.39,666.64,662.94,normal,,,ok,coinmetrics,
2016-07-25,1.508,1.4838,655.12,665.48,662.29,normal,,,ok,coinmetrics,
2016-07-26,1.503,1.4837,654.63,664.41,661.13,normal,,,ok,coinmetrics,
2016-07-27,1.4972,1.4844,656.28,661.93,661.95,normal,,,ok,coinmetrics,
2016-07-28,1.494,1.4842,656.2,660.04,661.5,normal,,,ok,coinmetrics,
2016-07-29,1.4953,1.4864,657.56,658.33,661.78,normal,,,ok,coinmetrics,
2016-07-30,1.4854,1.4865,655.36,657.13,662.05,capitulation,gray,capitulation,ok,coinmetrics,
2016-07-31,1.486,1.4901,624.8,652.93,660.78,capitulation,green,,ok,coinmetrics,
2016-08-01,1.4884,1.4944,606.51,648.52,657.6,capitulation,green,,ok,coinmetrics,
2016-08-02,1.4887,1.4978,526.98,635.48,651.04,capitulation,green,,ok,coinmetrics,
2016-08-03,1.4918,1.5059,570.35,626.38,646.51,capitulation,green,,ok,coinmetrics,
2016-08-04,1.4917,1.5034,583.54,619.22,642.35,capitulation,gray,,ok,coinmetrics,
2016-08-05,1.4987,1.5036,581.28,611.89,638.15,capitulation,green,,ok,coinmetrics,
2016-08-06,1.5058,1.5082,590.8,605.34,633.63,capitulation,green,,ok,coinmetrics,
2016-08-07,1.504,1.5096,594.73,599.19,629.61,capitulation,gray,,ok,coinmetrics,
2016-08-08,1.5009,1.5075,591.63,592.6,625.46,capitulation,gray,,ok,coinmetrics,
2016-08-09,1.4872,1.5049,587.93,585.86,621.49,capitulation,gray,,ok,coinmetrics,
2016-08-10,1.4871,1.5048,589.97,582.37,617.65,capitulation,gray,,ok,coinmetrics,
2016-08-11,1.4868,1.5062,589.59,580.68,614.6,capitulation,gray,,ok,coinmetrics,
2016-08-12,1.491,1.5049,587.19,586.7,611.09,capitulation,green,,ok,coinmetrics,
2016-08-13,1.4957,1.5108,585.36,588.2,607.29,capitulation,green,,ok,coinmetrics,
2016-08-14,1.5025,1.5133,571.39,586.99,603.1,capitulation,green,,ok,coinmetrics,
2016-08-15,1.4963,1.5138,566.56,585.52,598.7,capitulation,gray,,ok,coinmetrics,
2016-08-16,1.4922,1.5139,578.41,584.28,594.81,capitulation,gray,,ok,coinmetrics,
2016-08-17,1.4842,1.5104,573.66,582.17,590.68,capitulation,gray,,ok,coinmetrics,
2016-08-18,1.4944,1.5094,573.26,580.33,586.47,capitulation,green,,ok,coinmetrics,
2016-08-19,1.4968,1.5105,573.96,578.94,582.4,capitulation,green,,ok,coinmetrics,
2016-08-20,1.5056,1.5129,581.8,578.12,580.25,capitulation,green,,ok,coinmetrics,
2016-08-21,1.5187,1.5199,580.79,577.24,578.96,capitulation,green,,ok,coinmetrics,
2016-08-22,1.5292,1.524,584.97,577.02,581.86,recovered,green,recovery,ok,coinmetrics,
2016-08-23,1.5383,1.5281,582.63,576.74,582.47,recovered,,,ok,coinmetrics,
2016-08-24,1.5467,1.5274,578.7,577.48,582.23,recovered,,,ok,coinmetrics,
2016-08-25,1.5479,1.5254,576.03,578.42,581.97,recovered,,,ok,coinmetrics,
2016-08-26,1.5502,1.5237,578.87,578.47,581.37,recovered,,,ok,coinmetrics,
2016-08-27,1.5539,1.524,570.2,578.12,580.15,recovered,,,ok,coinmetrics,
2016-08-28,1.5567,1.526,575.11,578.31,579.32,recovered,,,ok,coinmetrics,
2016-08-29,1.5685,1.5269,573.43,578.25,578.59,recovered,,,ok,coinmetrics,
2016-08-30,1.574,1.53,575.7,577.64,577.88,recovered,,,ok,coinmetrics,
2016-08-31,1.5689,1.5287,572.27,576.79,577.02,recovered,,,ok,coinmetrics,
2016-09-01,1.5664,1.5276,572.22,575.52,576.27,recovered,,,ok,coinmetrics,
2016-09-02,1.5669,1.5293,576.85,574.94,575.84,recovered,,,ok,coinmetrics,
2016-09-03,1.5618,1.5267,600.37,577.11,577.29,recovered,,,ok,coinmetrics,
2016-09-04,1.5707,1.5347,610.54,580.56,579.49,normal,blue,buy,ok,coinmetrics,
2016-09-05,1.5664,1.5361,607.53,583.42,580.94,normal,,,ok,coinmetrics,
2016-09-06,1.5666,1.5353,613,587.7,582.91,normal,,,ok,coinmetrics,
2016-09-07,1.5727,1.5368,615.66,591.76,585.03,normal,,,ok,coinmetrics,
2016-09-08,1.5839,1.5356,630.55,597.47,587.86,normal,,,ok,coinmetrics,
2016-09-09,1.5853,1.5362,622.98,602.2,589.92,normal,,,ok,coinmetrics,
2016-09-10,1.5919,1.5393,624.75,607.44,592.12,normal,,,ok,coinmetrics,
2016-09-11,1.602,1.5465,608.25,611.05,593.28,normal,,,ok,coinmetrics,
2016-09-12,1.6082,1.5519,607.71,614.13,594.54,normal,,,ok,coinmetrics,
2016-09-13,1.6154,1.5589,608.69,614.97,596.04,normal,,,ok,coinmetrics,
2016-09-14,1.6244,1.5604,609.41,614.85,597.7,normal,,,ok,coinmetrics,
2016-09-15,1.6334,1.5628,607.07,614.81,599.11,normal,,,ok,coinmetrics,
2016-09-16,1.6411,1.5627,607.81,614.29,600.99,normal,,,ok,coinmetrics,
2016-09-17,1.6466,1.5705,607.38,613.46,602.61,normal,,,ok,coinmetrics,
2016-09-18,1.6454,1.5711,611.53,611.56,604.51,normal,,,ok,coinmetrics,
2016-09-19,1.6394,1.5725,608.87,610.15,606.17,normal,,,ok,coinmetrics,
2016-09-20,1.6372,1.5779,608.37,608.51,607.98,normal,,,ok,coinmetrics,
2016-09-21,1.6424,1.5858,596.95,607.38,609.21,normal,,,ok,coinmetrics,
2016-09-22,1.6422,1.5902,595.56,606.17,610.15,normal,,,ok,coinmetrics,
2016-09-23,1.6383,1.5925,602.38,605.53,610.25,normal,,,ok,coinmetrics,
2016-09-24,1.6536,1.6008,602.69,604.86,609.86,normal,,,ok,coinmetrics,
2016-09-25,1.6782,1.6142,600.61,604.22,609.51,normal,,,ok,coinmetrics,
2016-09-26,1.6875,1.6207,606.78,604.11,609.2,normal,,,ok,coinmetrics,
2016-09-27,1.6995,1.6281,605.15,603.89,608.67,normal,,,ok,coinmetrics,
2016-09-28,1.7047,1.6366,604.69,603.2,607.38,normal,,,ok,coinmetrics,
2016-09-29,1.7018,1.6379,605.2,602.84,606.49,normal,,,ok,coinmetrics,
2016-09-30,1.7096,1.6393,608.87,602.89,605.7,normal,,,ok,coinmetrics,
2016-10-01,1.7211,1.6438,615.41,604.73,606.06,normal,,,ok,coinmetrics,
2016-10-02,1.7215,1.6442,611.75,606.35,606.26,normal,,,ok,coinmetrics,
2016-10-03,1.7358,1.6488,612.59,607.37,606.45,normal,,,ok,coinmetrics,
2016-10-04,1.7335,1.6521,610.01,608.11,606.48,normal,,,ok,coinmetrics,
2016-10-05,1.749,1.6577,612.15,609.26,606.74,normal,,,ok,coinmetrics,
2016-10-06,1.7636,1.6651,611.76,609.76,606.93,normal,,,ok,coinmetrics,
2016-10-07,1.7652,1.6689,617.91,611.03,607.46,normal,,,ok,coinmetrics,
2016-10-08,1.7828,1.6833,619.3,612.49,607.85,normal,,,ok,coinmetrics,
2016-10-09,1.7994,1.6924,617.1,613.68,608.26,normal,,,ok,coinmetrics,
2016-10-10,1.7958,1.6938,618.09,614.61,608.75,normal,,,ok,coinmetrics,
2016-10-11,1.7954,1.6987,642.98,617.36,611.05,normal,,,ok,coinmetrics,
2016-10-12,1.7963,1.7023,636.6,619.85,613.1,normal,,,ok,coinmetrics,
2016-10-13,1.7894,1.7024,635.44,622.13,614.75,normal,,,ok,coinmetrics,
2016-10-14,1.7893,1.7069,639.59,625.09,616.6,normal,,,ok,coinmetrics,
2016-10-15,1.7925,1.713,637.28,627.6,618.43,normal,,,ok,coinmetrics,
2016-10-16,1.7962,1.7187,642.91,630.72,620.24,normal,,,ok,coinmetrics,
2016-10-17,1.7887,1.7177,639.14,632.84,621.94,normal,,,ok,coinmetrics,
2016-10-18,1.8009,1.7232,635.58,634.47,623.48,normal,,,ok,coinmetrics,
2016-10-19,1.8047,1.722,629.64,635.72,624.7,normal,,,ok,coinmetrics,
2016-10-20,1.8056,1.7214,628.6,636.78,625.69,normal,,,ok,coinmetrics,
2016-10-21,1.8137,1.728,630.91,635.57,626.47,normal,,,ok,coinmetrics,
2016-10-22,1.8245,1.7333,654.51,637.36,628.6,normal,,,ok,coinmetrics,
2016-10-23,1.8341,1.7362,651.96,639.01,630.57,normal,,,ok,coinmetrics,
2016-10-24,1.8321,1.7428,650.03,640.06,632.57,normal,,,ok,coinmetrics,
2016-10-25,1.8184,1.7483,655.79,641.91,634.76,normal,,,ok,coinmetrics,
2016-10-26,1.8152,1.7513,675.11,645.13,637.92,normal,,,ok,coinmetrics,
2016-10-27,1.8166,1.758,686.52,649.86,641.35,normal,,,ok,coinmetrics,
2016-10-28,1.8213,1.763,690.39,655.35,644.91,normal,,,ok,coinmetrics,
2016-10-29,1.8267,1.7643,715.45,663.93,649.83,normal,,,ok,coinmetrics,
2016-10-30,1.8406,1.7751,699.33,671,653.89,normal,,,ok,coinmetrics,
2016-10-31,1.8396,1.7804,698.9,677.8,656.68,normal,,,ok,coinmetrics,
2016-11-01,1.8438,1.7826,730.58,685.41,661.38,normal,,,ok,coinmetrics,
2016-11-02,1.8393,1.7875,740.37,694.25,666.63,normal,,,ok,coinmetrics,
2016-11-03,1.8413,1.7874,689.94,698.24,669.15,normal,,,ok,coinmetrics,
2016-11-04,1.8233,1.7861,705.43,703.2,672.55,normal,,,ok,coinmetrics,
2016-11-05,1.8208,1.7922,706.82,706.37,675.75,normal,,,ok,coinmetrics,
2016-11-06,1.8282,1.7967,715.9,709.31,679.59,normal,,,ok,coinmetrics,
2016-11-07,1.8195,1.8011,706.18,710.89,683.12,normal,,,ok,coinmetrics,
2016-11-08,1.8222,1.8108,711.84,710.53,687.23,normal,,,ok,coinmetrics,
2016-11-09,1.8311,1.8135,721.5,712.74,691.87,normal,,,ok,coinmetrics,
2016-11-10,1.8425,1.8189,713.41,714.2,696,normal,,,ok,coinmetrics,
2016-11-11,1.8496,1.823,715.7,712.71,699.06,normal,,,ok,coinmetrics,
2016-11-12,1.8656,1.8275,703.85,709.06,701.65,normal,,,ok,coinmetrics,
2016-11-13,1.8673,1.8283,703.63,710.43,704.33,normal,,,ok,coinmetrics,
2016-11-14,1.879,1.8358,705.64,710.45,706.82,normal,,,ok,coinmetrics,
2016-11-15,1.8891,1.8427,712.35,711,708.69,normal,,,ok,coinmetrics,
2016-11-16,1.9077,1.8482,742.05,713.61,711.46,normal,,,ok,coinmetrics,
2016-11-17,1.9084,1.8546,735.32,716.53,713.71,normal,,,ok,coinmetrics,
2016-11-18,1.9219,1.8633,749.58,720.3,715.42,normal,,,ok,coinmetrics,
2016-11-19,1.9308,1.8682,751.21,723.27,718.01,normal,,,ok,coinmetrics,
2016-11-20,1.9203,1.867,730.35,724.97,719.58,normal,,,ok,coinmetrics,
2016-11-21,1.9217,1.8731,736.51,727.05,719.88,normal,,,ok,coinmetrics,
2016-11-22,1.9237,1.8789,748,731.46,720.26,normal,,,ok,coinmetrics,
2016-11-23,1.9323,1.8822,741.24,735.22,722.82,normal,,,ok,coinmetrics,
2016-11-24,1.9495,1.884,737.35,738.4,724.42,normal,,,ok,coinmetrics,
2016-11-25,1.9625,1.8889,739.69,741.13,726.06,normal,,,ok,coinmetrics,
2016-11-26,1.9659,1.8912,734.65,740.39,727,normal,,,ok,coinmetrics,
2016-11-27,1.9692,1.8953,727.74,739.63,728.08,normal,,,ok,coinmetrics,
2016-11-28,1.9832,1.905,730.08,737.68,728.99,normal,,,ok,coinmetrics,
2016-11-29,1.9822,1.9114,731.65,735.73,729.5,normal,,,ok,coinmetrics,
2016-11-30,1.9867,1.9131,742.2,736.91,730.94,normal,,,ok,coinmetrics,
2016-12-01,1.9944,1.9191,753.67,738.63,732.84,normal,,,ok,coinmetrics,
2016-12-02,2.0063,1.9228,772.3,741.06,736.26,normal,,,ok,coinmetrics,
2016-12-03,2.0229,1.9321,766.11,743.55,739.39,normal,,,ok,coinmetrics,
2016-12-04,2.0445,1.9339,766.38,746.45,742.42,normal,,,ok,coinmetrics,
2016-12-05,2.0548,1.9378,752.67,747.75,744.44,normal,,,ok,coinmetrics,
2016-12-06,2.0616,1.9449,759.12,750.19,745.29,normal,,,ok,coinmetrics,
2016-12-07,2.0826,1.9511,764.99,753.92,746.77,normal,,,ok,coinmetrics,
2016-12-08,2.0859,1.9541,767.66,757.68,747.68,normal,,,ok,coinmetrics,
2016-12-09,2.0881,1.9596,771.9,761.7,748.71,normal,,,ok,coinmetrics,
2016-12-10,2.0799,1.9612,775.47,765.03,750.97,normal,,,ok,coinmetrics,
2016-12-11,2.1,1.9748,770.5,766.71,752.67,normal,,,ok,coinmetrics,
2016-12-12,2.1032,1.9844,778.51,767.33,754.19,normal,,,ok,coinmetrics,
2016-12-13,2.1279,1.9976,778.93,768.61,756.08,normal,,,ok,coinmetrics,
2016-12-14,2.1214,2.0002,776.96,769.67,758.06,normal,,,ok,coinmetrics,
2016-12-15,2.1207,2.0049,776.18,772.02,759.88,normal,,,ok,coinmetrics,
2016-12-16,2.1169,2.0123,782.23,774.33,762.26,normal,,,ok,coinmetrics,
2016-12-17,2.1238,2.0161,789.6,776.79,765.36,normal,,,ok,coinmetrics,
2016-12-18,2.1292,2.0256,790.63,779.09,768.38,normal,,,ok,coinmetrics,
2016-12-19,2.1405,2.0357,790.28,780.93,771.32,normal,,,ok,coinmetrics,
2016-12-20,2.1517,2.036,799.78,783.36,774.19,normal,,,ok,coinmetrics,
2016-12-21,2.1685,2.0451,828.48,789.16,777.93,normal,,,ok,coinmetrics,
2016-12-22,2.1876,2.0557,858.5,797.16,782.24,normal,,,ok,coinmetrics,
2016-12-23,2.1971,2.0647,915.56,810.82,789.72,normal,,,ok,coinmetrics,
2016-12-24,2.1918,2.0707,891.16,822.24,795.96,normal,,,ok,coinmetrics,
2016-12-25,2.2057,2.0841,896,834.22,803.12,normal,,,ok,coinmetrics,
2016-12-26,2.2072,2.0865,903.2,846.32,810.33,normal,,,ok,coinmetrics,
2016-12-27,2.2201,2.0947,925.95,859.95,818.37,normal,,,ok,coinmetrics,
2016-12-28,2.2284,2.1058,979.96,878.89,828.99,normal,,,ok,coinmetrics,
2016-12-29,2.2378,2.11,973.46,897.21,839.07,normal,,,ok,coinmetrics,
2016-12-30,2.2542,2.1204,961.18,913.35,848.35,normal,,,ok,coinmetrics,
2016-12-31,2.2639,2.1291,968.97,927.4,858.28,normal,,,ok,coinmetrics,
2017-01-01,2.2782,2.1422,997.26,941.27,869.21,normal,,,ok,coinmetrics,
2017-01-02,2.2801,2.1515,1017.08,951.42,881.12,normal,,,ok,coinmetrics,
2017-01-03,2.2961,2.1703,1032.61,965.57,893.9,normal,,,ok,coinmetrics,
2017-01-04,2.3045,2.1796,1134.5,989.42,911.82,normal,,,ok,coinmetrics,
2017-01-05,2.3069,2.1842,1000.5,999.15,922.73,normal,,,ok,coinmetrics,
2017-01-06,2.3089,2.1958,892.46,995.8,927.88,normal,,,ok,coinmetrics,
2017-01-07,2.307,2.1965,903.45,988.15,933.52,normal,,,ok,coinmetrics,
2017-01-08,2.3307,2.2094,912.48,982.05,939.63,normal,,,ok,coinmetrics,
2017-01-09,2.3396,2.2098,903.51,976.28,944.81,normal,,,ok,coinmetrics,
2017-01-10,2.3356,2.2178,906.5,970.03,948.71,normal,,,ok,coinmetrics,
2017-01-11,2.3469,2.2251,788.31,949.14,945.21,normal,,,ok,coinmetrics,
2017-01-12,2.3583,2.2431,807.11,928.14,939.78,normal,,,ok,coinmetrics,
2017-01-13,2.376,2.2487,826.75,907.56,936.56,normal,,,ok,coinmetrics,
2017-01-14,2.407,2.2638,820.05,876.11,932.76,normal,,,ok,coinmetrics,
2017-01-15,2.4319,2.2744,824.55,858.52,928.83,normal,,,ok,coinmetrics,
2017-01-16,2.4522,2.288,830.84,852.35,924.08,normal,,,ok,coinmetrics,
2017-01-17,2.4679,2.2986,906.03,852.61,920.38,normal,,,ok,coinmetrics,
2017-01-18,2.4741,2.3073,881.26,849.49,915.77,normal,,,ok,coinmetrics,
2017-01-19,2.5003,2.326,902.26,849.37,912.82,normal,,,ok,coinmetrics,
2017-01-20,2.5241,2.3463,895.17,848.23,909.13,normal,,,ok,coinmetrics,
2017-01-21,2.5434,2.3655,924.47,861.85,905.49,normal,,,ok,coinmetrics,
2017-01-22,2.5636,2.3804,922.47,873.38,900.76,normal,,,ok,coinmetrics,
2017-01-23,2.5831,2.3875,919.12,882.62,895.09,normal,,,ok,coinmetrics,
2017-01-24,2.5953,2.4005,887.74,889.39,882.75,normal,,,ok,coinmetrics,
2017-01-25,2.6193,2.4133,895.69,896.5,877.51,normal,,,ok,coinmetrics,
2017-01-26,2.6401,2.4301,916.67,905.09,878.72,normal,,,ok,coinmetrics,
2017-01-27,2.6659,2.4472,920.45,906.53,879.57,normal,,,ok,coinmetrics,
2017-01-28,2.6859,2.4619,922.77,910.68,880.09,normal,,,ok,coinmetrics,
2017-01-29,2.712,2.4831,915.63,912.02,880.69,normal,,,ok,coinmetrics,
2017-01-30,2.7279,2.4959,920.31,914.53,881.38,normal,,,ok,coinmetrics,
2017-01-31,2.7402,2.5092,968.5,918.94,890.39,normal,,,ok,coinmetrics,
2017-02-01,2.7815,2.5308,987.53,925.44,899.41,normal,,,ok,coinmetrics,
2017-02-02,2.7974,2.5468,1007.7,934.3,908.46,normal,,,ok,coinmetrics,
2017-02-03,2.8139,2.5592,1015.3,947.06,918.22,normal,,,ok,coinmetrics,
2017-02-04,2.8343,2.5706,1033.79,960.87,928.69,normal,,,ok,coinmetrics,
2017-02-05,2.8608,2.5849,1014.57,970.66,937.87,normal,,,ok,coinmetrics,
2017-02-06,2.8756,2.5913,1023.32,980.94,943.74,normal,,,ok,coinmetrics,
2017-02-07,2.8933,2.612,1053.62,994.03,952.35,normal,,,ok,coinmetrics,
2017-02-08,2.9239,2.6317,1052.37,1007.7,959.86,normal,,,ok,coinmetrics,
2017-02-09,2.9572,2.6464,982.75,1013.95,964.24,normal,,,ok,coinmetrics,
2017-02-10,2.9746,2.6608,996.65,1016.76,967.85,normal,,,ok,coinmetrics,
2017-02-11,2.9759,2.6671,1011.38,1019.14,972.29,normal,,,ok,coinmetrics,
2017-02-12,2.9901,2.683,1006.3,1019,976.65,normal,,,ok,coinmetrics,
2017-02-13,3.0081,2.7075,999.95,1017.47,982.26,normal,,,ok,coinmetrics,
2017-02-14,3.0331,2.7325,1012.21,1015.31,988.09,normal,,,ok,coinmetrics,
2017-02-15,3.0359,2.7441,1013.9,1015.25,992.95,normal,,,ok,coinmetrics,
2017-02-16,3.0534,2.7607,1036.81,1016.59,998.77,normal,,,ok,coinmetrics,
2017-02-17,3.0753,2.7747,1058.67,1017.1,1005.56,normal,,,ok,coinmetrics,
2017-02-18,3.0866,2.7934,1060.67,1017.93,1012.82,normal,,,ok,coinmetrics,
2017-02-19,3.079,2.8015,1058.79,1025.53,1019.74,normal,,,ok,coinmetrics,
2017-02-20,3.086,2.8147,1088.69,1034.74,1025.75,normal,,,ok,coinmetrics,
2017-02-21,3.0885,2.826,1128.86,1046.48,1032.81,normal,,,ok,coinmetrics,
2017-02-22,3.0994,2.8412,1129.7,1058.82,1038.91,normal,,,ok,coinmetrics,
2017-02-23,3.1119,2.8536,1188.86,1077.72,1047.59,normal,,,ok,coinmetrics,
2017-02-24,3.134,2.8767,1185.49,1095.04,1055.18,normal,,,ok,coinmetrics,
2017-02-25,3.155,2.8976,1151.6,1108.81,1062.03,normal,,,ok,coinmetrics,
2017-02-26,3.1743,2.9201,1181.71,1123.3,1069.95,normal,,,ok,coinmetrics,
2017-02-27,3.1805,2.9332,1194.15,1136.85,1076.98,normal,,,ok,coinmetrics,
2017-02-28,3.1835,2.9478,1188.4,1149.63,1083.78,normal,,,ok,coinmetrics,
2017-03-01,3.1949,2.9614,1228.46,1166.59,1096.06,normal,,,ok,coinmetrics,
2017-03-02,3.2152,2.9777,1262.93,1184.02,1109.38,normal,,,ok,coinmetrics,
2017-03-03,3.2018,2.9917,1289.36,1200.07,1123.28,normal,,,ok,coinmetrics,
2017-03-04,3.2004,2.9989,1268.94,1213.99,1136.41,normal,,,ok,coinmetrics,
2017-03-05,3.2156,3.0147,1276.27,1222.73,1150.22,normal,,,ok,coinmetrics,
2017-03-06,3.2299,3.0321,1282.25,1232.41,1163.73,normal,,,ok,coinmetrics,
2017-03-07,3.2354,3.0481,1234.48,1240.7,1174.75,normal,,,ok,coinmetrics,
2017-03-08,3.2564,3.066,1152.14,1237.74,1180.52,normal,,,ok,coinmetrics,
2017-03-09,3.2638,3.0785,1193.46,1237.67,1187.26,normal,,,ok,coinmetrics,
2017-03-10,3.2808,3.1023,1098.53,1228.68,1189.15,normal,,,ok,coinmetrics,
2017-03-11,3.2763,3.1168,1176.82,1223.52,1195.06,normal,,,ok,coinmetrics,
2017-03-12,3.2918,3.1332,1231.75,1220.4,1202.21,normal,,,ok,coinmetrics,
2017-03-13,3.3053,3.1406,1239.4,1215.4,1207.74,normal,,,ok,coinmetrics,
2017-03-14,3.3264,3.1582,1246.54,1213.16,1213.58,normal,,,ok,coinmetrics,
2017-03-15,3.3208,3.1644,1258.65,1211.4,1217.07,normal,,,ok,coinmetrics,
2017-03-16,3.3194,3.1762,1178.02,1200.98,1216.69,normal,,,ok,coinmetrics,
2017-03-17,3.3422,3.1891,1072.08,1184.74,1212.72,normal,,,ok,coinmetrics,
2017-03-18,3.3603,3.2069,962.57,1165.78,1201.76,normal,,,ok,coinmetrics,
2017-03-19,3.3848,3.23,1020.22,1148.46,1193.06,normal,,,ok,coinmetrics,
2017-03-20,3.3835,3.2351,1037.76,1142.38,1185.53,normal,,,ok,coinmetrics,
2017-03-21,3.3976,3.2383,1111.82,1135.88,1179.7,normal,,,ok,coinmetrics,
2017-03-22,3.4148,3.2504,1037.3,1116.44,1168.42,normal,,,ok,coinmetrics,
2017-03-23,3.4307,3.2596,1028.17,1095.31,1155.36,normal,,,ok,coinmetrics,
2017-03-24,3.4686,3.284,935.06,1064.17,1138.66,normal,,,ok,coinmetrics,
2017-03-25,3.4639,3.2879,968.54,1035.15,1123.28,normal,,,ok,coinmetrics,
2017-03-26,3.4757,3.3048,962.96,1013.65,1107.31,normal,,,ok,coinmetrics,
2017-03-27,3.4578,3.3064,1042.92,1010.73,1097.74,normal,,,ok,coinmetrics,
2017-03-28,3.4499,3.3121,1045.16,1018.99,1092.39,normal,,,ok,coinmetrics,
2017-03-29,3.4535,3.317,1039.69,1020.94,1084.7,normal,,,ok,coinmetrics,
2017-03-30,3.4732,3.3284,1037.99,1020.96,1081.67,normal,,,ok,coinmetrics,
2017-03-31,3.4798,3.3374,1081.74,1017.95,1076.92,normal,,,ok,coinmetrics,
2017-04-01,3.4744,3.3448,1089.52,1023.18,1069.81,normal,,,ok,coinmetrics,
2017-04-02,3.4936,3.3477,1105.56,1030.92,1063.11,normal,,,ok,coinmetrics,
2017-04-03,3.5385,3.3694,1144.66,1051.88,1058.02,normal,,,ok,coinmetrics,
2017-04-04,3.5298,3.3727,1141.92,1069.21,1052.18,normal,,,ok,coinmetrics,
2017-04-05,3.5555,3.3927,1135.81,1086.5,1050.07,normal,,,ok,coinmetrics,
2017-04-06,3.5604,3.3979,1194.6,1101.67,1056.2,normal,,,ok,coinmetrics,
2017-04-07,3.5861,3.4212,1191.73,1116.32,1067.66,normal,,,ok,coinmetrics,
2017-04-08,3.5865,3.4251,1184.42,1130.8,1075.87,normal,,,ok,coinmetrics,
2017-04-09,3.599,3.4399,1213.63,1148.36,1084.66,normal,,,ok,coinmetrics,
2017-04-10,3.607,3.4416,1211.65,1161.35,1089.65,normal,,,ok,coinmetrics,
2017-04-11,3.6269,3.4593,1229.78,1175.38,1099.28,normal,,,ok,coinmetrics,
2017-04-12,3.6337,3.4695,1216.11,1186.43,1108.67,normal,,,ok,coinmetrics,
2017-04-13,3.6238,3.4751,1172.56,1189.22,1120.55,normal,,,ok,coinmetrics,
2017-04-14,3.6353,3.4781,1174.33,1192.46,1130.84,normal,,,ok,coinmetrics,
2017-04-15,3.6479,3.4837,1175.56,1196.44,1141.47,normal,,,ok,coinmetrics,
2017-04-16,3.6539,3.4981,1173.69,1194.35,1148.01,normal,,,ok,coinmetrics,
2017-04-17,3.6492,3.5048,1191.9,1194.36,1155.34,normal,,,ok,coinmetrics,
2017-04-18,3.6452,3.515,1202.13,1196.14,1163.47,normal,,,ok,coinmetrics,
2017-04-19,3.6614,3.5224,1209.56,1195.73,1172.04,normal,,,ok,coinmetrics,
2017-04-20,3.6685,3.5331,1235.8,1198.14,1179.75,normal,,,ok,coinmetrics,
2017-04-21,3.6873,3.5511,1247.34,1199.9,1187.64,normal,,,ok,coinmetrics,
2017-04-22,3.6958,3.5632,1243.55,1202.64,1194.54,normal,,,ok,coinmetrics,
2017-04-23,3.6891,3.5789,1250,1210.39,1199.8,normal,,,ok,coinmetrics,
2017-04-24,3.6913,3.5776,1257.24,1218.68,1205.57,normal,,,ok,coinmetrics,
2017-04-25,3.6881,3.5819,1279.86,1229.11,1212.77,normal,,,ok,coinmetrics,
2017-04-26,3.7161,3.587,1296.49,1241.39,1217.87,normal,,,ok,coinmetrics,
2017-04-27,3.7211,3.5855,1345.89,1256.79,1225.58,normal,,,ok,coinmetrics,
2017-04-28,3.7299,3.5917,1347.99,1271.37,1233.75,normal,,,ok,coinmetrics,
2017-04-29,3.7481,3.6107,1357.72,1286.19,1240.96,normal,,,ok,coinmetrics,
2017-04-30,3.767,3.6234,1381.96,1300.8,1249.47,normal,,,ok,coinmetrics,
2017-05-01,3.7874,3.6309,1436.94,1319.76,1259.83,normal,,,ok,coinmetrics,
2017-05-02,3.7933,3.6434,1463.82,1341.79,1272.22,normal,,,ok,coinmetrics,
2017-05-03,3.7617,3.6501,1519.41,1368.73,1289.56,normal,,,ok,coinmetrics,
2017-05-04,3.8036,3.6667,1539.83,1396.99,1307.83,normal,,,ok,coinmetrics,
2017-05-05,3.781,3.6682,1529.85,1421.99,1325.55,normal,,,ok,coinmetrics,
2017-05-06,3.8046,3.6825,1573.29,1449.67,1345.53,normal,,,ok,coinmetrics,
2017-05-07,3.8149,3.7005,1526.27,1467.71,1362.25,normal,,,ok,coinmetrics,
2017-05-08,3.8572,3.7218,1685.09,1501.42,1386.39,normal,,,ok,coinmetrics,
2017-05-09,3.8596,3.7293,1719.23,1537.57,1411.88,normal,,,ok,coinmetrics,
2017-05-10,3.8744,3.7407,1782.5,1577.62,1439.21,normal,,,ok,coinmetrics,
2017-05-11,3.8614,3.7441,1835.49,1617.48,1468.62,normal,,,ok,coinmetrics,
2017-05-12,3.8867,3.7602,1704.66,1641.56,1491.68,normal,,,ok,coinmetrics,
2017-05-13,3.9242,3.774,1779.84,1667.6,1518.17,normal,,,ok,coinmetrics,
2017-05-14,3.9564,3.7958,1794.59,1693.08,1545.03,normal,,,ok,coinmetrics,
2017-05-15,3.9847,3.8163,1736.88,1713.78,1567.89,normal,,,ok,coinmetrics,
2017-05-16,3.9812,3.8175,1757.03,1732.16,1590.91,normal,,,ok,coinmetrics,
2017-05-17,4.0059,3.8276,1808.75,1760.41,1614.06,normal,,,ok,coinmetrics,
2017-05-18,4.0116,3.8284,1894.25,1781.32,1641.37,normal,,,ok,coinmetrics,
2017-05-19,4.0404,3.8509,1967.55,1806.15,1671.86,normal,,,ok,coinmetrics,
2017-05-20,4.0744,3.8715,2048.12,1832.71,1705.17,normal,,,ok,coinmetrics,
2017-05-21,4.0667,3.877,2045.22,1853.69,1735.58,normal,,,ok,coinmetrics,
2017-05-22,4.077,3.8864,2078.94,1891.12,1766.34,normal,,,ok,coinmetrics,
2017-05-23,4.1079,3.8985,2257.29,1938.86,1803.23,normal,,,ok,coinmetrics,
2017-05-24,4.153,3.9221,2415.01,2000.9,1846.99,normal,,,ok,coinmetrics,
2017-05-25,4.1862,3.9372,2319.6,2059.17,1886.48,normal,,,ok,coinmetrics,
2017-05-26,4.2052,3.9607,2279.42,2111.41,1921.79,normal,,,ok,coinmetrics,
2017-05-27,4.244,3.9825,2044.3,2134.97,1947.69,normal,,,ok,coinmetrics,
2017-05-28,4.2893,4.0096,2225.7,2168.11,1974.72,normal,,,ok,coinmetrics,
2017-05-29,4.2888,4.0185,2284.72,2199.83,2002.99,normal,,,ok,coinmetrics,
2017-05-30,4.3349,4.051,2167.26,2211.75,2022.23,normal,,,ok,coinmetrics,
2017-05-31,4.3671,4.0773,2299.43,2237.17,2045.43,normal,,,ok,coinmetrics,
2017-06-01,4.3984,4.0958,2399.89,2269.26,2080.19,normal,,,ok,coinmetrics,
2017-06-02,4.4284,4.095,2479.42,2291.48,2115.17,normal,,,ok,coinmetrics,
2017-06-03,4.4726,4.1381,2549.55,2304.93,2152.92,normal,,,ok,coinmetrics,
2017-06-04,4.5294,4.1552,2524.99,2325.47,2192.32,normal,,,ok,coinmetrics,
2017-06-05,4.5685,4.1866,2685.32,2366.06,2238.74,normal,,,ok,coinmetrics,
2017-06-06,4.5939,4.2044,2871.34,2448.76,2291.87,normal,,,ok,coinmetrics,
2017-06-07,4.6238,4.2405,2706.76,2496.87,2332.49,normal,,,ok,coinmetrics,
2017-06-08,4.6753,4.2675,2802.56,2548.65,2374.24,normal,,,ok,coinmetrics,
2017-06-09,4.7087,4.2915,2804.87,2612.41,2412.08,normal,,,ok,coinmetrics,
2017-06-10,4.742,4.3017,2916.33,2674.1,2455.64,normal,,,ok,coinmetrics,
2017-06-11,4.7633,4.325,2974.21,2731.54,2500.4,normal,,,ok,coinmetrics,
2017-06-12,4.7821,4.3531,2665.43,2750.14,2520.81,normal,,,ok,coinmetrics,
2017-06-13,4.7885,4.3724,2707.14,2765.9,2535.41,normal,,,ok,coinmetrics,
2017-06-14,4.7882,4.3864,2443.82,2757.78,2541.62,normal,,,ok,coinmetrics,
2017-06-15,4.8378,4.4095,2409.89,2730.24,2548.15,normal,,,ok,coinmetrics,
2017-06-16,4.8604,4.4332,2476.36,2690.74,2569.75,normal,,,ok,coinmetrics,
2017-06-17,4.8923,4.452,2652.76,2685.34,2591.1,normal,,,ok,coinmetrics,
2017-06-18,4.9111,4.4757,2508.21,2655.9,2602.28,normal,,,ok,coinmetrics,
2017-06-19,4.9361,4.5052,2589.64,2634.38,2623.4,normal,,,ok,coinmetrics,
2017-06-20,4.9624,4.5146,2733.23,2616.07,2645.09,normal,,,ok,coinmetrics,
2017-06-21,4.992,4.5345,2639.26,2582.57,2657.06,normal,,,ok,coinmetrics,
2017-06-22,4.993,4.5505,2686.65,2584.7,2667.42,normal,,,ok,coinmetrics,
2017-06-23,5.0297,4.5913,2685.87,2582.57,2674.23,normal,,,ok,coinmetrics,
2017-06-24,5.0409,4.6135,2562.19,2594.41,2676.09,normal,,,ok,coinmetrics,
2017-06-25,5.0337,4.6195,2497.73,2603.19,2666.71,normal,,,ok,coinmetrics,
2017-06-26,5.0352,4.6396,2426.37,2598.19,2644.46,normal,,,ok,coinmetrics,
2017-06-27,5.0268,4.6581,2530.35,2585.95,2635.64,normal,,,ok,coinmetrics,
2017-06-28,5.0628,4.6758,2562.79,2591.41,2623.65,normal,,,ok,coinmetrics,
2017-06-29,5.0276,4.6813,2540.44,2586.49,2610.43,normal,,,ok,coinmetrics,
2017-06-30,5.0473,4.7072,2452.71,2558.44,2587.25,normal,,,ok,coinmetrics,
2017-07-01,5.0728,4.7356,2412.37,2535.75,2559.16,normal,,,ok,coinmetrics,
2017-07-02,5.1494,4.7889,2518.87,2518.97,2551.83,normal,,,ok,coinmetrics,
2017-07-03,5.1594,4.816,2551.93,2505.57,2544.07,normal,,,ok,coinmetrics,
2017-07-04,5.1708,4.8501,2599.74,2509.33,2551.87,normal,,,ok,coinmetrics,
2017-07-05,5.1613,4.8649,2608.1,2520.37,2561.78,normal,,,ok,coinmetrics,
2017-07-06,5.1582,4.8761,2603.2,2538.05,2568.12,normal,,,ok,coinmetrics,
2017-07-07,5.1464,4.8851,2495.78,2534.59,2560.27,normal,,,ok,coinmetrics,
2017-07-08,5.1546,4.915,2553.49,2533.66,2562.54,normal,,,ok,coinmetrics,
2017-07-09,5.1468,4.9278,2506.17,2530.24,2558.36,normal,,,ok,coinmetrics,
2017-07-10,5.2195,4.9808,2319.37,2516.9,2537.67,normal,,,ok,coinmetrics,
2017-07-11,5.2585,5.0109,2319.17,2507.58,2521.66,normal,,,ok,coinmetrics,
2017-07-12,5.301,5.0415,2374.89,2493.18,2506.08,normal,,,ok,coinmetrics,
2017-07-13,5.3268,5.0576,2343.74,2472.37,2488.97,normal,,,ok,coinmetrics,
2017-07-14,5.3456,5.0669,2214.83,2433.87,2471.6,normal,,,ok,coinmetrics,
2017-07-15,5.3428,5.0903,1989.63,2372.03,2446.2,normal,,,ok,coinmetrics,
2017-07-16,5.3936,5.127,1910.75,2302.78,2420.42,normal,,,ok,coinmetrics,
2017-07-17,5.4273,5.1598,2215.75,2274.78,2404.69,normal,,,ok,coinmetrics,
2017-07-18,5.4763,5.1937,2303.76,2249.8,2391.73,normal,,,ok,coinmetrics,
2017-07-19,5.4969,5.2165,2257.07,2224.89,2377.57,normal,,,ok,coinmetrics,
2017-07-20,5.5501,5.2562,2823.9,2275.35,2396.12,normal,,,ok,coinmetrics,
2017-07-21,5.5903,5.2912,2666.14,2310.04,2408.81,normal,,,ok,coinmetrics,
2017-07-22,5.6397,5.3164,2829.75,2355.53,2424.36,normal,,,ok,coinmetrics,
2017-07-23,5.6803,5.355,2753.24,2396.48,2434.42,normal,,,ok,coinmetrics,
2017-07-24,5.7454,5.3931,2755.16,2450.52,2442.19,normal,,,ok,coinmetrics,
2017-07-25,5.7988,5.4162,2558.69,2507.42,2439.72,normal,,,ok,coinmetrics,
2017-07-26,5.8273,5.4313,2522.32,2568.58,2435.68,normal,,,ok,coinmetrics,
2017-07-27,5.8867,5.4568,2665.15,2613.52,2444.15,normal,,,ok,coinmetrics,
2017-07-28,5.9154,5.4891,2793.83,2662.53,2456.17,normal,,,ok,coinmetrics,
2017-07-29,5.9977,5.5126,2706.45,2707.46,2466.18,normal,,,ok,coinmetrics,
2017-07-30,6.0256,5.5364,2749.38,2700.01,2487.68,normal,,,ok,coinmetrics,
2017-07-31,6.0389,5.5558,2862.61,2719.66,2514.85,normal,,,ok,coinmetrics,
2017-08-01,6.0305,5.5899,2727.39,2709.42,2532.48,normal,,,ok,coinmetrics,
2017-08-02,6.0475,5.6035,2690.15,2703.11,2549.8,normal,,,ok,coinmetrics,
2017-08-03,6.0646,5.6177,2789.75,2706.57,2578.54,normal,,,ok,coinmetrics,
2017-08-04,6.1448,5.653,2860.27,2736.73,2622.08,normal,,,ok,coinmetrics,
2017-08-05,6.2303,5.6943,3237.42,2808.24,2688.41,normal,,,ok,coinmetrics,
2017-08-06,6.2561,5.7012,3230.12,2864.74,2739.13,normal,,,ok,coinmetrics,
2017-08-07,6.2804,5.7175,3392.56,2924.61,2793.57,normal,,,ok,coinmetrics,
2017-08-08,6.3521,5.7495,3425.68,2996.53,2852,normal,,,ok,coinmetrics,
2017-08-09,6.3244,5.772,3347.22,3056.32,2878.16,normal,,,ok,coinmetrics,
2017-08-10,6.3262,5.7924,3437.03,3113.76,2916.71,normal,,,ok,coinmetrics,
2017-08-11,6.3387,5.8198,3660.52,3207.07,2958.25,normal,,,ok,coinmetrics,
2017-08-12,6.3608,5.8438,3871.08,3325.16,3014.14,normal,,,ok,coinmetrics,
2017-08-13,6.411,5.8783,4063.8,3452.57,3079.57,normal,,,ok,coinmetrics,
2017-08-14,6.4406,5.8917,4304.6,3597,3166.87,normal,,,ok,coinmetrics,
2017-08-15,6.4558,5.9247,4160.03,3689.26,3248.75,normal,,,ok,coinmetrics,
2017-08-16,6.4574,5.9424,4364.68,3802.72,3333.73,normal,,,ok,coinmetrics,
2017-08-17,6.5113,5.9938,4308.52,3894.32,3409.46,normal,,,ok,coinmetrics,
2017-08-18,6.5406,6.0187,4108.51,3962.6,3479.57,normal,,,ok,coinmetrics,
2017-08-19,6.5556,6.0529,4160.33,4043.91,3550.11,normal,,,ok,coinmetrics,
2017-08-20,6.5492,6.0697,4085.81,4108.79,3611.27,normal,,,ok,coinmetrics,
2017-08-21,6.5118,6.0757,3992.63,4142,3674.54,normal,,,ok,coinmetrics,
2017-08-22,6.4187,6.0495,4074.33,4162.32,3743.74,normal,,,ok,coinmetrics,
2017-08-23,6.4246,6.085,4146.92,4170.64,3811.6,normal,,,ok,coinmetrics,
2017-08-24,6.3763,6.0875,4325.82,4172.76,3884.88,normal,,,ok,coinmetrics,
2017-08-25,6.3289,6.0781,4353.13,4192.07,3940.67,normal,,,ok,coinmetrics,
2017-08-26,6.2696,6.0781,4341.98,4189.8,3996.26,normal,,,ok,coinmetrics,
2017-08-27,6.2839,6.0996,4344.9,4193.44,4043.88,normal,,,ok,coinmetrics,
2017-08-28,6.2499,6.1238,4379.76,4220.56,4091.58,normal,,,ok,coinmetrics,
2017-08-29,6.2597,6.1426,4600.46,4264.57,4154.24,normal,,,ok,coinmetrics,
2017-08-30,6.3003,6.1696,4586.63,4314.66,4211.72,normal,,,ok,coinmetrics,
2017-08-31,6.3278,6.1791,4740.36,4389.43,4265.71,normal,,,ok,coinmetrics,
2017-09-01,6.3672,6.2074,4918.17,4473.81,4318.07,normal,,,ok,coinmetrics,
2017-09-02,6.4118,6.2382,4595.02,4518.62,4344.63,normal,,,ok,coinmetrics,
2017-09-03,6.3833,6.264,4625.3,4548.57,4360.66,normal,,,ok,coinmetrics,
2017-09-04,6.3886,6.3094,4374.75,4550.73,4371.4,normal,,,ok,coinmetrics,
2017-09-05,6.479,6.3675,4454.05,4561.94,4375.87,normal,,,ok,coinmetrics,
2017-09-06,6.5036,6.392,4607.52,4588.2,4390.82,normal,,,ok,coinmetrics,
2017-09-07,6.539,6.4455,4635.11,4613.74,4417.15,normal,,,ok,coinmetrics,
2017-09-08,6.603,6.4637,4345.46,4588.24,4426.4,normal,,,ok,coinmetrics,
2017-09-09,6.6564,6.4913,4335.59,4563.13,4438.89,normal,,,ok,coinmetrics,
2017-09-10,6.6471,6.4929,4261.84,4515.28,4452.35,normal,,,ok,coinmetrics,
2017-09-11,6.7066,6.5337,4212.55,4444.72,4459.27,normal,,,ok,coinmetrics,
2017-09-12,6.7676,6.5893,4164.32,4401.65,4460.14,normal,,,ok,coinmetrics,
2017-09-13,6.8592,6.6499,3887.12,4327.83,4438.2,normal,,,ok,coinmetrics,
2017-09-14,6.8927,6.6743,3247.47,4215.1,4382.92,normal,,,ok,coinmetrics,
2017-09-15,6.9691,6.7132,3699.22,4139.62,4350.78,normal,,,ok,coinmetrics,
2017-09-16,6.9536,6.7325,3711.23,4049.99,4319.1,normal,,,ok,coinmetrics,
2017-09-17,6.9948,6.7677,3711.86,3957.67,4285.7,normal,,,ok,coinmetrics,
2017-09-18,6.9867,6.7712,4080.43,3931.16,4259.7,normal,,,ok,coinmetrics,
2017-09-19,7.0731,6.8111,3925.74,3890.18,4226.66,normal,,,ok,coinmetrics,
2017-09-20,7.1111,6.8114,3895.78,3853.57,4184.43,normal,,,ok,coinmetrics,
2017-09-21,7.2967,6.8577,3617.24,3794.04,4119.38,normal,,,ok,coinmetrics,
2017-09-22,7.3076,6.8661,3619.21,3739.53,4070.59,normal,,,ok,coinmetrics,
2017-09-23,7.4622,6.9192,3775.6,3728.38,4028.1,normal,,,ok,coinmetrics,
2017-09-24,7.5786,6.9538,3676.9,3771.32,3993.21,normal,,,ok,coinmetrics,
2017-09-25,7.6526,6.9611,3918.74,3793.27,3966.45,normal,,,ok,coinmetrics,
2017-09-26,7.6768,6.9804,3890.09,3811.16,3930.57,normal,,,ok,coinmetrics,
2017-09-27,7.7558,7.0029,4207.79,3860.75,3909.21,normal,,,ok,coinmetrics,
2017-09-28,7.8601,7.0599,4187.77,3871.49,3901.32,normal,,,ok,coinmetrics,
2017-09-29,7.9218,7.111,4155.01,3894.41,3892.3,normal,,,ok,coinmetrics,
2017-09-30,7.9343,7.131,4334.54,3938.29,3895.93,normal,,,ok,coinmetrics,
2017-10-01,7.916,7.1416,4382.09,4014.77,3904.41,normal,,,ok,coinmetrics,
2017-10-02,7.9539,7.1829,4386.88,4091.54,3915.54,normal,,,ok,coinmetrics,
2017-10-03,8.0681,7.2257,4306.56,4144.64,3936.51,normal,,,ok,coinmetrics,
2017-10-04,8.0601,7.2243,4216.68,4198.62,3984.97,normal,,,ok,coinmetrics,
2017-10-05,8.0029,7.241,4319.42,4238.68,4015.98,normal,,,ok,coinmetrics,
2017-10-06,8.0563,7.28,4365.92,4286.27,4048.71,normal,,,ok,coinmetrics,
2017-10-07,8.0814,7.3102,4438.86,4309.37,4085.06,normal,,,ok,coinmetrics,
2017-10-08,8.1528,7.3779,4600.74,4350.67,4111.08,normal,,,ok,coinmetrics,
2017-10-09,8.1942,7.4253,4777.53,4412.92,4153.67,normal,,,ok,coinmetrics,
2017-10-10,8.2812,7.4641,4741.08,4453.58,4195.93,normal,,,ok,coinmetrics,
2017-10-11,8.274,7.4903,4814.97,4496.86,4255.82,normal,,,ok,coinmetrics,
2017-10-12,8.2715,7.5195,5393.67,4597.54,4344.54,normal,,,ok,coinmetrics,
2017-10-13,8.2342,7.5467,5614.08,4728.29,4436.47,normal,,,ok,coinmetrics,
2017-10-14,8.2308,7.5618,5785.74,4885.2,4541.91,normal,,,ok,coinmetrics,
2017-10-15,8.3384,7.6537,5689.87,5022.24,4630.46,normal,,,ok,coinmetrics,
2017-10-16,8.425,7.6893,5756.15,5161.27,4723.77,normal,,,ok,coinmetrics,
2017-10-17,8.4812,7.738,5590.42,5276.42,4792.9,normal,,,ok,coinmetrics,
2017-10-18,8.5577,7.7722,5583.87,5374.74,4862.7,normal,,,ok,coinmetrics,
2017-10-19,8.6255,7.8493,5708.31,5467.81,4940.37,normal,,,ok,coinmetrics,
2017-10-20,8.7665,7.9388,6000.88,5593.79,5023.69,normal,,,ok,coinmetrics,
2017-10-21,8.7482,8.0224,6030.21,5715.32,5106.09,normal,,,ok,coinmetrics,
2017-10-22,8.8549,8.0813,5996.6,5775.61,5186.58,normal,,,ok,coinmetrics,
2017-10-23,8.8905,8.1764,5888.25,5803.03,5265.66,normal,,,ok,coinmetrics,
2017-10-24,8.9566,8.2676,5517.78,5776.23,5330.72,normal,,,ok,coinmetrics,
2017-10-25,9.0949,8.3738,5736.02,5780.85,5401.55,normal,,,ok,coinmetrics,
2017-10-26,9.2127,8.4448,5900.32,5795.26,5478.27,normal,,,ok,coinmetrics,
2017-10-27,9.1943,8.475,5771.95,5813.42,5544.92,normal,,,ok,coinmetrics,
2017-10-28,9.0753,8.4677,5762.39,5831.27,5603,normal,,,ok,coinmetrics,
2017-10-29,9.1371,8.5295,6174.73,5877.91,5672.86,normal,,,ok,coinmetrics,
2017-10-30,9.2387,8.5865,6119.26,5889.75,5741.77,normal,,,ok,coinmetrics,
2017-10-31,9.3331,8.6245,6428.51,5929.58,5822.45,normal,,,ok,coinmetrics,
2017-11-01,9.4293,8.6916,6726.41,6002.56,5889.09,normal,,,ok,coinmetrics,
2017-11-02,9.4496,8.7589,7043.78,6118.11,5960.57,normal,,,ok,coinmetrics,
2017-11-03,9.4866,8.7733,7198.63,6286.2,6031.22,normal,,,ok,coinmetrics,
2017-11-04,9.5667,8.7848,7420.5,6454.65,6117.75,normal,,,ok,coinmetrics,
2017-11-05,9.6101,8.8332,7371.14,6601.73,6198.5,normal,,,ok,coinmetrics,
2017-11-06,9.636,8.8587,6985.26,6723.06,6268.24,normal,,,ok,coinmetrics,
2017-11-07,9.6726,8.9127,7118.2,6858.64,6344.96,normal,,,ok,coinmetrics,
2017-11-08,9.7195,8.9568,7451.21,6986.29,6432.1,normal,,,ok,coinmetrics,
2017-11-09,9.7898,9.0355,7117.74,7086.14,6487.94,normal,,,ok,coinmetrics,
2017-11-10,9.8133,9.0436,6620.57,7105.34,6517.46,normal,,,ok,coinmetrics,
2017-11-11,9.7092,8.9903,6346.72,7067.38,6534.97,normal,,,ok,coinmetrics,
2017-11-12,9.6368,8.9355,5829.1,6945.91,6532.01,normal,,,ok,coinmetrics,
2017-11-13,9.6908,8.9608,6519.45,6877.99,6582.09,normal,,,ok,coinmetrics,
2017-11-14,9.5973,8.9678,6592.37,6795.18,6624.91,normal,,,ok,coinmetrics,
2017-11-15,9.5959,9.0105,7257.37,6783.8,6692.76,normal,,,ok,coinmetrics,
2017-11-16,9.6143,9.0478,7833.7,6868.64,6795.85,normal,,,ok,coinmetrics,
2017-11-17,9.6924,9.1251,7729.03,6929.73,6894.18,normal,,,ok,coinmetrics,
2017-11-18,9.6469,9.1362,7796.15,6964.22,6975.26,normal,,,ok,coinmetrics,
2017-11-19,9.6537,9.2101,8018.32,7054.28,7070.21,normal,,,ok,coinmetrics,
2017-11-20,9.7459,9.247,8269.87,7219.21,7162.28,normal,,,ok,coinmetrics,
2017-11-21,9.7761,9.3155,8092,7393.74,7230.56,normal,,,ok,coinmetrics,
2017-11-22,9.7716,9.3311,8249.6,7635.79,7290.85,normal,,,ok,coinmetrics,
2017-11-23,9.7954,9.376,8071.67,7791.01,7334.5,normal,,,ok,coinmetrics,
2017-11-24,9.7647,9.4298,8232.42,7955.01,7375.1,normal,,,ok,coinmetrics,
2017-11-25,9.7427,9.4777,8760.17,8105.29,7444.55,normal,,,ok,coinmetrics,
2017-11-26,9.8339,9.5141,9319.9,8253.91,7561.28,normal,,,ok,coinmetrics,
2017-11-27,10.0087,9.542,9730.73,8454.08,7691.91,normal,,,ok,coinmetrics,
2017-11-28,9.9861,9.5616,9932.19,8667.69,7815.95,normal,,,ok,coinmetrics,
2017-11-29,10.0184,9.6285,9800.03,8845.86,7950.07,normal,,,ok,coinmetrics,
2017-11-30,10.0589,9.696,9996.71,9018.54,8118.88,normal,,,ok,coinmetrics,
2017-12-01,10.0918,9.7606,10808.96,9290.24,8341.99,normal,,,ok,coinmetrics,
2017-12-02,10.0901,9.7698,10934.86,9558.76,8597.28,normal,,,ok,coinmetrics,
2017-12-03,10.1964,9.8415,11213.94,9872.99,8832,normal,,,ok,coinmetrics,
2017-12-04,10.2875,9.9271,11562.13,10205.96,9080.49,normal,,,ok,coinmetrics,
2017-12-05,10.3453,9.9777,11736.75,10503.62,9304.46,normal,,,ok,coinmetrics,
2017-12-06,10.4658,10.0509,13992.13,10970.84,9612.38,normal,,,ok,coinmetrics,
2017-12-07,10.4909,10.0818,17032.29,11701,10077.54,normal,,,ok,coinmetrics,
2017-12-08,10.5555,10.1375,16298.49,12337.63,10502.66,normal,,,ok,coinmetrics,
2017-12-09,10.6458,10.2178,15050.02,12862.63,10854.24,normal,,,ok,coinmetrics,
2017-12-10,10.7959,10.3046,15475,13410.46,11214.5,normal,,,ok,coinmetrics,
2017-12-11,11.0658,10.3875,16873.5,14016.91,11653.57,normal,,,ok,coinmetrics,
2017-12-12,11.2961,10.4665,17433.93,14666.82,12112.79,normal,,,ok,coinmetrics,
2017-12-13,11.4699,10.5804,16515.15,15196.94,12534.97,normal,,,ok,coinmetrics,
2017-12-14,11.6682,10.6328,16602.89,15701.02,12953.49,normal,,,ok,coinmetrics,
2017-12-15,11.7701,10.683,17702,16297.54,13400.58,normal,,,ok,coinmetrics,
2017-12-16,11.8772,10.7458,19640.51,16862.38,13916.61,normal,,,ok,coinmetrics,
2017-12-17,11.9873,10.8399,19250.47,17084.2,14392.6,normal,,,ok,coinmetrics,
2017-12-18,12.2003,10.9236,18982.03,17352.55,14845.09,normal,,,ok,coinmetrics,
2017-12-19,12.2731,10.9634,17653.33,17612.88,15237.76,normal,,,ok,coinmetrics,
2017-12-20,12.2996,11.0228,16453.63,17710.74,15560.6,normal,,,ok,coinmetrics,
2017-12-21,12.3181,11.0471,15633.83,17586.78,15801.84,normal,,,ok,coinmetrics,
2017-12-22,12.4646,11.1181,14305.72,17273.96,15970.39,normal,,,ok,coinmetrics,
2017-12-23,12.5411,11.1683,14910.86,17113.53,16155.23,normal,,,ok,coinmetrics,
2017-12-24,12.6767,11.2207,14026.35,16855.87,16278.44,normal,,,ok,coinmetrics,
2017-12-25,12.7476,11.2451,14080.94,16493.77,16395.65,normal,,,ok,coinmetrics,
2017-12-26,12.8468,11.3403,15727.15,16102.43,16482.4,normal,,,ok,coinmetrics,
2017-12-27,12.9515,11.4801,15389,15716.28,16400.24,normal,,,ok,coinmetrics,
2017-12-28,13.0658,11.526,14289.45,15247.03,16299.79,normal,,,ok,coinmetrics,
2017-12-29,13.1918,11.6051,14571.75,14938.87,16275.87,normal,,,ok,coinmetrics,
2017-12-30,13.2753,11.6671,12948.72,14588.38,16149.56,normal,,,ok,coinmetrics,
2017-12-31,13.3728,11.7323,13921.48,14417.14,16001.96,normal,,,ok,coinmetrics,
2018-01-01,13.5109,11.8005,13464.65,14333.03,15803.5,normal,,,ok,coinmetrics,
2018-01-02,13.6652,11.9308,14754.32,14317.38,15715.45,normal,,,ok,coinmetrics,
2018-01-03,13.7636,12.0255,15010.29,14415.77,15635.82,normal,,,ok,coinmetrics,
2018-01-04,13.9039,12.1246,15070.3,14514.71,15504.24,normal,,,ok,coinmetrics,
2018-01-05,13.9209,12.1933,16997.23,14641.72,15372.07,normal,,,ok,coinmetrics,
2018-01-06,14.0577,12.2743,17103.59,14813.18,15264.73,normal,,,ok,coinmetrics,
2018-01-07,14.1649,12.3602,16231.69,15007.4,15127.21,normal,,,ok,coinmetrics,
2018-01-08,14.2374,12.4416,14937.42,15043.97,14991.42,normal,,,ok,coinmetrics,
2018-01-09,14.3299,12.5629,14378.59,15186.96,14887.67,normal,,,ok,coinmetrics,
2018-01-10,14.4103,12.738,14669.09,15261.72,14839.43,normal,,,ok,coinmetrics,
2018-01-11,14.6166,12.9564,13186.75,15233.93,14783.48,normal,,,ok,coinmetrics,
2018-01-12,14.6959,13.0829,13789.44,15137.44,14727.41,normal,,,ok,coinmetrics,
2018-01-13,14.7376,13.2029,14231.23,15059.53,14737.65,normal,,,ok,coinmetrics,
2018-01-14,14.8643,13.3172,13681.07,14920.61,14717.66,normal,,,ok,coinmetrics,
2018-01-15,14.9672,13.4222,13591.7,14580.06,14610.89,normal,,,ok,coinmetrics,
2018-01-16,15.0665,13.5269,11431.04,14012.8,14412.99,normal,,,ok,coinmetrics,
2018-01-17,15.1625,13.6814,11159.61,13505.59,14256.5,normal,,,ok,coinmetrics,
2018-01-18,15.3666,13.8199,11246.04,13136.45,14090.21,normal,,,ok,coinmetrics,
2018-01-19,15.5536,13.9266,11440.26,12842.62,14014.79,normal,,,ok,coinmetrics,
2018-01-20,15.801,14.0596,12768.4,12652.55,13957.13,normal,,,ok,coinmetrics,
2018-01-21,16.0103,14.2375,11422.39,12476.12,13855.02,normal,,,ok,coinmetrics,
2018-01-22,16.1954,14.3682,10737.35,12170.91,13654.17,normal,,,ok,coinmetrics,
2018-01-23,16.377,14.5269,10849.39,11832.72,13446.13,normal,,,ok,coinmetrics,
2018-01-24,16.6077,14.6776,11225.9,11587.21,13253.91,normal,,,ok,coinmetrics,
2018-01-25,16.8143,14.8305,11130.46,11341.08,12960.57,normal,,,ok,coinmetrics,
2018-01-26,16.9987,14.9751,11035.55,11301.54,12657.17,normal,,,ok,coinmetrics,
2018-01-27,17.2134,15.1396,11320.97,11317.67,12411.63,normal,,,ok,coinmetrics,
2018-01-28,17.3828,15.2873,11615.96,11354.66,12245.56,normal,,,ok,coinmetrics,
2018-01-29,17.5649,15.4201,11132.55,11323.89,12083.26,normal,,,ok,coinmetrics,
2018-01-30,17.7793,15.576,9959.55,11043.01,11847.78,normal,,,ok,coinmetrics,
2018-01-31,17.7865,15.6487,10050.1,10905.78,11690.95,normal,,,ok,coinmetrics,
2018-02-01,17.9295,15.7973,9039.87,10736.03,11453.47,normal,,,ok,coinmetrics,
2018-02-02,18.1517,15.9577,8786.08,10529.7,11181.21,normal,,,ok,coinmetrics,
2018-02-03,18.2956,16.0998,9132.1,10320.32,10953.76,normal,,,ok,coinmetrics,
2018-02-04,18.6058,16.2633,8250.53,10032.33,10686.7,normal,,,ok,coinmetrics,
2018-02-05,18.8662,16.462,6849.54,9613.72,10457.63,normal,,,ok,coinmetrics,
2018-02-06,19.0847,16.6248,7738.64,9255.49,10286.58,normal,,,ok,coinmetrics,
2018-02-07,19.2251,16.7313,7624.6,8856.35,10105.51,normal,,,ok,coinmetrics,
2018-02-08,19.3243,16.8271,8218.58,8564.96,9944.43,normal,,,ok,coinmetrics,
2018-02-09,19.4362,16.9232,8660.45,8435.05,9739.03,normal,,,ok,coinmetrics,
2018-02-10,19.4998,17.0582,8530.29,8283.07,9594.42,normal,,,ok,coinmetrics,
2018-02-11,19.6495,17.1727,8096.73,8188.75,9462.39,normal,,,ok,coinmetrics,
2018-02-12,19.9108,17.3242,8907.67,8200.91,9365.31,normal,,,ok,coinmetrics,
2018-02-13,20.1198,17.492,8523.97,8140.1,9230.21,normal,,,ok,coinmetrics,
2018-02-14,20.4187,17.693,9467.3,8261.78,9147.05,normal,,,ok,coinmetrics,
2018-02-15,20.4557,17.7611,10106.73,8587.5,9100.61,normal,,,ok,coinmetrics,
2018-02-16,20.5871,17.8748,10189.32,8832.56,9044.03,normal,,,ok,coinmetrics,
2018-02-17,20.6582,18.0124,11085.6,9178.66,9017.51,normal,,,ok,coinmetrics,
2018-02-18,20.8208,18.1872,10452.09,9402.02,8983.49,normal,,,ok,coinmetrics,
2018-02-19,20.9353,18.3682,11139.36,9649.91,9042.48,normal,,,ok,coinmetrics,
2018-02-20,20.9395,18.4749,11245.93,9921.47,9102.27,normal,,,ok,coinmetrics,
2018-02-21,21.1652,18.6803,10458.87,10157.68,9173.22,normal,,,ok,coinmetrics,
2018-02-22,21.2543,18.8156,9878.16,10254.73,9227.82,normal,,,ok,coinmetrics,
2018-02-23,21.3421,18.9749,10159.07,10418.24,9279.17,normal,,,ok,coinmetrics,
2018-02-24,21.4174,19.1158,9686.6,10440.17,9350.97,normal,,,ok,coinmetrics,
2018-02-25,21.6009,19.2998,9603.23,10389.82,9488.66,normal,,,ok,coinmetrics,
2018-02-26,21.6264,19.4199,10312.37,10402.13,9617.35,normal,,,ok,coinmetrics,
2018-02-27,21.7422,19.5625,10654.11,10358.98,9768.82,normal,,,ok,coinmetrics,
2018-02-28,21.8762,19.7206,10307.02,10344.47,9873.24,normal,,,ok,coinmetrics,
2018-03-01,21.9781,19.8787,10923.63,10322.9,9986.4,normal,,,ok,coinmetrics,
2018-03-02,22.2509,20.0187,11014.06,10299.71,10110.59,normal,,,ok,coinmetrics,
2018-03-03,22.4577,20.1936,11425.68,10396.39,10277.04,normal,,,ok,coinmetrics,
2018-03-04,22.4706,20.3112,11462.58,10554.83,10404.78,normal,,,ok,coinmetrics,
2018-03-05,22.5898,20.4427,11540.66,10692.99,10555.62,normal,,,ok,coinmetrics,
2018-03-06,22.6726,20.6392,10677.04,10792.04,10616.1,normal,,,ok,coinmetrics,
2018-03-07,22.7307,20.7985,9903.09,10822.02,10605.92,normal,,,ok,coinmetrics,
2018-03-08,22.8772,20.9809,9330.48,10723.83,10562.98,normal,,,ok,coinmetrics,
2018-03-09,23.0016,21.1134,9278.14,10586.24,10472.61,normal,,,ok,coinmetrics,
2018-03-10,23.141,21.2327,8786.56,10434.19,10389.33,normal,,,ok,coinmetrics,
2018-03-11,23.3322,21.3842,9513.54,10293.18,10308.04,normal,,,ok,coinmetrics,
2018-03-12,23.5289,21.5143,9147.89,10106.56,10203.14,normal,,,ok,coinmetrics,
2018-03-13,23.6711,21.6603,9160.54,9880.05,10138.22,normal,,,ok,coinmetrics,
2018-03-14,23.6655,21.7882,8222.13,9556.01,10055.42,normal,,,ok,coinmetrics,
2018-03-15,23.6695,21.8947,8268.59,9228.8,9960.9,normal,,,ok,coinmetrics,
2018-03-16,23.6675,22.0431,8376.9,8998.78,9895.41,normal,,,ok,coinmetrics,
2018-03-17,23.8559,22.1558,7881.66,8796.64,9809.33,normal,,,ok,coinmetrics,
2018-03-18,23.9556,22.2714,8189.02,8682.5,9703.17,normal,,,ok,coinmetrics,
2018-03-19,24.1352,22.3967,8537.02,8608.38,9597.31,normal,,,ok,coinmetrics,
2018-03-20,24.0922,22.4565,8895.55,8619.28,9526.74,normal,,,ok,coinmetrics,
2018-03-21,24.1926,22.564,8879.59,8555.89,9424.54,normal,,,ok,coinmetrics,
2018-03-22,24.3186,22.629,8710.66,8512.17,9309.37,normal,,,ok,coinmetrics,
2018-03-23,24.2395,22.7023,8771.75,8473.29,9176.67,normal,,,ok,coinmetrics,
2018-03-24,24.392,22.8231,8610.99,8512.17,9034.09,normal,,,ok,coinmetrics,
2018-03-25,24.4291,22.8856,8440.61,8529.38,8879.09,normal,,,ok,coinmetrics,
2018-03-26,24.5671,22.9922,8171.18,8508.8,8753.79,normal,,,ok,coinmetrics,
2018-03-27,24.5871,23.094,7837.27,8504.36,8650.5,normal,,,ok,coinmetrics,
2018-03-28,24.659,23.1427,7933.64,8478.83,8580.66,normal,,,ok,coinmetrics,
2018-03-29,24.7337,23.238,7108.57,8335.98,8472.18,normal,,,ok,coinmetrics,
2018-03-30,24.8908,23.3835,6832.15,8129.64,8374.46,normal,,,ok,coinmetrics,
2018-03-31,24.803,23.3906,6922.28,7933.91,8244.9,normal,,,ok,coinmetrics,
2018-04-01,24.964,23.6074,6804.52,7743.3,8127.73,normal,,,ok,coinmetrics,
2018-04-02,24.9746,23.7161,7033.26,7569.45,8021.37,normal,,,ok,coinmetrics,
2018-04-03,25.1854,23.828,7420.8,7450.43,7981.3,normal,,,ok,coinmetrics,
2018-04-04,25.2399,23.9148,6780.54,7284.42,7906.9,normal,,,ok,coinmetrics,
2018-04-05,25.2969,23.9848,6798.42,7147.15,7827.97,normal,,,ok,coinmetrics,
2018-04-06,25.2437,23.9872,6610.49,7024.47,7764.42,normal,,,ok,coinmetrics,
2018-04-07,25.4076,24.1424,6886.47,6919.75,7699.29,normal,,,ok,coinmetrics,
2018-04-08,25.5482,24.2749,7010,6909.89,7622.94,normal,,,ok,coinmetrics,
2018-04-09,25.64,24.3905,6736.89,6900.37,7515.01,normal,,,ok,coinmetrics,
2018-04-10,25.7599,24.546,6816.72,6889.81,7411.86,normal,,,ok,coinmetrics,
2018-04-11,25.8187,24.6738,6944.79,6903.84,7323.57,normal,,,ok,coinmetrics,
2018-04-12,25.8532,24.7621,7904.33,6990.95,7280.2,normal,,,ok,coinmetrics,
2018-04-13,26.028,24.8468,7919.06,7040.77,7245.6,normal,,,ok,coinmetrics,
2018-04-14,26.1073,24.8884,8006.42,7163.36,7223.89,normal,,,ok,coinmetrics,
2018-04-15,26.2937,24.9806,8342.27,7317.74,7232.44,normal,,,ok,coinmetrics,
2018-04-16,26.3782,25.1171,8046.98,7461.39,7242.93,normal,,,ok,coinmetrics,
2018-04-17,26.5613,25.2585,7887.74,7561.52,7240.64,normal,,,ok,coinmetrics,
2018-04-18,26.6899,25.4125,8162.83,7676.8,7293.35,normal,,,ok,coinmetrics,
2018-04-19,27.0936,25.5929,8272.97,7830.41,7365.39,normal,,,ok,coinmetrics,
2018-04-20,27.0931,25.6428,8839.5,8032.69,7461.25,normal,,,ok,coinmetrics,
2018-04-21,27.2842,25.8014,8863.54,8224.56,7564.2,normal,,,ok,coinmetrics,
2018-04-22,27.539,25.8892,8800.96,8314.23,7652.59,normal,,,ok,coinmetrics,
2018-04-23,27.6173,26.0046,8930.78,8415.4,7728.09,normal,,,ok,coinmetrics,
2018-04-24,27.8542,26.1416,9652.21,8579.98,7871.67,normal,,,ok,coinmetrics,
2018-04-25,27.7761,26.1716,8855.51,8631.3,7974.52,normal,,,ok,coinmetrics,
2018-04-26,27.801,26.194,9264.73,8753.08,8107.24,normal,,,ok,coinmetrics,
2018-04-27,27.9559,26.3074,8981.33,8862.44,8211.98,normal,,,ok,coinmetrics,
2018-04-28,27.9369,26.3353,9341.82,8980.34,8328.57,normal,,,ok,coinmetrics,
2018-04-29,28.0604,26.4756,9397,9092.74,8461.57,normal,,,ok,coinmetrics,
2018-04-30,28.359,26.581,9228.73,9131.66,8582.18,normal,,,ok,coinmetrics,
2018-05-01,28.4736,26.7188,9072.17,9152.52,8688.54,normal,,,ok,coinmetrics,
2018-05-02,28.4991,26.7368,9204.13,9192.84,8753.53,normal,,,ok,coinmetrics,
2018-05-03,28.5571,26.8712,9750.7,9274.83,8845.12,normal,,,ok,coinmetrics,
2018-05-04,28.6216,26.9307,9696.64,9279.28,8929.63,normal,,,ok,coinmetrics,
2018-05-05,28.787,27.0419,9795.93,9373.32,9002.31,normal,,,ok,coinmetrics,
2018-05-06,28.8972,27.0704,9595.09,9406.35,9079.72,normal,,,ok,coinmetrics,
2018-05-07,28.8497,27.1286,9339.51,9442.17,9152.3,normal,,,ok,coinmetrics,
2018-05-08,28.8394,27.1938,9212.37,9429.23,9204.78,normal,,,ok,coinmetrics,
2018-05-09,29.0505,27.3453,9293.04,9418.83,9255.78,normal,,,ok,coinmetrics,
2018-05-10,29.1227,27.4413,9037.53,9399.71,9265.69,normal,,,ok,coinmetrics,
2018-05-11,29.0579,27.4383,8419.76,9334.47,9243.5,normal,,,ok,coinmetrics,
2018-05-12,29.2949,27.574,8485.78,9262.63,9227.74,normal,,,ok,coinmetrics,
2018-05-13,29.3512,27.6896,8695.83,9157.15,9215.99,normal,,,ok,coinmetrics,
2018-05-14,29.393,27.7502,8671.07,9054.59,9166.93,normal,,,ok,coinmetrics,
2018-05-15,29.3586,27.8261,8488.46,8923.84,9148.58,normal,,,ok,coinmetrics,
2018-05-16,29.6907,28.0344,8327.76,8797.11,9101.73,normal,,,ok,coinmetrics,
2018-05-17,29.5664,28.0639,8050.52,8668.21,9055.19,normal,,,ok,coinmetrics,
2018-05-18,29.5648,28.1273,8233.09,8570.28,8999.75,normal,,,ok,coinmetrics,
2018-05-19,29.4898,28.2917,8229.48,8463.93,8941.38,normal,,,ok,coinmetrics,
2018-05-20,29.607,28.35,8511.45,8411.32,8905.52,normal,,,ok,coinmetrics,
2018-05-21,29.6735,28.4788,8398.62,8409.21,8871.84,normal,,,ok,coinmetrics,
2018-05-22,29.6925,28.6157,8007.53,8361.38,8812.01,normal,,,ok,coinmetrics,
2018-05-23,29.8315,28.7244,7520.87,8243.88,8700.52,normal,,,ok,coinmetrics,
2018-05-24,29.821,28.8376,7575.62,8134.34,8594.47,normal,,,ok,coinmetrics,
2018-05-25,30.2946,29.0353,7425.38,8028.03,8475.94,normal,,,ok,coinmetrics,
2018-05-26,30.5537,29.1774,7326.3,7927.89,8362.5,normal,,,ok,coinmetrics,
2018-05-27,30.7947,29.3753,7338.19,7856.65,8262.43,normal,,,ok,coinmetrics,
2018-05-28,31.055,29.4959,7110.82,7744.43,8157.36,normal,,,ok,coinmetrics,
2018-05-29,30.9939,29.5272,7453.63,7666.84,8065.38,normal,,,ok,coinmetrics,
2018-05-30,31.2027,29.7809,7374.67,7553.16,7982.24,normal,,,ok,coinmetrics,
2018-05-31,31.3629,29.9183,7478.74,7461.18,7935.19,normal,,,ok,coinmetrics,
2018-06-01,31.6146,30.0568,7519.84,7412.41,7886.89,normal,,,ok,coinmetrics,
2018-06-02,31.693,30.1251,7637.45,7424.06,7833.97,normal,,,ok,coinmetrics,
2018-06-03,31.9366,30.2791,7702.16,7436.72,7785.53,normal,,,ok,coinmetrics,
2018-06-04,32.1696,30.4783,7486.65,7442.85,7735.44,normal,,,ok,coinmetrics,
2018-06-05,32.5422,30.7197,7611.15,7471.33,7699.61,normal,,,ok,coinmetrics,
2018-06-06,32.746,30.7978,7650.78,7502.59,7679.62,normal,,,ok,coinmetrics,
2018-06-07,32.9903,30.9148,7665.95,7558.1,7651.26,normal,,,ok,coinmetrics,
2018-06-08,33.111,31.0808,7622.6,7575,7620.92,normal,,,ok,coinmetrics,
2018-06-09,33.2554,31.1891,7556.17,7593.15,7573.16,normal,,,ok,coinmetrics,
2018-06-10,33.4233,31.2406,6744.74,7519.75,7490.46,normal,,,ok,coinmetrics,
2018-06-11,33.4365,31.3657,6849.45,7452.71,7432.56,normal,,,ok,coinmetrics,
2018-06-12,33.6073,31.4793,6526.7,7341.63,7382.85,normal,,,ok,coinmetrics,
2018-06-13,33.8717,31.6324,6306.51,7202.07,7319.39,normal,,,ok,coinmetrics,
2018-06-14,34.1218,31.7402,6629.77,7116.38,7279.61,normal,,,ok,coinmetrics,
2018-06-15,34.1452,31.9179,6399.67,6995.23,7233.28,normal,,,ok,coinmetrics,
2018-06-16,34.5979,32.0821,6495.32,6879.69,7191.14,normal,,,ok,coinmetrics,
2018-06-17,34.867,32.2159,6450.69,6758.16,7158.13,normal,,,ok,coinmetrics,
2018-06-18,35.1522,32.321,6703.81,6666.28,7120.64,normal,,,ok,coinmetrics,
2018-06-19,35.455,32.531,6732.51,6583.92,7088.53,normal,,,ok,coinmetrics,
2018-06-20,35.6811,32.6773,6753.21,6584.76,7052.26,normal,,,ok,coinmetrics,
2018-06-21,36.0745,32.8835,6720.37,6571.86,7012.28,normal,,,ok,coinmetrics,
2018-06-22,36.2326,33.032,6059.58,6525.14,6933.39,normal,,,ok,coinmetrics,
2018-06-23,36.5777,33.1994,6174.23,6511.92,6856.99,normal,,,ok,coinmetrics,
2018-06-24,36.7603,33.5275,6146.49,6463.59,6789.98,normal,,,ok,coinmetrics,
2018-06-25,36.9251,33.7394,6243.54,6447.97,6721.6,normal,,,ok,coinmetrics,
2018-06-26,36.9831,33.8889,6096.13,6408.05,6643.87,normal,,,ok,coinmetrics,
2018-06-27,36.8878,33.9714,6139.19,6376.9,6567.53,normal,,,ok,coinmetrics,
2018-06-28,37.2167,34.1053,5858.64,6292.39,6479.34,normal,,,ok,coinmetrics,
2018-06-29,37.2453,34.224,6220.91,6241.23,6412.57,normal,,,ok,coinmetrics,
2018-06-30,37.2184,34.2907,6375.54,6203.46,6394.11,normal,,,ok,coinmetrics,
2018-07-01,37.2705,34.4425,6361.4,6167.56,6369.71,normal,,,ok,coinmetrics,
2018-07-02,37.3967,34.5448,6608.37,6222.44,6373.79,normal,,,ok,coinmetrics,
2018-07-03,37.2644,34.6005,6498.31,6254.85,6383.38,normal,,,ok,coinmetrics,
2018-07-04,37.1493,34.6594,6579.33,6298.14,6380.86,normal,,,ok,coinmetrics,
2018-07-05,37.0813,34.8117,6535.3,6327.31,6387.64,normal,,,ok,coinmetrics,
2018-07-06,37.2998,35.0229,6598.46,6377.54,6392.8,normal,,,ok,coinmetrics,
2018-07-07,37.5156,35.2529,6737.86,6437.41,6407.16,normal,,,ok,coinmetrics,
2018-07-08,37.7328,35.4219,6704.92,6522.04,6407.21,normal,,,ok,coinmetrics,
2018-07-09,37.7708,35.5131,6664.02,6566.35,6403.79,normal,,,ok,coinmetrics,
2018-07-10,38.0553,35.7393,6309.08,6559.71,6381.58,normal,,,ok,coinmetrics,
2018-07-11,38.109,35.7727,6377.98,6561.36,6364.46,normal,,,ok,coinmetrics,
2018-07-12,38.1751,35.8912,6159.47,6516.47,6369.46,normal,,,ok,coinmetrics,
2018-07-13,38.2753,36.0735,6208.99,6487.54,6371.2,normal,,,ok,coinmetrics,
2018-07-14,38.2048,36.1633,6255.11,6455.12,6376.63,normal,,,ok,coinmetrics,
2018-07-15,38.1343,36.1397,6347.6,6436.35,6381.83,normal,,,ok,coinmetrics,
2018-07-16,37.8418,36.2198,6710.81,6447.58,6412.56,normal,,,ok,coinmetrics,
2018-07-17,37.9248,36.3959,7320.59,6505.86,6471.63,normal,,,ok,coinmetrics,
2018-07-18,38.0753,36.6137,7376.04,6572.97,6547.5,normal,,,ok,coinmetrics,
2018-07-19,38.251,36.853,7467.03,6653.27,6609.81,normal,,,ok,coinmetrics,
2018-07-20,38.2684,36.9748,7327.26,6755.09,6657.4,normal,,,ok,coinmetrics,
2018-07-21,38.0138,37.0442,7410.57,6858.35,6709.85,normal,,,ok,coinmetrics,
2018-07-22,38.3051,37.2689,7399.48,6982.35,6749.41,normal,,,ok,coinmetrics,
2018-07-23,38.3834,37.4805,7716.16,7133.07,6810.3,normal,,,ok,coinmetrics,
2018-07-24,38.3091,37.5347,8397.62,7347.32,6901.22,normal,,,ok,coinmetrics,
2018-07-25,38.507,37.7161,8202.72,7532.83,6984.59,normal,,,ok,coinmetrics,
2018-07-26,38.6946,37.8388,7913.93,7653.14,7050.36,normal,,,ok,coinmetrics,
2018-07-27,39.1096,37.9987,8173.77,7738.46,7122.16,normal,,,ok,coinmetrics,
2018-07-28,39.0329,38.1248,8190.36,7819.89,7196.43,normal,,,ok,coinmetrics,
2018-07-29,39.3452,38.2953,8229.61,7896.15,7274.71,normal,,,ok,coinmetrics,
2018-07-30,39.4799,38.3491,8171.84,7980.61,7367.85,normal,,,ok,coinmetrics,
2018-07-31,39.6923,38.4814,7725.13,8012.06,7435.2,normal,,,ok,coinmetrics,
2018-08-01,39.96,38.6784,7596.7,8031.78,7507.07,normal,,,ok,coinmetrics,
2018-08-02,40.4374,38.8509,7542.69,8014.44,7573.75,normal,,,ok,coinmetrics,
2018-08-03,40.8829,39.0161,7411.34,7915.81,7631.56,normal,,,ok,coinmetrics,
2018-08-04,41.4004,39.2408,7002.21,7795.76,7664.29,normal,,,ok,coinmetrics,
2018-08-05,41.5557,39.4277,7031.59,7707.52,7680.33,normal,,,ok,coinmetrics,
2018-08-06,41.4606,39.4881,6929.99,7583.15,7660.8,normal,,,ok,coinmetrics,
2018-08-07,41.545,39.6389,6722.58,7436.37,7628.13,normal,,,ok,coinmetrics,
2018-08-08,41.884,39.8274,6267.39,7240.15,7568.15,normal,,,ok,coinmetrics,
2018-08-09,42.0286,40.042,6558.1,7078.77,7529.69,normal,,,ok,coinmetrics,
2018-08-10,42.5638,40.3364,6135.75,6919.83,7465.95,normal,,,ok,coinmetrics,
2018-08-11,43.0602,40.6176,6313.75,6791.54,7411.66,normal,,,ok,coinmetrics,
2018-08-12,43.4303,40.8528,6314.69,6668.74,7341.59,normal,,,ok,coinmetrics,
2018-08-13,43.8363,41.0205,6265.85,6554.19,7235,normal,,,ok,coinmetrics,
2018-08-14,44.0941,41.1142,6184.83,6472.45,7134.11,normal,,,ok,coinmetrics,
2018-08-15,44.7321,41.2869,6270.21,6396.31,7051.92,normal,,,ok,coinmetrics,
2018-08-16,45.0365,41.4806,6290.75,6332.39,6957.77,normal,,,ok,coinmetrics,
2018-08-17,45.1526,41.614,6563.08,6316.44,6876.4,normal,,,ok,coinmetrics,
2018-08-18,45.3792,41.8151,6399.29,6329.63,6784.89,normal,,,ok,coinmetrics,
2018-08-19,45.5928,41.9306,6490.72,6322.89,6700.83,normal,,,ok,coinmetrics,
2018-08-20,46.0053,42.0095,6272.95,6336.61,6628.22,normal,,,ok,coinmetrics,
2018-08-21,46.0104,42.1578,6473.08,6352.54,6572.04,normal,,,ok,coinmetrics,
2018-08-22,46.2799,42.3317,6365.01,6357.58,6513.16,normal,,,ok,coinmetrics,
2018-08-23,46.493,42.4011,6516.41,6382.63,6468.41,normal,,,ok,coinmetrics,
2018-08-24,46.5507,42.5289,6697.73,6433.92,6453.19,normal,,,ok,coinmetrics,
2018-08-25,46.6396,42.6671,6745.44,6481.45,6438.88,normal,,,ok,coinmetrics,
2018-08-26,47.135,43.1223,6689.87,6521.36,6426.87,normal,,,ok,coinmetrics,
2018-08-27,47.953,43.493,6839.16,6548.97,6432.7,normal,,,ok,coinmetrics,
2018-08-28,48.0758,43.7105,7092.97,6618.33,6473.98,normal,,,ok,coinmetrics,
2018-08-29,48.3043,43.8921,7033.43,6672.6,6497.75,normal,,,ok,coinmetrics,
2018-08-30,48.5717,44.132,6966.96,6742.01,6539.31,normal,,,ok,coinmetrics,
2018-08-31,48.8208,44.3904,7025.14,6797.21,6574.88,normal,,,ok,coinmetrics,
2018-09-01,48.9957,44.7165,7192.35,6879.95,6618.76,normal,,,ok,coinmetrics,
2018-09-02,48.9644,44.9237,7286.67,6956.97,6669.8,normal,,,ok,coinmetrics,
2018-09-03,48.8345,45.1174,7257.47,7012.95,6723.43,normal,,,ok,coinmetrics,
2018-09-04,48.6617,45.1087,7358.81,7074.28,6777.86,normal,,,ok,coinmetrics,
2018-09-05,48.8417,45.1512,6790.9,7084.39,6802.87,normal,,,ok,coinmetrics,
2018-09-06,49.0252,45.2851,6488.08,7049.28,6799.12,normal,,,ok,coinmetrics,
2018-09-07,49.2356,45.5598,6408.65,6980.85,6799.59,normal,,,ok,coinmetrics,
2018-09-08,49.5114,45.77,6187.79,6896.28,6784.44,normal,,,ok,coinmetrics,
2018-09-09,49.6722,46.118,6249.25,6824.51,6783.26,normal,,,ok,coinmetrics,
2018-09-10,49.4928,46.2765,6295.39,6751.54,6774.37,normal,,,ok,coinmetrics,
2018-09-11,49.4918,46.461,6278.42,6660.14,6770.04,normal,,,ok,coinmetrics,
2018-09-12,49.8577,46.847,6327.54,6564.23,6760.6,normal,,,ok,coinmetrics,
2018-09-13,50.1392,47.1166,6490.91,6487.57,6750.26,normal,,,ok,coinmetrics,
2018-09-14,49.9699,47.351,6494.7,6401.16,6737.72,normal,,,ok,coinmetrics,
2018-09-15,49.9255,47.481,6524.17,6374.49,6729.44,normal,,,ok,coinmetrics,
2018-09-16,49.9329,47.5428,6497.4,6375.42,6712.35,normal,,,ok,coinmetrics,
2018-09-17,49.8091,47.5942,6258.59,6360.42,6670.63,normal,,,ok,coinmetrics,
2018-09-18,49.9256,47.7592,6340.35,6375.67,6635.98,normal,,,ok,coinmetrics,
2018-09-19,50.1519,48.0786,6383.95,6389.14,6606.83,normal,,,ok,coinmetrics,
2018-09-20,50.3804,48.1954,6498.61,6409.46,6580.5,normal,,,ok,coinmetrics,
2018-09-21,50.3931,48.3365,6741.14,6455.74,6557.94,normal,,,ok,coinmetrics,
2018-09-22,50.6527,48.5729,6705.48,6493.53,6528.88,normal,,,ok,coinmetrics,
2018-09-23,50.854,48.7023,6703.14,6514.75,6501.16,normal,,,ok,coinmetrics,
2018-09-24,51.1032,48.8714,6576.55,6522.94,6462.05,normal,,,ok,coinmetrics,
2018-09-25,51.1778,49.1564,6416.44,6512.17,6443.33,normal,,,ok,coinmetrics,
2018-09-26,50.763,49.358,6463.25,6508.75,6442.09,normal,,,ok,coinmetrics,
2018-09-27,50.7523,49.4141,6677.9,6550.68,6455.55,normal,,,ok,coinmetrics,
2018-09-28,51.0281,49.6662,6623.13,6578.96,6477.31,normal,,,ok,coinmetrics,
2018-09-29,51.1129,49.8423,6584.5,6599.01,6494.08,normal,,,ok,coinmetrics,
2018-09-30,51.317,50.0689,6604.49,6609.6,6509.53,normal,,,ok,coinmetrics,
2018-10-01,51.5064,50.251,6561.81,6591.67,6523.7,normal,,,ok,coinmetrics,
2018-10-02,51.5249,50.2447,6508.72,6571.99,6532.76,normal,,,ok,coinmetrics,
2018-10-03,51.6383,50.2364,6464.46,6548.12,6531.44,normal,,,ok,coinmetrics,
2018-10-04,52.0667,50.3642,6545.29,6545,6533.97,normal,,,ok,coinmetrics,
2018-10-05,52.2011,50.5214,6585.15,6561.87,6537.02,normal,,,ok,coinmetrics,
2018-10-06,52.0732,50.5492,6550.48,6570.59,6539.67,normal,,,ok,coinmetrics,
2018-10-07,52.0691,50.6524,6564.57,6559.26,6554.97,normal,,,ok,coinmetrics,
2018-10-08,51.9921,50.7518,6604.69,6557.41,6568.19,normal,,,ok,coinmetrics,
2018-10-09,51.7022,50.6872,6590.43,6558.01,6578.51,normal,,,ok,coinmetrics,
2018-10-10,51.9108,50.7018,6529.1,6550.47,6580.03,normal,,,ok,coinmetrics,
2018-10-11,52.235,50.8634,6159.25,6510.21,6550.94,normal,,,ok,coinmetrics,
2018-10-12,51.9116,50.8846,6191.68,6478.51,6525.25,normal,,,ok,coinmetrics,
2018-10-13,51.932,51.0356,6197.69,6451.83,6499.98,normal,,,ok,coinmetrics,
2018-10-14,51.805,50.8874,6182.88,6415.59,6480.29,normal,,,ok,coinmetrics,
2018-10-15,52.1778,51.0516,6442.72,6401.35,6481.61,normal,,,ok,coinmetrics,
2018-10-16,52.2288,51.0808,6461.94,6392.49,6481.54,normal,,,ok,coinmetrics,
2018-10-17,52.3633,51.0862,6442.73,6380.31,6469.78,normal,,,ok,coinmetrics,
2018-10-18,52.4079,51.1667,6396.48,6359.49,6458.45,normal,,,ok,coinmetrics,
2018-10-19,52.2835,51.2177,6383.08,6338.75,6448.38,normal,,,ok,coinmetrics,
2018-10-20,52.1902,51.2853,6408.25,6326.67,6438.57,normal,,,ok,coinmetrics,
2018-10-21,52.126,51.2596,6415.34,6352.28,6431.25,normal,,,ok,coinmetrics,
2018-10-22,52.1337,51.3932,6408.03,6373.91,6426.21,normal,,,ok,coinmetrics,
2018-10-23,52.1888,51.5214,6395.99,6393.74,6422.79,normal,,,ok,coinmetrics,
2018-10-24,51.7797,51.4415,6413.8,6416.84,6416.21,normal,,,ok,coinmetrics,
2018-10-25,51.4073,51.2925,6402.32,6412.8,6407.07,normal,,,ok,coinmetrics,
2018-10-26,51.4619,51.1124,6404.11,6407.01,6399.75,normal,,,ok,coinmetrics,
2018-10-27,51.3857,51.069,6409.41,6403.68,6392,normal,,,ok,coinmetrics,
2018-10-28,51.2268,51.1274,6406.63,6404.7,6382.09,normal,,,ok,coinmetrics,
2018-10-29,51.163,51.138,6263.04,6392.69,6365.72,normal,,,ok,coinmetrics,
2018-10-30,51.064,51.1905,6272.17,6379.08,6352.88,capitulation,gray,capitulation,ok,coinmetrics,
2018-10-31,51.1314,51.3189,6306.32,6368.18,6360.23,capitulation,green,,ok,coinmetrics,
2018-11-01,51.3407,51.4328,6342.98,6361.68,6367.8,capitulation,green,,ok,coinmetrics,
2018-11-02,51.3245,51.4814,6348.17,6356.89,6375.32,capitulation,gray,,ok,coinmetrics,
2018-11-03,51.4083,51.7375,6332.43,6348.76,6382.8,capitulation,green,,ok,coinmetrics,
2018-11-04,51.2666,51.7339,6420.42,6350.57,6381.68,capitulation,gray,,ok,coinmetrics,
2018-11-05,51.4368,51.755,6402.95,6350.45,6378.73,capitulation,green,,ok,coinmetrics,
2018-11-06,51.2065,51.6378,6441.15,6353.63,6378.65,capitulation,gray,,ok,coinmetrics,
2018-11-07,51.0864,51.5393,6500.87,6363.05,6383.87,capitulation,gray,,ok,coinmetrics,
2018-11-08,50.921,51.3116,6406.75,6377.42,6385.06,capitulation,gray,,ok,coinmetrics,
2018-11-09,50.6541,51.2824,6331.38,6383.34,6381.21,capitulation,gray,,ok,coinmetrics,
2018-11-10,50.2494,51.2422,6353.11,6388.02,6378.1,capitulation,gray,,ok,coinmetrics,
2018-11-11,50.3569,51.1343,6335.41,6387.26,6374.47,capitulation,green,,ok,coinmetrics,
2018-11-12,50.2818,51.1069,6320.66,6384.51,6370.7,capitulation,gray,,ok,coinmetrics,
2018-11-13,50.3021,51.0535,6267.94,6378.06,6363.41,capitulation,green,,ok,coinmetrics,
2018-11-14,49.9081,51.0429,5574.26,6293.45,6322.01,capitulation,gray,,ok,coinmetrics,
2018-11-15,49.7523,50.9905,5538.56,6207.01,6278.73,capitulation,gray,,ok,coinmetrics,
2018-11-16,49.5414,50.9524,5496.02,6112.5,6233.06,capitulation,gray,,ok,coinmetrics,
2018-11-17,49.4439,50.9259,5501.09,6012.52,6187.78,capitulation,gray,,ok,coinmetrics,
2018-11-18,49.1098,50.6967,5555.38,5927.38,6152.4,capitulation,gray,,ok,coinmetrics,
2018-11-19,48.7969,50.4935,4792.2,5773.46,6078.4,capitulation,gray,,ok,coinmetrics,
2018-11-20,48.6097,50.3678,4317.53,5569.9,5978.96,capitulation,gray,,ok,coinmetrics,
2018-11-21,47.9224,50.0281,4549.32,5391.3,5889.28,capitulation,gray,,ok,coinmetrics,
2018-11-22,47.4345,49.8117,4303.62,5189.59,5787.05,capitulation,gray,,ok,coinmetrics,
2018-11-23,47.4676,49.6237,4289.89,4991.79,5684.93,capitulation,green,,ok,coinmetrics,
2018-11-24,47.4136,49.4104,3806.32,4814.99,5554.22,capitulation,gray,,ok,coinmetrics,
2018-11-25,47.1117,49.2868,3946.85,4655.82,5431.42,capitulation,gray,,ok,coinmetrics,
2018-11-26,46.7168,49.0512,3700.29,4476.25,5294.37,capitulation,gray,,ok,coinmetrics,
2018-11-27,46.4947,48.8607,3776.56,4303.79,5158.16,capitulation,gray,,ok,coinmetrics,
2018-11-28,46.0579,48.6104,4208.48,4169.1,5048.24,capitulation,gray,,ok,coinmetrics,
2018-11-29,45.3826,48.2233,4239.04,4113.79,4943.63,capitulation,gray,,ok,coinmetrics,
2018-11-30,44.556,47.8437,3973.33,4079.37,4824.64,capitulation,gray,,ok,coinmetrics,
2018-12-01,44.0901,47.7154,4148.07,4039.24,4715.27,capitulation,gray,,ok,coinmetrics,
2018-12-02,43.6445,47.4845,4098.75,4018.76,4604.17,capitulation,gray,,ok,coinmetrics,
2018-12-03,42.8896,47.1489,3843.98,3974.17,4482.98,capitulation,gray,,ok,coinmetrics,
2018-12-04,42.7165,46.9916,3892.95,3982.83,4398.91,capitulation,gray,,ok,coinmetrics,
2018-12-05,42.2185,46.8276,3709.52,3959.1,4307.46,capitulation,gray,,ok,coinmetrics,
2018-12-06,41.9578,46.5821,3511.97,3940.26,4208.26,capitulation,gray,,ok,coinmetrics,
2018-12-07,41.4768,46.2816,3373,3899.91,4101.85,capitulation,gray,,ok,coinmetrics,
2018-12-08,41.2245,46.0728,3407.95,3819.86,3994.48,capitulation,gray,,ok,coinmetrics,
2018-12-09,40.9102,45.7822,3540.44,3750,3931.89,capitulation,gray,,ok,coinmetrics,
2018-12-10,40.5109,45.3802,3413.59,3694.02,3886.7,capitulation,gray,,ok,coinmetrics,
2018-12-11,39.9423,45.1496,3352.56,3614.47,3826.86,capitulation,gray,,ok,coinmetrics,
2018-12-12,39.3984,44.8401,3423.01,3546.9,3782.83,capitulation,gray,,ok,coinmetrics,
2018-12-13,39.1955,44.7488,3260.34,3488.53,3731.35,capitulation,gray,,ok,coinmetrics,
2018-12-14,38.9544,44.4312,3198.95,3419.13,3700.98,capitulation,gray,,ok,coinmetrics,
2018-12-15,38.8366,44.2944,3185.07,3366.69,3662.89,capitulation,gray,,ok,coinmetrics,
2018-12-16,38.4187,43.9801,3195.41,3335.03,3637.65,capitulation,gray,,ok,coinmetrics,
2018-12-17,38.3171,43.8805,3499.16,3347.65,3623.78,capitulation,gray,,ok,coinmetrics,
2018-12-18,38.1489,43.6293,3659.53,3372.81,3596.33,capitulation,gray,,ok,coinmetrics,
2018-12-19,38.0205,43.4087,3697.73,3388.54,3569.27,capitulation,gray,,ok,coinmetrics,
2018-12-20,37.7075,43.1586,4067.74,3453.95,3573.99,capitulation,gray,,ok,coinmetrics,
2018-12-21,37.7346,42.8285,3839.09,3502.6,3558.54,capitulation,green,,ok,coinmetrics,
2018-12-22,37.8703,42.6524,3964.95,3556.8,3551.85,capitulation,green,,ok,coinmetrics,
2018-12-23,37.9814,42.7245,3942.67,3625.03,3556.78,capitulation,green,,ok,coinmetrics,
2018-12-24,37.6911,42.5523,4040.05,3709.14,3564.14,capitulation,gray,,ok,coinmetrics,
2018-12-25,37.6363,42.374,3761.58,3766.79,3566.74,capitulation,gray,,ok,coinmetrics,
2018-12-26,37.741,42.2289,3807.66,3828.01,3581.52,capitulation,green,,ok,coinmetrics,
2018-12-27,37.7691,42.1319,3585.46,3836.64,3592.15,capitulation,green,,ok,coinmetrics,
2018-12-28,37.8812,41.9696,3881.05,3858.8,3615.8,capitulation,green,,ok,coinmetrics,
2018-12-29,37.8913,41.6369,3823.14,3871.34,3629.94,capitulation,green,,ok,coinmetrics,
2018-12-30,38.267,41.4115,3825.41,3847.1,3650.53,capitulation,green,,ok,coinmetrics,
2018-12-31,38.2522,41.1712,3687.2,3831.92,3667.26,capitulation,gray,,ok,coinmetrics,
2019-01-01,38.3826,41.0136,3808.12,3816.23,3686.51,capitulation,green,,ok,coinmetrics,
2019-01-02,38.6267,40.7582,3898.2,3811.79,3718.41,capitulation,green,,ok,coinmetrics,
2019-01-03,38.7787,40.7476,3784.39,3786.22,3747.68,capitulation,green,,ok,coinmetrics,
2019-01-04,38.9496,40.584,3827.52,3792.81,3779.8,capitulation,green,,ok,coinmetrics,
2019-01-05,39.204,40.5809,3798.61,3791.91,3809.96,capitulation,green,,ok,coinmetrics,
2019-01-06,39.4501,40.4635,4045.99,3837.96,3837.3,capitulation,green,,ok,coinmetrics,
2019-01-07,39.5746,40.3996,4001.02,3849.96,3854.38,capitulation,green,,ok,coinmetrics,
2019-01-08,39.9504,40.4303,3992.62,3866.91,3869.12,capitulation,green,,ok,coinmetrics,
2019-01-09,40.3171,40.414,4004.26,3884.79,3865.95,capitulation,green,,ok,coinmetrics,
2019-01-10,40.6,40.2712,3627.9,3878.86,3855.39,normal,blue,buy,ok,coinmetrics,
2019-01-11,40.8551,40.1268,3624.16,3860.47,3838.35,normal,,,ok,coinmetrics,
2019-01-12,40.9143,40.0549,3617.02,3832.35,3822.07,normal,,,ok,coinmetrics,
2019-01-13,40.8238,39.8891,3508.67,3804.78,3795.5,normal,,,ok,coinmetrics,
2019-01-14,40.8793,39.858,3666.95,3788.72,3790.77,normal,,,ok,coinmetrics,
2019-01-15,41.0904,39.7545,3581.29,3766.99,3779.45,normal,,,ok,coinmetrics,
2019-01-16,40.8901,39.6036,3606.99,3723.09,3780.53,normal,,,ok,coinmetrics,
2019-01-17,40.9406,39.5447,3640.13,3687,3768.48,normal,,,ok,coinmetrics,
2019-01-18,41.0253,39.5229,3609.43,3648.68,3757.79,normal,,,ok,coinmetrics,
2019-01-19,41.1797,39.4436,3687.3,3616.98,3750.89,normal,,,ok,coinmetrics,
2019-01-20,41.5259,39.6302,3538.31,3608.02,3743.44,normal,,,ok,coinmetrics,
2019-01-21,41.5076,39.689,3535.62,3599.17,3729.82,normal,,,ok,coinmetrics,
2019-01-22,41.2859,39.6337,3577.31,3595.2,3713.78,normal,,,ok,coinmetrics,
2019-01-23,41.4232,39.5571,3551.89,3599.52,3702.15,normal,,,ok,coinmetrics,
2019-01-24,41.6573,39.6468,3567.59,3589.59,3689.15,normal,,,ok,coinmetrics,
2019-01-25,41.6744,39.7077,3561.35,3587.59,3677.29,normal,,,ok,coinmetrics,
2019-01-26,41.6646,39.7168,3557.04,3582.6,3652.84,normal,,,ok,coinmetrics,
2019-01-27,41.5872,39.7342,3537.61,3572.35,3629.67,normal,,,ok,coinmetrics,
2019-01-28,41.8213,39.8563,3435.05,3554.91,3601.79,normal,,,ok,coinmetrics,
2019-01-29,41.7388,40.0029,3395.82,3525.76,3571.37,normal,,,ok,coinmetrics,
2019-01-30,41.6969,39.9746,3437.9,3515.72,3561.87,normal,,,ok,coinmetrics,
2019-01-31,41.8032,40.0929,3410.13,3503.17,3551.17,normal,,,ok,coinmetrics,
2019-02-01,41.9197,40.2732,3445.05,3489.94,3542.57,normal,,,ok,coinmetrics,
2019-02-02,41.864,40.3213,3461.94,3480.95,3540.24,normal,,,ok,coinmetrics,
2019-02-03,41.8065,40.378,3413.02,3465.49,3527.54,normal,,,ok,coinmetrics,
2019-02-04,41.7052,40.4546,3411.39,3450.5,3519.04,normal,,,ok,coinmetrics,
2019-02-05,41.8089,40.6295,3426.47,3437.44,3510.02,normal,,,ok,coinmetrics,
2019-02-06,42.0763,40.8255,3367.51,3420.43,3496.39,normal,,,ok,coinmetrics,
2019-02-07,42.1794,41.0649,3358.87,3412.81,3483.86,normal,,,ok,coinmetrics,
2019-02-08,42.223,41.2701,3612.48,3434.47,3480.12,normal,,,ok,coinmetrics,
2019-02-09,42.2159,41.4079,3621.27,3452.81,3484.27,normal,,,ok,coinmetrics,
2019-02-10,42.2073,41.5312,3642.02,3476,3489.59,normal,,,ok,coinmetrics,
2019-02-11,42.3789,41.6466,3590.62,3490.56,3490.25,normal,,,ok,coinmetrics,
2019-02-12,42.3891,41.6064,3587.9,3503.15,3492.05,normal,,,ok,coinmetrics,
2019-02-13,42.4762,41.6777,3576.09,3519.46,3492.48,normal,,,ok,coinmetrics,
2019-02-14,42.6054,41.8479,3561.92,3534.51,3492.5,normal,,,ok,coinmetrics,
2019-02-15,42.5842,41.7372,3565.01,3548.37,3492.9,normal,,,ok,coinmetrics,
2019-02-16,42.8526,41.8966,3584.74,3570.09,3495.26,normal,,,ok,coinmetrics,
2019-02-17,43.1041,42.0647,3622.76,3596.48,3504.64,normal,,,ok,coinmetrics,
2019-02-18,43.3642,42.272,3866.13,3621.84,3528.16,normal,,,ok,coinmetrics,
2019-02-19,43.4004,42.4631,3895.44,3649.26,3551.04,normal,,,ok,coinmetrics,
2019-02-20,43.2436,42.3756,3931.61,3678.22,3577.11,normal,,,ok,coinmetrics,
2019-02-21,43.1714,42.2286,3892.26,3708.38,3599.47,normal,,,ok,coinmetrics,
2019-02-22,43.375,42.3991,3948.3,3744.42,3623.79,normal,,,ok,coinmetrics,
2019-02-23,43.2318,42.4446,4110.15,3797.83,3658.65,normal,,,ok,coinmetrics,
2019-02-24,43.2631,42.4687,3754.18,3817.06,3675.79,normal,,,ok,coinmetrics,
2019-02-25,43.2393,42.4519,3822.02,3842.76,3695.56,normal,,,ok,coinmetrics,
2019-02-26,43.5234,42.5553,3796.18,3863.9,3717,normal,,,ok,coinmetrics,
2019-02-27,43.5403,42.6808,3799.38,3881.57,3739.02,normal,,,ok,coinmetrics,
2019-02-28,43.6427,42.6908,3792.95,3874.25,3748.05,normal,,,ok,coinmetrics,
2019-03-01,43.9623,42.8296,3810.63,3865.77,3757.51,normal,,,ok,coinmetrics,
2019-03-02,43.7969,42.8,3809.64,3853.57,3765.89,normal,,,ok,coinmetrics,
2019-03-03,43.7435,42.8316,3782.38,3842.58,3775.48,normal,,,ok,coinmetrics,
2019-03-04,43.7345,42.7993,3698.16,3817.57,3781,normal,,,ok,coinmetrics,
2019-03-05,43.904,42.8552,3840.13,3790.57,3794.2,normal,,,ok,coinmetrics,
2019-03-06,43.7754,42.7403,3852,3800.35,3808.7,normal,,,ok,coinmetrics,
2019-03-07,43.7878,42.7983,3855.92,3803.74,3823.25,normal,,,ok,coinmetrics,
2019-03-08,43.6766,42.8764,3839.23,3808.04,3835.97,normal,,,ok,coinmetrics,
2019-03-09,43.3885,42.7839,3910.36,3819.14,3850.35,normal,,,ok,coinmetrics,
2019-03-10,43.1862,42.7046,3903.91,3830.24,3852.24,normal,,,ok,coinmetrics,
2019-03-11,43.1689,42.6924,3851.57,3834.33,3850.05,normal,,,ok,coinmetrics,
2019-03-12,43.2376,42.7225,3858.91,3839.26,3846.41,normal,,,ok,coinmetrics,
2019-03-13,43.1388,42.7589,3851.96,3846.22,3844.4,normal,,,ok,coinmetrics,
2019-03-14,43.4119,42.9005,3853.78,3861.78,3839.67,normal,,,ok,coinmetrics,
2019-03-15,43.4138,42.945,3901.91,3867.96,3829.26,normal,,,ok,coinmetrics,
2019-03-16,43.6367,43.1211,3989.8,3881.74,3841.04,normal,,,ok,coinmetrics,
2019-03-17,43.8293,43.2068,3967.14,3892.86,3848.3,normal,,,ok,coinmetrics,
2019-03-18,43.9418,43.3972,3969.44,3905.88,3856.96,normal,,,ok,coinmetrics,
2019-03-19,44.0946,43.5994,3996.17,3914.46,3866.8,normal,,,ok,coinmetrics,
2019-03-20,44.1568,43.7605,4030.66,3927.13,3878.69,normal,,,ok,coinmetrics,
2019-03-21,44.028,43.7142,3976.27,3939.6,3886.97,normal,,,ok,coinmetrics,
2019-03-22,44.3413,43.7925,3983.89,3952.1,3895.68,normal,,,ok,coinmetrics,
2019-03-23,44.6042,43.8878,3981.78,3965.08,3905.65,normal,,,ok,coinmetrics,
2019-03-24,44.5627,43.9689,3970.67,3976.77,3919.28,normal,,,ok,coinmetrics,
2019-03-25,44.6908,43.9613,3908.24,3977.4,3922.68,normal,,,ok,coinmetrics,
2019-03-26,44.7306,43.9968,3917.76,3970.2,3925.97,normal,,,ok,coinmetrics,
2019-03-27,44.8668,44.0531,4027.01,3976.19,3934.52,normal,,,ok,coinmetrics,
2019-03-28,44.7903,44.1569,4010.94,3980.34,3943.11,normal,,,ok,coinmetrics,
2019-03-29,44.9255,44.2329,4089.46,3989.67,3952.06,normal,,,ok,coinmetrics,
2019-03-30,44.8857,44.2642,4091.89,3995.79,3961.46,normal,,,ok,coinmetrics,
2019-03-31,44.7251,44.3437,4094.32,4007.59,3973.6,normal,,,ok,coinmetrics,
2019-04-01,44.8346,44.3158,4138.42,4023.05,3987.57,normal,,,ok,coinmetrics,
2019-04-02,45.0252,44.3844,4903.72,4115.24,4040.16,normal,,,ok,coinmetrics,
2019-04-03,45.1479,44.4412,4960.23,4214.2,4095.49,normal,,,ok,coinmetrics,
2019-04-04,45.1287,44.5163,4911.27,4314.5,4145.95,normal,,,ok,coinmetrics,
2019-04-05,45.511,44.6432,5033.23,4426.05,4198.12,normal,,,ok,coinmetrics,
2019-04-06,45.5518,44.6698,5044.36,4527.78,4251.99,normal,,,ok,coinmetrics,
2019-04-07,45.5765,44.6265,5189.11,4645.6,4312.97,normal,,,ok,coinmetrics,
2019-04-08,45.7559,44.5722,5283.42,4765,4377.33,normal,,,ok,coinmetrics,
2019-04-09,45.7861,44.4861,5195.58,4875.36,4435.58,normal,,,ok,coinmetrics,
2019-04-10,45.9259,44.5474,5311.74,4997.11,4502.35,normal,,,ok,coinmetrics,
2019-04-11,46.151,44.6943,5050.67,5088.33,4555.69,normal,,,ok,coinmetrics,
2019-04-12,46.393,44.7659,5082.86,5106.25,4610.74,normal,,,ok,coinmetrics,
2019-04-13,46.2644,44.8381,5074.79,5117.7,4665.95,normal,,,ok,coinmetrics,
2019-04-14,46.0182,44.716,5156.8,5142.26,4728.38,normal,,,ok,coinmetrics,
2019-04-15,45.915,44.7759,5042.9,5143.22,4784.64,normal,,,ok,coinmetrics,
2019-04-16,45.9828,44.9061,5205.96,5159.38,4843.58,normal,,,ok,coinmetrics,
2019-04-17,45.8257,44.8837,5226.35,5163.11,4904.35,normal,,,ok,coinmetrics,
2019-04-18,45.6543,44.8744,5278.5,5162.62,4963.81,normal,,,ok,coinmetrics,
2019-04-19,45.6454,44.9011,5289.95,5172.05,5023.71,normal,,,ok,coinmetrics,
2019-04-20,45.5951,44.8115,5313.97,5172.28,5084.69,normal,,,ok,coinmetrics,
2019-04-21,45.6824,45.0118,5295.73,5196.78,5142.56,normal,,,ok,coinmetrics,
2019-04-22,45.6348,45.1195,5383.8,5226.88,5166.56,normal,,,ok,coinmetrics,
2019-04-23,45.2704,44.9165,5544.86,5273.88,5195.79,normal,,,ok,coinmetrics,
2019-04-24,45.4219,45.0563,5431.95,5301.4,5221.83,normal,,,ok,coinmetrics,
2019-04-25,45.5108,45.1207,5127.67,5309.88,5226.55,normal,,,ok,coinmetrics,
2019-04-26,45.5254,45.1961,5150.16,5304.3,5231.84,normal,,,ok,coinmetrics,
2019-04-27,45.4243,45.1073,5181.81,5299.84,5231.47,normal,,,ok,coinmetrics,
2019-04-28,45.5863,45.2559,5148.67,5286.86,5224.74,normal,,,ok,coinmetrics,
2019-04-29,45.8329,45.3593,5148.8,5272.74,5222.4,normal,,,ok,coinmetrics,
2019-04-30,45.8374,45.2812,5266.62,5268.01,5220.14,normal,,,ok,coinmetrics,
2019-05-01,46.1999,45.5173,5315.18,5269.95,5233.37,normal,,,ok,coinmetrics,
2019-05-02,46.4773,45.7513,5393.13,5270.88,5248.88,normal,,,ok,coinmetrics,
2019-05-03,46.5764,45.8622,5658.43,5282.24,5278.06,normal,,,ok,coinmetrics,
2019-05-04,46.533,45.8308,5774.71,5316.52,5308.96,normal,,,ok,coinmetrics,
2019-05-05,46.2955,45.9032,5728.35,5376.59,5343.23,normal,,,ok,coinmetrics,
2019-05-06,46.5029,46.0274,5691.69,5430.74,5367.52,normal,,,ok,coinmetrics,
2019-05-07,46.4197,45.9981,5825.74,5495.13,5397.49,normal,,,ok,coinmetrics,
2019-05-08,46.5399,46.1479,5931.8,5573.45,5430.15,normal,,,ok,coinmetrics,
2019-05-09,46.8074,46.2967,6150.14,5673.58,5473.16,normal,,,ok,coinmetrics,
2019-05-10,46.6278,46.2769,6357.46,5782.66,5525.34,normal,,,ok,coinmetrics,
2019-05-11,46.4084,46.2797,7325.08,5983.65,5626.8,normal,,,ok,coinmetrics,
2019-05-12,46.5635,46.4782,6942.62,6138.6,5704.74,normal,,,ok,coinmetrics,
2019-05-13,46.988,46.6262,7798.91,6352.65,5817.45,normal,,,ok,coinmetrics,
2019-05-14,47.3837,46.7009,7955.56,6570.74,5943.63,normal,,,ok,coinmetrics,
2019-05-15,47.5024,46.7087,8215.21,6819.42,6098,normal,,,ok,coinmetrics,
2019-05-16,47.5878,46.7853,7862.07,7036.46,6233.6,normal,,,ok,coinmetrics,
2019-05-17,47.8028,46.8143,7326.92,7186.58,6340.85,normal,,,ok,coinmetrics,
2019-05-18,47.924,46.7892,7277.99,7321.2,6447.32,normal,,,ok,coinmetrics,
2019-05-19,48.1247,46.8851,8219.74,7528.16,6600.87,normal,,,ok,coinmetrics,
2019-05-20,48.5256,47.0604,7981.14,7690.52,6736.59,normal,,,ok,coinmetrics,
2019-05-21,48.5191,47.1007,7983.81,7756.4,6870.03,normal,,,ok,coinmetrics,
2019-05-22,48.9638,47.2993,7667.9,7828.92,6983.76,normal,,,ok,coinmetrics,
2019-05-23,49.498,47.3842,7897.47,7838.78,7095.72,normal,,,ok,coinmetrics,
2019-05-24,49.4818,47.4519,7987.1,7841.94,7206.34,normal,,,ok,coinmetrics,
2019-05-25,49.5318,47.5213,8061.59,7826.57,7323,normal,,,ok,coinmetrics,
2019-05-26,49.7753,47.6504,8731.52,7913.52,7474.99,normal,,,ok,coinmetrics,
2019-05-27,50.1884,47.8064,8816.79,8062.51,7624.54,normal,,,ok,coinmetrics,
2019-05-28,50.2945,47.9404,8719.13,8206.62,7763.91,normal,,,ok,coinmetrics,
2019-05-29,50.5117,48.1723,8655.49,8250.19,7889.18,normal,,,ok,coinmetrics,
2019-05-30,50.833,48.3352,8271.62,8279.24,7984.88,normal,,,ok,coinmetrics,
2019-05-31,50.479,48.3395,8556.22,8336.48,8046.44,normal,,,ok,coinmetrics,
2019-06-01,50.4085,48.4429,8554.81,8425.17,8127.05,normal,,,ok,coinmetrics,
2019-06-02,50.4277,48.5021,8744.35,8509.86,8174.32,normal,,,ok,coinmetrics,
2019-06-03,50.4622,48.4976,8173.4,8528.49,8185.21,normal,,,ok,coinmetrics,
2019-06-04,50.9331,48.6143,7649.94,8487.33,8156.95,normal,,,ok,coinmetrics,
2019-06-05,51.2339,48.8684,7798.54,8394.03,8153.77,normal,,,ok,coinmetrics,
2019-06-06,51.7642,49.0919,7776.71,8290.02,8176.26,normal,,,ok,coinmetrics,
2019-06-07,52.0291,49.2845,8023.95,8220.5,8213.56,normal,,,ok,coinmetrics,
2019-06-08,51.896,49.3517,7939.81,8148.94,8199.56,normal,,,ok,coinmetrics,
2019-06-09,52.3248,49.4763,7634.07,8085.18,8182.21,normal,,,ok,coinmetrics,
2019-06-10,52.8218,49.6151,7993.3,8028.89,8182.69,normal,,,ok,coinmetrics,
2019-06-11,52.8347,49.6991,7922.48,7965.66,8195.42,normal,,,ok,coinmetrics,
2019-06-12,52.5993,49.7937,8146.76,7905.9,8207.88,normal,,,ok,coinmetrics,
2019-06-13,52.7777,50.0807,8232.78,7911.83,8220.16,normal,,,ok,coinmetrics,
2019-06-14,53.1981,50.3502,8698,8016.64,8251.98,normal,,,ok,coinmetrics,
2019-06-15,53.3692,50.4785,8850.58,8121.84,8257.94,normal,,,ok,coinmetrics,
2019-06-16,53.2883,50.5456,9019.52,8246.12,8268.07,normal,,,ok,coinmetrics,
2019-06-17,53.2216,50.5728,9340.57,8377.79,8299.15,normal,,,ok,coinmetrics,
2019-06-18,53.412,50.7683,9047.13,8488.52,8318.73,normal,,,ok,coinmetrics,
2019-06-19,53.7964,51.161,9285.06,8653.62,8369.4,normal,,,ok,coinmetrics,
2019-06-20,53.8646,51.1918,9546.72,8808.96,8418.92,normal,,,ok,coinmetrics,
2019-06-21,53.6422,51.303,10083.49,9025.06,8495.36,normal,,,ok,coinmetrics,
2019-06-22,53.618,51.558,10685.3,9278.91,8592.41,normal,,,ok,coinmetrics,
2019-06-23,54.1404,51.8111,10794.43,9535.08,8723.46,normal,,,ok,coinmetrics,
2019-06-24,54.7582,52.145,11004.21,9765.7,8891.17,normal,,,ok,coinmetrics,
2019-06-25,54.7176,52.2465,11726.26,10053.27,9087.56,normal,,,ok,coinmetrics,
2019-06-26,54.8881,52.5383,12863.46,10437.66,9341.89,normal,,,ok,coinmetrics,
2019-06-27,54.9218,52.6081,11109.8,10614.58,9496.19,normal,,,ok,coinmetrics,
2019-06-28,55.1318,52.8217,12358.21,10945.69,9717.11,normal,,,ok,coinmetrics,
2019-06-29,55.6245,53.2287,11944.35,11211.62,9932.62,normal,,,ok,coinmetrics,
2019-06-30,56.1767,53.3279,10842.62,11341.21,10075.09,normal,,,ok,coinmetrics,
2019-07-01,56.1904,53.2995,10569.55,11389.82,10207.44,normal,,,ok,coinmetrics,
2019-07-02,56.6485,53.5381,10766.08,11397.9,10338.41,normal,,,ok,coinmetrics,
2019-07-03,57.439,53.9506,11952.02,11513.66,10524.37,normal,,,ok,coinmetrics,
2019-07-04,57.7312,54.3322,11177.01,11530.94,10648.32,normal,,,ok,coinmetrics,
2019-07-05,58.2384,54.7362,10998.4,11458.15,10755.71,normal,,,ok,coinmetrics,
2019-07-06,58.6381,55.2011,11208.23,11292.63,10865.14,normal,,,ok,coinmetrics,
2019-07-07,58.6967,55.3629,11456.18,11327.27,10970.93,normal,,,ok,coinmetrics,
2019-07-08,59.5043,55.7002,12319.62,11323.41,11134.55,normal,,,ok,coinmetrics,
2019-07-09,59.888,56.1064,12579.11,11386.88,11299.25,normal,,,ok,coinmetrics,
2019-07-10,59.8848,56.3533,12106.78,11513.3,11427.26,normal,,,ok,coinmetrics,
2019-07-11,60.0548,56.4447,11294.68,11585.81,11487.81,normal,,,ok,coinmetrics,
2019-07-12,60.8987,56.749,11813.32,11690.54,11544.22,normal,,,ok,coinmetrics,
2019-07-13,61.1499,56.9638,11346.84,11630.02,11571.84,normal,,,ok,coinmetrics,
2019-07-14,61.2527,57.2254,10283.08,11540.62,11535.78,normal,,,ok,coinmetrics,
2019-07-15,61.653,57.5111,10926.38,11533.42,11495.79,normal,,,ok,coinmetrics,
2019-07-16,62.4901,57.8892,9471.14,11359.71,11326.17,normal,,,ok,coinmetrics,
2019-07-17,62.8548,58.0382,9674.88,11181.58,11254.42,normal,,,ok,coinmetrics,
2019-07-18,62.6709,58.0414,10679.89,11017.61,11170.51,normal,,,ok,coinmetrics,
2019-07-19,62.2701,58.0332,10532.2,10812.92,11099.9,normal,,,ok,coinmetrics,
2019-07-20,63.1606,58.5126,10862.65,10688.51,11100.9,normal,,,ok,coinmetrics,
2019-07-21,63.7655,58.7039,10589.71,10618.01,11101.91,normal,,,ok,coinmetrics,
2019-07-22,64.4075,59.0127,10318.56,10468.53,11079.53,normal,,,ok,coinmetrics,
2019-07-23,64.3253,59.2329,9866.65,10320.51,10975.27,normal,,,ok,coinmetrics,
2019-07-24,64.2283,59.4932,9792.79,10271.48,10906.05,normal,,,ok,coinmetrics,
2019-07-25,64.6762,59.6969,9897.19,10168.57,10850.99,normal,,,ok,coinmetrics,
2019-07-26,65.1297,60.0089,9836.7,10205.12,10782.42,normal,,,ok,coinmetrics,
2019-07-27,65.5443,60.233,9446.67,10182.3,10681.94,normal,,,ok,coinmetrics,
2019-07-28,66.015,60.5734,9529.79,10067.29,10542.45,normal,,,ok,coinmetrics,
2019-07-29,66.2365,60.9305,9504.16,9964.49,10388.7,normal,,,ok,coinmetrics,
2019-07-30,66.3589,61.2678,9589.11,9837.13,10262.82,normal,,,ok,coinmetrics,
2019-07-31,67.0328,61.6116,10059,9784.06,10201.04,normal,,,ok,coinmetrics,
2019-08-01,67.0764,61.8624,10400.31,9792.24,10130.38,normal,,,ok,coinmetrics,
2019-08-02,67.3391,62.3891,10529.69,9858.54,10089.53,normal,,,ok,coinmetrics,
2019-08-03,67.7273,62.7292,10810.42,9960.3,10115.89,normal,,,ok,coinmetrics,
2019-08-04,67.7367,62.9875,10986.51,10069.24,10118.9,normal,,,ok,coinmetrics,
2019-08-05,67.7479,63.193,11790.02,10264.57,10234.85,normal,,,ok,coinmetrics,
2019-08-06,68.4001,63.5484,11423.5,10462.25,10322.28,normal,,,ok,coinmetrics,
2019-08-07,68.5913,64.0478,11967.27,10706,10386.64,normal,,,ok,coinmetrics,
2019-08-08,68.7401,64.3141,11938.23,10949.41,10456.95,normal,,,ok,coinmetrics,
2019-08-09,69.2349,64.5599,11858.34,11176.33,10506.73,normal,,,ok,coinmetrics,
2019-08-10,69.7958,64.9253,11303.73,11300.8,10542.43,normal,,,ok,coinmetrics,
2019-08-11,69.8641,65.3814,11530.2,11413.79,10603.01,normal,,,ok,coinmetrics,
2019-08-12,69.947,65.5484,11384.7,11499.29,10678.92,normal,,,ok,coinmetrics,
2019-08-13,70.3668,65.8098,10867.05,11504.96,10732.63,normal,,,ok,coinmetrics,
2019-08-14,70.689,66.171,10024.38,11408.74,10738.99,normal,,,ok,coinmetrics,
2019-08-15,70.8535,66.6718,10310.09,11260.75,10762.66,normal,,,ok,coinmetrics,
2019-08-16,71.2882,67.0715,10373.32,11155.73,10808.99,normal,,,ok,coinmetrics,
2019-08-17,71.5887,67.1298,10207.16,10979.72,10842.86,normal,,,ok,coinmetrics,
2019-08-18,71.9094,67.0897,10331.31,10819.03,10884.22,normal,,,ok,coinmetrics,
2019-08-19,72.0014,67.581,10884.63,10721.66,10948.99,normal,,,ok,coinmetrics,
2019-08-20,72.3453,68.0554,10771.39,10668.42,10984.61,normal,,,ok,coinmetrics,
2019-08-21,72.2671,68.3373,10096.83,10525.09,10969.44,normal,,,ok,coinmetrics,
2019-08-22,72.5064,68.4158,10119.71,10398.59,10948.94,normal,,,ok,coinmetrics,
2019-08-23,73.012,68.6201,10414.14,10353.3,10929.13,normal,,,ok,coinmetrics,
2019-08-24,73.4715,69.0738,10147.09,10365.57,10887.15,normal,,,ok,coinmetrics,
2019-08-25,73.6076,69.3687,10100.36,10344.59,10802.67,normal,,,ok,coinmetrics,
2019-08-26,73.6491,69.5967,10362.64,10343.53,10749.63,normal,,,ok,coinmetrics,
2019-08-27,73.3133,69.6642,10168.22,10339.63,10659.68,normal,,,ok,coinmetrics,
2019-08-28,73.3521,69.7943,9724.8,10278.98,10549,normal,,,ok,coinmetrics,
2019-08-29,74.0154,70.1872,9482.31,10138.75,10430.2,normal,,,ok,coinmetrics,
2019-08-30,74.1612,70.597,9577.68,10019.38,10343.9,normal,,,ok,coinmetrics,
2019-08-31,74.8414,70.9589,9605.02,9970.2,10247.64,normal,,,ok,coinmetrics,
2019-09-01,74.8541,71.0966,9762.94,9934.52,10166.55,normal,,,ok,coinmetrics,
2019-09-02,74.9297,71.3285,10377.34,9930.84,10142.07,normal,,,ok,coinmetrics,
2019-09-03,75.3627,71.5497,10618.78,9978.01,10171.79,normal,,,ok,coinmetrics,
2019-09-04,75.4387,71.5933,10577.24,10025.7,10185.15,normal,,,ok,coinmetrics,
2019-09-05,75.7199,72.06,10580.18,10047.45,10195.49,normal,,,ok,coinmetrics,
2019-09-06,76.0086,72.3,10330.85,10063.71,10201.67,normal,,,ok,coinmetrics,
2019-09-07,76.3365,72.5383,10494.51,10140.69,10209.83,normal,,,ok,coinmetrics,
2019-09-08,77.0636,73.1492,10407.27,10233.18,10185.97,normal,,,ok,coinmetrics,
2019-09-09,77.1712,73.4835,10332.46,10308.66,10164.02,normal,,,ok,coinmetrics,
2019-09-10,77.8882,73.8762,10085.95,10356.75,10163.48,normal,,,ok,coinmetrics,
2019-09-11,78.9719,74.4594,10142.15,10394.67,10164.6,normal,,,ok,coinmetrics,
2019-09-12,79.1944,74.7806,10403.36,10397.28,10164.06,normal,,,ok,coinmetrics,
2019-09-13,79.4124,75.0507,10345.34,10369.93,10173.97,normal,,,ok,coinmetrics,
2019-09-14,79.8687,75.3611,10363.45,10348.55,10187.13,normal,,,ok,coinmetrics,
2019-09-15,80.3328,75.8105,10306.17,10321.15,10184.3,normal,,,ok,coinmetrics,
2019-09-16,81.4265,76.5076,10257.82,10313.85,10188.78,normal,,,ok,coinmetrics,
2019-09-17,82.2495,77.0794,10195.61,10283.96,10212.32,normal,,,ok,coinmetrics,
2019-09-18,82.9273,77.4644,10161.32,10259.36,10246.27,normal,,,ok,coinmetrics,
2019-09-19,83.2616,77.8034,10268.39,10252.96,10280.81,normal,,,ok,coinmetrics,
2019-09-20,83.9418,78.1045,10170.13,10261.37,10309.06,normal,,,ok,coinmetrics,
2019-09-21,84.8332,78.6698,9986.41,10245.8,10320.24,normal,,,ok,coinmetrics,
2019-09-22,85.5222,79.2671,10047.01,10210.17,10303.72,normal,,,ok,coinmetrics,
2019-09-23,85.0684,79.2699,9692.74,10144.91,10257.42,normal,,,ok,coinmetrics,
2019-09-24,85.5463,79.5769,8613.67,9969.93,10159.24,normal,,,ok,coinmetrics,
2019-09-25,86.3082,79.9786,8424.16,9781.73,10051.44,normal,,,ok,coinmetrics,
2019-09-26,87.4425,80.3779,8091.7,9565.11,9939.48,normal,,,ok,coinmetrics,
2019-09-27,87.6854,80.5188,8186.78,9364.23,9824.09,normal,,,ok,coinmetrics,
2019-09-28,88.263,81.1392,8201.98,9168.3,9713.83,normal,,,ok,coinmetrics,
2019-09-29,88.4386,81.2999,8064.51,8947.91,9600.43,normal,,,ok,coinmetrics,
2019-09-30,88.3861,81.6138,8282.37,8759.13,9510.25,normal,,,ok,coinmetrics,
2019-10-01,88.8727,81.8634,8314.55,8591.95,9418.87,normal,,,ok,coinmetrics,
2019-10-02,89.3423,82.136,8362.53,8423.5,9316.83,normal,,,ok,coinmetrics,
2019-10-03,89.5231,82.4429,8254.34,8279.66,9212.28,normal,,,ok,coinmetrics,
2019-10-04,90.2036,82.8211,8165.69,8234.86,9102.39,normal,,,ok,coinmetrics,
2019-10-05,90.5991,83.1595,8141.63,8206.61,8994.17,normal,,,ok,coinmetrics,
2019-10-06,90.9293,83.4689,7854.61,8182.9,8874.01,normal,,,ok,coinmetrics,
2019-10-07,91.529,83.9328,8226.02,8186.82,8775.53,normal,,,ok,coinmetrics,
2019-10-08,91.7949,84.4292,8190.12,8185.64,8676.97,normal,,,ok,coinmetrics,
2019-10-09,92.1067,84.6389,8598.33,8239.02,8593.46,normal,,,ok,coinmetrics,
2019-10-10,92.3162,85.1022,8578.09,8268.59,8513.86,normal,,,ok,coinmetrics,
2019-10-11,92.3944,85.6832,8289.85,8266.12,8429.03,normal,,,ok,coinmetrics,
2019-10-12,92.441,85.8177,8323.75,8262.24,8342.87,normal,,,ok,coinmetrics,
2019-10-13,92.7687,86.0906,8291.25,8265.93,8272.8,normal,,,ok,coinmetrics,
2019-10-14,92.6247,86.2467,8346.37,8284,8259.43,normal,,,ok,coinmetrics,
2019-10-15,93.0262,86.6795,8160.71,8285.91,8246.26,normal,,,ok,coinmetrics,
2019-10-16,92.8969,87.1617,8003.86,8300.84,8241.87,normal,,,ok,coinmetrics,
2019-10-17,93.2141,87.7318,8072.49,8285.48,8236.15,normal,,,ok,coinmetrics,
2019-10-18,93.2345,88.0809,7959.33,8262.4,8224.02,normal,,,ok,coinmetrics,
2019-10-19,93.3792,88.3204,7948.48,8197.42,8218.22,normal,,,ok,coinmetrics,
2019-10-20,93.5511,88.7464,8213.71,8160.98,8214.79,normal,,,ok,coinmetrics,
2019-10-21,93.7076,89.2704,8211.65,8153.16,8209.64,normal,,,ok,coinmetrics,
2019-10-22,94.0796,89.8009,8029.21,8123.71,8192.97,normal,,,ok,coinmetrics,
2019-10-23,95.4773,90.2729,7458.04,8040.38,8153.16,normal,,,ok,coinmetrics,
2019-10-24,95.4013,90.4738,7454.37,7951.18,8117.59,normal,,,ok,coinmetrics,
2019-10-25,95.4585,90.8833,8656.66,8000.78,8143.34,normal,,,ok,coinmetrics,
2019-10-26,95.2222,91.3324,9249.65,8125.36,8213.1,normal,,,ok,coinmetrics,
2019-10-27,95.0403,91.3629,9558.16,8273.92,8279.7,normal,,,ok,coinmetrics,
2019-10-28,94.7186,91.4908,9319.18,8409.91,8336.16,normal,,,ok,coinmetrics,
2019-10-29,94.8605,91.6495,9431.21,8558.18,8377.8,normal,,,ok,coinmetrics,
2019-10-30,95.152,91.769,9182.86,8655.1,8408.04,normal,,,ok,coinmetrics,
2019-10-31,95.1232,91.9979,9155.28,8749.46,8451.31,normal,,,ok,coinmetrics,
2019-11-01,94.9433,92.1428,9251.38,8871.68,8497.69,normal,,,ok,coinmetrics,
2019-11-02,94.8753,92.1992,9300.19,9055.89,8548.14,normal,,,ok,coinmetrics,
2019-11-03,94.898,92.5508,9209.64,9231.42,8591.3,normal,,,ok,coinmetrics,
2019-11-04,94.5521,92.5756,9418.36,9307.59,8654.18,normal,,,ok,coinmetrics,
2019-11-05,94.6687,92.799,9330.79,9315.7,8720.53,normal,,,ok,coinmetrics,
2019-11-06,94.3862,92.9576,9354.93,9295.38,8784.65,normal,,,ok,coinmetrics,
2019-11-07,94.0108,92.9029,9210.75,9284.54,8847.22,normal,,,ok,coinmetrics,
2019-11-08,93.791,92.9488,8791.33,9220.55,8889.37,normal,,,ok,coinmetrics,
2019-11-09,93.368,92.8421,8810.78,9183.34,8919.22,normal,,,ok,coinmetrics,
2019-11-10,93.5043,92.9493,9042.89,9172.1,8960.78,normal,,,ok,coinmetrics,
2019-11-11,93.8202,93.1306,8713.21,9118.29,8994.98,normal,,,ok,coinmetrics,
2019-11-12,93.6048,93.1868,8788.96,9067.16,9061.53,normal,,,ok,coinmetrics,
2019-11-13,93.5404,93.0825,8766.73,9022.87,9127.15,normal,,,ok,coinmetrics,
2019-11-14,93.8046,93.4154,8645.44,8945.58,9126.59,normal,,,ok,coinmetrics,
2019-11-15,94.0525,93.4747,8465.88,8859.09,9087.4,normal,,,ok,coinmetrics,
2019-11-16,93.9387,93.5764,8477.69,8771.37,9033.37,normal,,,ok,coinmetrics,
2019-11-17,93.7359,93.4852,8505.16,8700.81,8992.67,normal,,,ok,coinmetrics,
2019-11-18,93.626,93.5026,8183.53,8640.03,8930.29,normal,,,ok,coinmetrics,
2019-11-19,93.5773,93.5642,8116.82,8570.63,8876.99,normal,,,ok,coinmetrics,
2019-11-20,93.1431,93.4253,8076.55,8474,8823.05,capitulation,gray,capitulation,ok,coinmetrics,
2019-11-21,92.4073,93.2434,7612.28,8363.9,8741.1,capitulation,gray,,ok,coinmetrics,
2019-11-22,91.601,93.5392,7277.52,8212.76,8639.96,capitulation,gray,,ok,coinmetrics,
2019-11-23,92.3026,93.852,7324.84,8068.57,8545.72,capitulation,green,,ok,coinmetrics,
2019-11-24,91.9879,93.7232,6943.38,7898.37,8421.97,capitulation,gray,,ok,coinmetrics,
2019-11-25,91.4988,93.3605,7139.04,7765.68,8312.39,capitulation,gray,,ok,coinmetrics,
2019-11-26,91.5125,93.2764,7165.44,7634.46,8202.91,capitulation,green,,ok,coinmetrics,
2019-11-27,91.4605,93.0895,7526.86,7536.63,8118.72,capitulation,gray,,ok,coinmetrics,
2019-11-28,91.9471,93.4038,7436.34,7461.91,8050.97,capitulation,green,,ok,coinmetrics,
2019-11-29,91.8306,93.4913,7747.74,7425,7997.81,capitulation,gray,,ok,coinmetrics,
2019-11-30,91.5445,93.3338,7556.19,7372.96,7923.48,capitulation,gray,,ok,coinmetrics,
2019-12-01,91.5833,93.2633,7417.73,7353.51,7858.71,capitulation,green,,ok,coinmetrics,
2019-12-02,91.6603,93.2678,7318.31,7357.59,7785.17,capitulation,green,,ok,coinmetrics,
2019-12-03,91.9259,93.412,7306.45,7355.75,7712.16,capitulation,green,,ok,coinmetrics,
2019-12-04,92.5212,93.5367,7215.02,7382.91,7640.64,capitulation,green,,ok,coinmetrics,
2019-12-05,92.3664,93.5175,7404.09,7409.42,7587.55,capitulation,gray,,ok,coinmetrics,
2019-12-06,92.4656,93.4259,7534.21,7446.29,7540.38,capitulation,green,,ok,coinmetrics,
2019-12-07,92.723,93.3669,7512.06,7444.81,7490.72,capitulation,green,,ok,coinmetrics,
2019-12-08,93.183,93.487,7528.94,7454.07,7457.99,capitulation,green,,ok,coinmetrics,
2019-12-09,93.3058,93.3369,7340.23,7413.32,7419.16,capitulation,green,,ok,coinmetrics,
2019-12-10,92.9648,93.2346,7232.09,7380.91,7376.94,capitulation,gray,,ok,coinmetrics,
2019-12-11,92.5987,93.2094,7200.46,7359.19,7356.35,capitulation,gray,,ok,coinmetrics,
2019-12-12,92.5911,93.098,7192.85,7346.64,7352.11,capitulation,gray,,ok,coinmetrics,
2019-12-13,92.9889,93.2647,7244.9,7340.49,7348.12,capitulation,green,,ok,coinmetrics,
2019-12-14,92.6488,93.2267,7071.11,7326.09,7354.5,capitulation,gray,,ok,coinmetrics,
2019-12-15,91.9644,93.0084,7111.29,7296.81,7353.12,capitulation,gray,,ok,coinmetrics,
2019-12-16,92.1949,93.0668,6882.4,7231.63,7338.96,capitulation,green,,ok,coinmetrics,
2019-12-17,91.9575,92.8467,6608.96,7141.32,7293.07,capitulation,gray,,ok,coinmetrics,
2019-12-18,91.8659,92.7459,7284.63,7116.89,7285.48,capitulation,gray,,ok,coinmetrics,
2019-12-19,92.1222,92.8498,7146.17,7097.49,7255.4,capitulation,green,,ok,coinmetrics,
2019-12-20,92.4763,92.8097,7184.22,7092.7,7236.81,capitulation,green,,ok,coinmetrics,
2019-12-21,93.3457,92.8765,7140.3,7086.68,7222.93,recovered,green,recovery,ok,coinmetrics,
2019-12-22,94.1342,92.8676,7479.4,7115.34,7230.99,recovered,,,ok,coinmetrics,
2019-12-23,93.4835,92.893,7321.75,7123.02,7231.75,recovered,,,ok,coinmetrics,
2019-12-24,93.3494,92.6686,7235.63,7139.47,7232.78,recovered,,,ok,coinmetrics,
2019-12-25,93.4086,92.4537,7191.17,7147.46,7222.14,recovered,,,ok,coinmetrics,
2019-12-26,94.3692,92.9408,7194.64,7178.69,7205.16,recovered,,,ok,coinmetrics,
2019-12-27,94.4922,92.9763,7237.15,7241.51,7191.41,normal,blue,buy,ok,coinmetrics,
2019-12-28,94.1852,93.0661,7306.64,7243.71,7180.3,normal,,,ok,coinmetrics,
2019-12-29,94.5873,93.2089,7391.58,7268.25,7182.87,normal,,,ok,coinmetrics,
2019-12-30,95.4404,93.4925,7229.4,7272.77,7182.73,normal,,,ok,coinmetrics,
2019-12-31,95.5635,93.5734,7167.4,7275.48,7181.08,normal,,,ok,coinmetrics,
2020-01-01,96.2108,93.9355,7170.63,7244.6,7179.97,normal,,,ok,coinmetrics,
2020-01-02,96.0382,93.9821,6946.83,7207.11,7165.06,normal,,,ok,coinmetrics,
2020-01-03,96.3124,94.4168,7315.31,7215.07,7177.27,normal,,,ok,coinmetrics,
2020-01-04,97.0416,94.704,7343.16,7230.27,7188.87,normal,,,ok,coinmetrics,
2020-01-05,97.6746,95.0701,7345.53,7245.36,7212.02,normal,,,ok,coinmetrics,
2020-01-06,97.4541,95.0886,7765.8,7298.23,7269.87,normal,,,ok,coinmetrics,
2020-01-07,98.3204,95.7517,8136.09,7381.17,7312.44,normal,,,ok,coinmetrics,
2020-01-08,98.4093,95.8576,8059.7,7447.98,7358.12,normal,,,ok,coinmetrics,
2020-01-09,98.8412,95.903,7817.14,7506.76,7389.76,normal,,,ok,coinmetrics,
2020-01-10,99.4316,96.0151,8129.82,7603,7439.24,normal,,,ok,coinmetrics,
2020-01-11,100.3207,96.4559,8032.01,7689.14,7466.87,normal,,,ok,coinmetrics,
2020-01-12,100.53,96.7595,8164.55,7810.91,7509.01,normal,,,ok,coinmetrics,
2020-01-13,100.5778,96.6133,8121.93,7891.57,7553.32,normal,,,ok,coinmetrics,
2020-01-14,101.2603,96.6123,8830.17,8040.27,7635.27,normal,,,ok,coinmetrics,
2020-01-15,101.6076,96.9012,8811.45,8186.86,7716.11,normal,,,ok,coinmetrics,
2020-01-16,102.4921,97.2248,8718.69,8282.15,7790.19,normal,,,ok,coinmetrics,
2020-01-17,103.526,97.6959,8912.54,8359.8,7870.48,normal,,,ok,coinmetrics,
2020-01-18,103.4033,97.7627,8928.18,8446.65,7947.31,normal,,,ok,coinmetrics,
2020-01-19,103.7288,98.1026,8687.35,8533.67,8020.21,normal,,,ok,coinmetrics,
2020-01-20,103.6743,98.51,8636.26,8584.31,8093.66,normal,,,ok,coinmetrics,
2020-01-21,103.7943,98.9643,8730.87,8654.2,8171.67,normal,,,ok,coinmetrics,
2020-01-22,104.5457,99.0146,8647.9,8702.53,8256.72,normal,,,ok,coinmetrics,
2020-01-23,105.7568,99.5531,8366.38,8726.98,8309.28,normal,,,ok,coinmetrics,
2020-01-24,106.7321,100.0704,8423.39,8686.3,8363.29,normal,,,ok,coinmetrics,
2020-01-25,107.1644,100.7668,8344.77,8639.63,8413.25,normal,,,ok,coinmetrics,
2020-01-26,107.5546,101.0234,8573.87,8625.15,8453.65,normal,,,ok,coinmetrics,
2020-01-27,107.5162,100.8507,8901.96,8624.09,8491.95,normal,,,ok,coinmetrics,
2020-01-28,107.7736,101.1805,9297.39,8661.02,8553.83,normal,,,ok,coinmetrics,
2020-01-29,108.3123,101.8764,9311.95,8723.47,8628.57,normal,,,ok,coinmetrics,
2020-01-30,109.1991,102.3813,9508.92,8810.74,8697.53,normal,,,ok,coinmetrics,
2020-01-31,109.1251,102.6679,9357.28,8873.38,8763.79,normal,,,ok,coinmetrics,
2020-02-01,109.7709,102.9046,9381.89,8946.78,8824.66,normal,,,ok,coinmetrics,
2020-02-02,109.5715,102.9419,9339.39,9044.08,8885.53,normal,,,ok,coinmetrics,
2020-02-03,109.5231,103.2823,9279.81,9129.72,8908.01,normal,,,ok,coinmetrics,
2020-02-04,109.179,103.4268,9161.63,9211.41,8925.52,normal,,,ok,coinmetrics,
2020-02-05,110.167,103.8106,9628.14,9316.84,8970.99,normal,,,ok,coinmetrics,
2020-02-06,109.6026,103.9615,9739.28,9400.57,9012.33,normal,,,ok,coinmetrics,
2020-02-07,109.918,104.1637,9800.28,9450.86,9055.94,normal,,,ok,coinmetrics,
2020-02-08,109.8904,104.3658,9911.29,9510.79,9117.13,normal,,,ok,coinmetrics,
2020-02-09,110.4046,104.9181,10151.08,9575.01,9192.87,normal,,,ok,coinmetrics,
2020-02-10,109.8042,105.0624,9872.36,9626.51,9249.95,normal,,,ok,coinmetrics,
2020-02-11,110.1587,105.3443,10272.22,9715.55,9331.16,normal,,,ok,coinmetrics,
2020-02-12,110.5471,105.5624,10360.14,9817.62,9430.85,normal,,,ok,coinmetrics,
2020-02-13,110.8511,106.0557,10235.5,9913.19,9521.46,normal,,,ok,coinmetrics,
2020-02-14,110.6316,106.1196,10361.62,10033.19,9622.3,normal,,,ok,coinmetrics,
2020-02-15,110.3967,106.4444,9911.72,10061.55,9689.19,normal,,,ok,coinmetrics,
2020-02-16,110.1617,106.8438,9952.05,10082.83,9741.7,normal,,,ok,coinmetrics,
2020-02-17,110.9742,107.1888,9683.08,10071.11,9760.98,normal,,,ok,coinmetrics,
2020-02-18,111.1657,107.4473,10195.3,10099.51,9805.15,normal,,,ok,coinmetrics,
2020-02-19,111.0764,107.3753,9636,10048,9811.5,normal,,,ok,coinmetrics,
2020-02-20,110.5761,107.1852,9614.03,10022.17,9824.34,normal,,,ok,coinmetrics,
2020-02-21,110.7237,107.6347,9701.8,9965.12,9840.34,normal,,,ok,coinmetrics,
2020-02-22,110.6433,108.2001,9675.25,9896.63,9857.13,normal,,,ok,coinmetrics,
2020-02-23,110.5798,108.6559,9972.84,9870.37,9891.78,normal,,,ok,coinmetrics,
2020-02-24,110.1966,108.6805,9648.01,9799.01,9916.1,normal,,,ok,coinmetrics,
2020-02-25,110.3955,108.975,9344.29,9742.26,9901.91,normal,,,ok,coinmetrics,
2020-02-26,110.727,109.1216,8798.89,9626.95,9854.89,normal,,,ok,coinmetrics,
2020-02-27,110.9162,109.3449,8779.03,9536.54,9803.82,normal,,,ok,coinmetrics,
2020-02-28,110.8704,109.5914,8750.59,9392.07,9745.79,normal,,,ok,coinmetrics,
2020-02-29,110.4395,109.8193,8582.09,9286.68,9667.34,normal,,,ok,coinmetrics,
2020-03-01,111.2913,110.2082,8541.77,9179.46,9600.81,normal,,,ok,coinmetrics,
2020-03-02,111.2452,110.5081,8906.21,9099.9,9532.51,normal,,,ok,coinmetrics,
2020-03-03,111.5068,110.5392,8768.81,9009.25,9452.94,normal,,,ok,coinmetrics,
2020-03-04,111.9995,110.7613,8756.37,8887.61,9378.99,normal,,,ok,coinmetrics,
2020-03-05,112.7995,110.9893,9062.62,8829.07,9314.04,normal,,,ok,coinmetrics,
2020-03-06,112.7024,111.4347,9147.09,8809.35,9275.81,normal,,,ok,coinmetrics,
2020-03-07,113.2716,111.4371,8898.31,8819.29,9223.12,normal,,,ok,coinmetrics,
2020-03-08,113.764,111.841,8109.61,8752.35,9144.45,normal,,,ok,coinmetrics,
2020-03-09,114.2065,112.0485,7896.39,8666.93,9029.5,normal,,,ok,coinmetrics,
2020-03-10,113.906,112.1553,7909.93,8599.71,8943.2,normal,,,ok,coinmetrics,
2020-03-11,114.0434,111.9238,7939.34,8539.47,8859.46,normal,,,ok,coinmetrics,
2020-03-12,114.3781,112.2684,4959.31,8144.78,8622.34,normal,,,ok,coinmetrics,
2020-03-13,114.1486,112.3478,5627.69,7830.67,8419.96,normal,,,ok,coinmetrics,
2020-03-14,114.0271,112.4391,5145.17,7469.55,8178.58,normal,,,ok,coinmetrics,
2020-03-15,113.8133,112.2225,5358.61,7099.15,7964.11,normal,,,ok,coinmetrics,
2020-03-16,113.4192,111.9079,5012.93,6685.73,7747.54,normal,,,ok,coinmetrics,
2020-03-17,113.1348,111.6482,5416.75,6337.57,7578.43,normal,,,ok,coinmetrics,
2020-03-18,111.8331,111.4037,5392.49,6065.86,7409.1,normal,,,ok,coinmetrics,
2020-03-19,110.9038,111.0348,6203.55,5896.58,7281.75,capitulation,gray,capitulation,ok,coinmetrics,
2020-03-20,110.2612,110.6688,6174.15,5723,7161.36,capitulation,gray,,ok,coinmetrics,
2020-03-21,110.4164,110.4963,6175.83,5546.65,7043.06,capitulation,green,,ok,coinmetrics,
2020-03-22,109.9326,110.3282,5830.56,5633.77,6889.28,capitulation,gray,,ok,coinmetrics,
2020-03-23,109.1919,109.9176,6486.41,5719.65,6775.16,capitulation,gray,,ok,coinmetrics,
2020-03-24,109.1544,109.8671,6775.06,5882.63,6676.09,capitulation,gray,,ok,coinmetrics,
2020-03-25,108.0455,109.121,6689.97,6015.77,6557.46,capitulation,gray,,ok,coinmetrics,
2020-03-26,108.0732,109.2343,6754.46,6189.92,6437.83,capitulation,green,,ok,coinmetrics,
2020-03-27,108.1564,109.4417,6490.8,6297.33,6317.45,capitulation,green,,ok,coinmetrics,
2020-03-28,107.4963,109.2062,6231.82,6381.26,6223.56,capitulation,gray,,ok,coinmetrics,
2020-03-29,106.9227,108.8966,5904.86,6351.39,6123.98,capitulation,gray,,ok,coinmetrics,
2020-03-30,106.7445,108.592,6436.91,6377.67,6050.33,capitulation,gray,,ok,coinmetrics,
2020-03-31,105.8678,108.5796,6432.38,6403.32,5974.99,capitulation,gray,,ok,coinmetrics,
2020-04-01,105.5713,108.4083,6643.11,6484.58,6059.18,capitulation,gray,,ok,coinmetrics,
2020-04-02,105.1722,108.3395,6792.74,6515.21,6117.43,capitulation,gray,,ok,coinmetrics,
2020-04-03,103.9296,107.9646,6751.9,6512.89,6197.76,capitulation,gray,,ok,coinmetrics,
2020-04-04,103.3661,108.0828,6859.99,6529.9,6272.83,capitulation,gray,,ok,coinmetrics,
2020-04-05,103.4228,108.0626,6790.81,6533.53,6361.73,capitulation,green,,ok,coinmetrics,
2020-04-06,102.3447,107.8081,7298.17,6614.27,6455.8,capitulation,gray,,ok,coinmetrics,
2020-04-07,102.163,107.9635,7187.59,6709.85,6545.55,capitulation,gray,,ok,coinmetrics,
2020-04-08,101.6003,107.9034,7372.19,6856.58,6603.99,capitulation,gray,,ok,coinmetrics,
2020-04-09,101.7348,107.8204,7299.58,6942.85,6660.26,capitulation,green,,ok,coinmetrics,
2020-04-10,102.4453,108.2444,6859.82,6985.59,6694.46,capitulation,green,,ok,coinmetrics,
2020-04-11,102.1805,108.2793,6883.18,7009.6,6747.09,capitulation,gray,,ok,coinmetrics,
2020-04-12,102.4826,108.3156,6978.67,7028.19,6771.7,capitulation,green,,ok,coinmetrics,
2020-04-13,103.1413,108.5842,6863.58,7039.36,6776.13,capitulation,green,,ok,coinmetrics,
2020-04-14,103.9738,108.8935,6875.54,7040.91,6785.41,capitulation,green,,ok,coinmetrics,
2020-04-15,104.8305,109.1249,6625.48,7024.38,6778.96,capitulation,green,,ok,coinmetrics,
2020-04-16,105.2119,109.1733,7127.79,7007.34,6810.81,capitulation,green,,ok,coinmetrics,
2020-04-17,105.5657,108.6994,7081.4,6996.72,6853.28,capitulation,green,,ok,coinmetrics,
2020-04-18,106.4834,108.6936,7262.79,6985.78,6921.18,capitulation,green,,ok,coinmetrics,
2020-04-19,107.2,108.7306,7150.24,6970.85,6956.85,capitulation,green,,ok,coinmetrics,
2020-04-20,107.7246,109.0705,6853.27,6970.19,6977.89,capitulation,green,,ok,coinmetrics,
2020-04-21,108.1092,109.0209,6870.42,6968.92,6989.26,capitulation,green,,ok,coinmetrics,
2020-04-22,108.5013,108.8466,7123.66,6983.42,7005.8,capitulation,green,,ok,coinmetrics,
2020-04-23,108.6358,108.8951,7488.61,7045.92,7042.64,capitulation,green,,ok,coinmetrics,
2020-04-24,109.9202,108.9829,7506.44,7109.01,7074.96,normal,blue,buy,ok,coinmetrics,
2020-04-25,109.7887,108.9309,7537.74,7200.24,7112.31,normal,,,ok,coinmetrics,
2020-04-26,109.8382,108.9973,7684.07,7255.86,7131.6,normal,,,ok,coinmetrics,
2020-04-27,110.4546,108.9754,7777.49,7325.47,7161.1,normal,,,ok,coinmetrics,
2020-04-28,111.0459,108.9843,7769.9,7376.18,7180.98,normal,,,ok,coinmetrics,
2020-04-29,111.4914,109.118,8761.84,7537.34,7254.1,normal,,,ok,coinmetrics,
2020-04-30,111.3958,108.6318,8652.41,7717.26,7343.73,normal,,,ok,coinmetrics,
2020-05-01,111.5973,108.5843,8855.54,7915.77,7442.34,normal,,,ok,coinmetrics,
2020-05-02,111.9838,108.578,8977.28,8101.13,7542.27,normal,,,ok,coinmetrics,
2020-05-03,113.3833,108.6565,8896.8,8241.95,7643.93,normal,,,ok,coinmetrics,
2020-05-04,113.942,108.6541,8881.95,8379.5,7744.26,normal,,,ok,coinmetrics,
2020-05-05,114.1188,108.7708,8985.88,8524.32,7862.28,normal,,,ok,coinmetrics,
2020-05-06,115.2776,108.8111,9266.81,8682.59,7969.23,normal,,,ok,coinmetrics,
2020-05-07,115.3274,108.7452,9993.75,8904.22,8114.84,normal,,,ok,coinmetrics,
2020-05-08,115.5414,108.5708,9859.32,9113.16,8244.67,normal,,,ok,coinmetrics,
2020-05-09,115.4156,108.5752,9577.34,9194.71,8366.03,normal,,,ok,coinmetrics,
2020-05-10,115.9777,109.2115,8715.03,9200.97,8459.11,normal,,,ok,coinmetrics,
2020-05-11,116.2905,109.2355,8591.65,9174.58,8545.18,normal,,,ok,coinmetrics,
2020-05-12,116.456,109.4693,8817.25,9158.58,8629.86,normal,,,ok,coinmetrics,
2020-05-13,115.462,109.3017,9323,9201.2,8721.57,normal,,,ok,coinmetrics,
2020-05-14,114.4078,109.1908,9801.27,9293.13,8836.32,normal,,,ok,coinmetrics,
2020-05-15,113.6228,109.2267,9326.88,9327.23,8925.77,normal,,,ok,coinmetrics,
2020-05-16,113.2302,109.221,9395.48,9340.1,9011.34,normal,,,ok,coinmetrics,
2020-05-17,112.8555,109.2106,9682.53,9308.97,9106.6,normal,,,ok,coinmetrics,
2020-05-18,112.4187,109.4511,9726.85,9295.73,9204.44,normal,,,ok,coinmetrics,
2020-05-19,111.7813,109.4907,9754.2,9313.41,9254.06,normal,,,ok,coinmetrics,
2020-05-20,110.7467,109.2356,9515.7,9393.48,9297.23,normal,,,ok,coinmetrics,
2020-05-21,110.1647,109.1369,9068.8,9441.2,9307.89,normal,,,ok,coinmetrics,
2020-05-22,109.4849,108.9931,9161.82,9475.65,9317.12,normal,,,ok,coinmetrics,
2020-05-23,108.7149,108.6753,9183.66,9461.72,9331.46,normal,,,ok,coinmetrics,
2020-05-24,107.8167,108.8685,8806.23,9362.21,9327.67,capitulation,gray,capitulation,ok,coinmetrics,
2020-05-25,107.3559,108.5723,8909.19,9320.45,9323.84,capitulation,gray,,ok,coinmetrics,
2020-05-26,106.8435,108.3409,8835.14,9264.41,9302.25,capitulation,gray,,ok,coinmetrics,
2020-05-27,106.5765,108.5156,9169.06,9213.07,9261.02,capitulation,gray,,ok,coinmetrics,
2020-05-28,105.7902,108.418,9568.26,9197.21,9246.47,capitulation,gray,,ok,coinmetrics,
2020-05-29,105.1415,108.3164,9432.41,9165.03,9239.22,capitulation,gray,,ok,coinmetrics,
2020-05-30,105.4847,108.4403,9691.68,9182.63,9288.05,capitulation,green,,ok,coinmetrics,
2020-05-31,105.5187,108.558,9433.94,9219.14,9330.17,capitulation,green,,ok,coinmetrics,
2020-06-01,104.9663,108.475,10199.14,9322.87,9399.26,capitulation,gray,,ok,coinmetrics,
2020-06-02,103.7596,108.5714,9512.35,9355.74,9408.73,capitulation,gray,,ok,coinmetrics,
2020-06-03,103.0682,108.5051,9642.27,9439.34,9400.78,capitulation,gray,,ok,coinmetrics,
2020-06-04,102.4678,108.2933,9813.36,9529.76,9425.1,capitulation,gray,,ok,coinmetrics,
2020-06-05,102.4312,108.8544,9641.89,9610.44,9437.42,capitulation,gray,,ok,coinmetrics,
2020-06-06,102.9683,109.1479,9668.67,9660.4,9436.73,capitulation,green,,ok,coinmetrics,
2020-06-07,102.9304,109.2359,9747.58,9678.33,9437.77,capitulation,gray,,ok,coinmetrics,
2020-06-08,102.9873,109.2015,9769.34,9712.02,9438.52,capitulation,green,,ok,coinmetrics,
2020-06-09,102.0915,109.0346,9779.42,9720.8,9451.71,capitulation,gray,,ok,coinmetrics,
2020-06-10,101.6336,108.962,9888.44,9766.25,9492.69,capitulation,gray,,ok,coinmetrics,
2020-06-11,101.9471,109.2015,9277.45,9674.08,9498.47,capitulation,green,,ok,coinmetrics,
2020-06-12,102.4804,108.9712,9456.16,9668.46,9512.1,capitulation,green,,ok,coinmetrics,
2020-06-13,103.0335,108.7207,9461.33,9650.37,9544.85,capitulation,green,,ok,coinmetrics,
2020-06-14,103.5661,108.5944,9342.96,9603.33,9566.54,capitulation,green,,ok,coinmetrics,
2020-06-15,103.3438,108.287,9441.38,9583.27,9596.86,capitulation,gray,,ok,coinmetrics,
2020-06-16,104.1847,108.5201,9520.09,9568.42,9614.41,capitulation,green,,ok,coinmetrics,
2020-06-17,104.3783,108.3985,9448.69,9538.53,9608.43,capitulation,green,,ok,coinmetrics,
2020-06-18,104.5266,108.154,9389.99,9500.59,9606.31,capitulation,green,,ok,coinmetrics,
2020-06-19,105.3758,108.0612,9285.99,9451.25,9586.02,capitulation,green,,ok,coinmetrics,
2020-06-20,105.6731,107.9189,9357.29,9398.13,9582.19,capitulation,green,,ok,coinmetrics,
2020-06-21,106.7075,108.0962,9284.77,9398.87,9536.47,capitulation,green,,ok,coinmetrics,
2020-06-22,107.4627,108.0888,9684.62,9421.71,9545.09,capitulation,green,,ok,coinmetrics,
2020-06-23,108.6855,108.2511,9611.73,9436.75,9543.56,recovered,green,recovery,ok,coinmetrics,
2020-06-24,109.1857,108.2708,9292.94,9431.75,9517.54,recovered,,,ok,coinmetrics,
2020-06-25,109.7632,108.3033,9247.12,9412.32,9497.8,recovered,,,ok,coinmetrics,
2020-06-26,110.5911,108.5838,9159.44,9376.26,9472.34,recovered,,,ok,coinmetrics,
2020-06-27,110.9146,108.3524,9002.17,9331.61,9435.07,recovered,,,ok,coinmetrics,
2020-06-28,111.6522,108.3969,9108.07,9303.41,9402,recovered,,,ok,coinmetrics,
2020-06-29,111.5317,108.5082,9184.25,9293.24,9372.24,recovered,,,ok,coinmetrics,
2020-06-30,111.6139,108.5663,9143.97,9271.91,9335.02,recovered,,,ok,coinmetrics,
2020-07-01,112.4897,108.728,9241.34,9267.56,9333.21,recovered,,,ok,coinmetrics,
2020-07-02,113.5433,108.6514,9094.39,9208.54,9315.13,recovered,,,ok,coinmetrics,
2020-07-03,114.3198,108.694,9066.69,9154.04,9295.39,recovered,,,ok,coinmetrics,
2020-07-04,114.8154,108.6416,9126.22,9137.36,9284.56,recovered,,,ok,coinmetrics,
2020-07-05,115.0056,108.7184,9079.61,9120.61,9266.47,recovered,,,ok,coinmetrics,
2020-07-06,114.5735,108.7709,9338.94,9138.56,9257.41,recovered,,,ok,coinmetrics,
2020-07-07,115.1664,109.0484,9252.16,9163.56,9247.58,recovered,,,ok,coinmetrics,
2020-07-08,115.4295,109.2084,9434.57,9196.21,9249.81,recovered,,,ok,coinmetrics,
2020-07-09,116.0781,109.0848,9231.5,9200.94,9247.09,recovered,,,ok,coinmetrics,
2020-07-10,116.5572,109.0954,9285.22,9215.06,9243.49,recovered,,,ok,coinmetrics,
2020-07-11,116.4277,109.1874,9237.17,9214.65,9241.11,recovered,,,ok,coinmetrics,
2020-07-12,116.6942,109.5873,9289.1,9234.12,9221.33,normal,blue,buy,ok,coinmetrics,
2020-07-13,117.1481,110.0908,9236.62,9251.11,9202.57,normal,,,ok,coinmetrics,
2020-07-14,117.4188,110.4924,9260.36,9264.53,9200.94,normal,,,ok,coinmetrics,
2020-07-15,118.2451,110.7944,9196.73,9276.24,9198.43,normal,,,ok,coinmetrics,
2020-07-16,118.5912,111.3879,9132.59,9255.6,9197.08,normal,,,ok,coinmetrics,
2020-07-17,118.3733,111.3758,9156.47,9246.03,9204.8,normal,,,ok,coinmetrics,
2020-07-18,118.8927,111.7097,9175.91,9220.17,9208.19,normal,,,ok,coinmetrics,
2020-07-19,118.9178,112.1468,9218.84,9218.9,9209.92,normal,,,ok,coinmetrics,
2020-07-20,119.3871,112.5301,9167.19,9207.1,9211.08,normal,,,ok,coinmetrics,
2020-07-21,119.1612,112.9343,9388.57,9222.24,9218.44,normal,,,ok,coinmetrics,
2020-07-22,119.5599,113.5113,9531.26,9246.45,9240.29,normal,,,ok,coinmetrics,
2020-07-23,119.3363,114.0109,9609.17,9283.71,9267.41,normal,,,ok,coinmetrics,
2020-07-24,120.3282,114.7569,9548.1,9312.48,9288.5,normal,,,ok,coinmetrics,
2020-07-25,120.7217,115.2425,9702.45,9363.06,9319.65,normal,,,ok,coinmetrics,
2020-07-26,120.9735,115.7823,9933.91,9443.19,9349.39,normal,,,ok,coinmetrics,
2020-07-27,121.6335,116.274,11046.51,9632.19,9439.11,normal,,,ok,coinmetrics,
2020-07-28,121.7581,116.7052,10944.61,9809.06,9514.61,normal,,,ok,coinmetrics,
2020-07-29,122.0972,116.8144,11115.77,9998.75,9608.83,normal,,,ok,coinmetrics,
2020-07-30,122.0211,116.8175,11135.39,10195.57,9701.34,normal,,,ok,coinmetrics,
2020-07-31,122.0553,117.2725,11338.2,10390.54,9806.39,normal,,,ok,coinmetrics,
2020-08-01,121.5905,117.5669,11797.58,10617.17,9931.81,normal,,,ok,coinmetrics,
2020-08-02,121.2635,117.7917,11094.02,10765.65,10024.68,normal,,,ok,coinmetrics,
2020-08-03,121.6797,118.2476,11236.1,10934.45,10123.47,normal,,,ok,coinmetrics,
2020-08-04,121.4644,118.235,11202.65,11084.47,10223.76,normal,,,ok,coinmetrics,
2020-08-05,121.0379,117.8057,11721.44,11263.23,10353.21,normal,,,ok,coinmetrics,
2020-08-06,121.182,118.1742,11769.31,11335.51,10483.85,normal,,,ok,coinmetrics,
2020-08-07,121.4759,118.4527,11598.97,11400.94,10605,normal,,,ok,coinmetrics,
2020-08-08,121.1507,118.6144,11743.01,11463.67,10731.21,normal,,,ok,coinmetrics,
2020-08-09,121.2948,118.926,11680.52,11518.18,10856.88,normal,,,ok,coinmetrics,
2020-08-10,121.0456,118.7367,11870.37,11571.4,10980.97,normal,,,ok,coinmetrics,
2020-08-11,121.3948,119.0445,11392.64,11530.9,11074.04,normal,,,ok,coinmetrics,
2020-08-12,121.7547,119.4514,11575.51,11579.05,11172.35,normal,,,ok,coinmetrics,
2020-08-13,121.7439,119.5813,11773.45,11632.79,11283.62,normal,,,ok,coinmetrics,
2020-08-14,122.4673,120.3562,11774.41,11689.96,11387.22,normal,,,ok,coinmetrics,
2020-08-15,122.9392,120.7652,11866.91,11704.51,11483.87,normal,,,ok,coinmetrics,
2020-08-16,123.8161,121.0947,11899.64,11717.54,11526.53,normal,,,ok,coinmetrics,
2020-08-17,123.59,121.2413,12315.76,11789.22,11595.08,normal,,,ok,coinmetrics,
2020-08-18,123.7563,121.337,11992.7,11814.19,11638.93,normal,,,ok,coinmetrics,
2020-08-19,123.579,121.4831,11736.85,11819.82,11669,normal,,,ok,coinmetrics,
2020-08-20,124.0863,121.6238,11867.52,11819.54,11695.47,normal,,,ok,coinmetrics,
2020-08-21,124.3002,121.9301,11524.7,11832.74,11681.82,normal,,,ok,coinmetrics,
2020-08-22,124.2105,121.7734,11682.29,11843.42,11711.24,normal,,,ok,coinmetrics,
2020-08-23,123.9919,122.1601,11665.61,11832.64,11732.71,normal,,,ok,coinmetrics,
2020-08-24,124.1969,122.4593,11771.41,11832.34,11761.15,normal,,,ok,coinmetrics,
2020-08-25,123.3796,122.1766,11358.45,11781.49,11743,normal,,,ok,coinmetrics,
2020-08-26,123.2415,122.4375,11472.05,11738.73,11728.14,normal,,,ok,coinmetrics,
2020-08-27,122.9467,122.3524,11314.67,11638.62,11713.92,normal,,,ok,coinmetrics,
2020-08-28,123.5574,122.8273,11527.88,11592.14,11703.17,normal,,,ok,coinmetrics,
2020-08-29,124.0363,123.0287,11490.76,11567.53,11693.68,normal,,,ok,coinmetrics,
2020-08-30,123.46,122.7576,11698.98,11550.68,11685.11,normal,,,ok,coinmetrics,
2020-08-31,123.9995,122.795,11678.35,11566.05,11699.4,normal,,,ok,coinmetrics,
2020-09-01,124.5437,122.9036,11970.36,11594.85,11719.14,normal,,,ok,coinmetrics,
2020-09-02,124.2107,122.9452,11414.52,11569.74,11701.19,normal,,,ok,coinmetrics,
2020-09-03,123.9159,122.6902,10261.49,11418.75,11625.55,normal,,,ok,coinmetrics,
2020-09-04,124.2423,122.6401,10471.97,11330.1,11555.8,normal,,,ok,coinmetrics,
2020-09-05,123.9896,122.5858,10128.64,11195.76,11467.25,normal,,,ok,coinmetrics,
2020-09-06,124.1103,122.7931,10253.3,11089.63,11364.13,normal,,,ok,coinmetrics,
2020-09-07,125.2031,123.1769,10367.88,10973.63,11282.88,normal,,,ok,coinmetrics,
2020-09-08,125.3032,123.299,10108.64,10835.41,11201.47,normal,,,ok,coinmetrics,
2020-09-09,125.755,123.4003,10223.11,10687.83,11119.25,normal,,,ok,coinmetrics,
2020-09-10,125.9716,123.6832,10334.63,10553.45,11059.75,normal,,,ok,coinmetrics,
2020-09-11,125.529,123.6418,10387.02,10395.12,10994.99,normal,,,ok,coinmetrics,
2020-09-12,126.2871,124.0155,10436.98,10297.37,10933.55,normal,,,ok,coinmetrics,
2020-09-13,126.2536,124.3604,10322.52,10303.47,10861.11,normal,,,ok,coinmetrics,
2020-09-14,126.9314,124.9353,10662.72,10322.54,10826.32,normal,,,ok,coinmetrics,
2020-09-15,127.1466,125.4814,10779.38,10387.62,10791.69,normal,,,ok,coinmetrics,
2020-09-16,128.0914,125.8407,10968.32,10459.12,10774.37,normal,,,ok,coinmetrics,
2020-09-17,129.276,126.5161,10936.29,10515.96,10744.79,normal,,,ok,coinmetrics,
2020-09-18,130.1431,126.861,10920.11,10597.11,10716.26,normal,,,ok,coinmetrics,
2020-09-19,130.3256,127.206,11073.78,10682.18,10685,normal,,,ok,coinmetrics,
2020-09-20,130.4946,127.3974,10921.22,10740.83,10647.14,normal,,,ok,coinmetrics,
2020-09-21,131.3161,127.7633,10455.38,10747.67,10571.4,normal,,,ok,coinmetrics,
2020-09-22,131.0357,127.5138,10519.84,10755.96,10526.66,normal,,,ok,coinmetrics,
2020-09-23,131.2939,127.7454,10233.3,10747.03,10525.25,normal,,,ok,coinmetrics,
2020-09-24,131.9545,127.6671,10739.04,10754.67,10538.61,normal,,,ok,coinmetrics,
2020-09-25,133.232,128.2368,10683.63,10745.09,10566.35,normal,,,ok,coinmetrics,
2020-09-26,134.2795,128.6131,10742.03,10722.46,10590.79,normal,,,ok,coinmetrics,
2020-09-27,134.402,128.9797,10758.82,10704.72,10610.34,normal,,,ok,coinmetrics,
2020-09-28,134.2829,129.1596,10727.38,10685.44,10641.28,normal,,,ok,coinmetrics,
2020-09-29,135.1006,129.2803,10841.14,10662.18,10672.18,normal,,,ok,coinmetrics,
2020-09-30,135.7292,129.8644,10772.35,10647.29,10694.06,normal,,,ok,coinmetrics,
2020-10-01,135.2174,129.8805,10606.62,10662.42,10705.04,normal,,,ok,coinmetrics,
2020-10-02,135.3805,129.7956,10570.11,10667.44,10711.7,normal,,,ok,coinmetrics,
2020-10-03,136.4601,130.188,10555.71,10699.68,10723.36,normal,,,ok,coinmetrics,
2020-10-04,137.5854,130.9138,10665.62,10692.34,10723.5,normal,,,ok,coinmetrics,
2020-10-05,137.9599,130.9747,10772.64,10701.24,10723.17,normal,,,ok,coinmetrics,
2020-10-06,137.7529,130.9316,10596.37,10686.68,10704.57,normal,,,ok,coinmetrics,
2020-10-07,137.5245,131.3638,10667.19,10677.51,10691.11,normal,,,ok,coinmetrics,
2020-10-08,138.2497,131.7764,10902.53,10695.03,10690.23,normal,,,ok,coinmetrics,
2020-10-09,138.5078,132.1314,11074.1,10718.32,10690.25,normal,,,ok,coinmetrics,
2020-10-10,138.5392,132.2554,11302.85,10771.37,10709.33,normal,,,ok,coinmetrics,
2020-10-11,139.0495,132.2893,11378.26,10848.54,10755.48,normal,,,ok,coinmetrics,
2020-10-12,138.9279,132.6075,11548.4,10946.37,10806.9,normal,,,ok,coinmetrics,
2020-10-13,139.5798,132.9167,11434.97,11034.29,10866.99,normal,,,ok,coinmetrics,
2020-10-14,139.2857,133.1086,11417.11,11109.44,10900.89,normal,,,ok,coinmetrics,
2020-10-15,139.6304,133.3885,11502.58,11182.44,10941.84,normal,,,ok,coinmetrics,
2020-10-16,140.1318,134.1116,11338.99,11256.7,10971.69,normal,,,ok,coinmetrics,
2020-10-17,140.1021,134.689,11362.8,11326.26,11001.89,normal,,,ok,coinmetrics,
2020-10-18,139.3359,134.7395,11489.62,11384.97,11040,normal,,,ok,coinmetrics,
2020-10-19,139.1952,134.7604,11745.81,11452.14,11085.23,normal,,,ok,coinmetrics,
2020-10-20,139.445,134.9698,11929.46,11514.8,11143.09,normal,,,ok,coinmetrics,
2020-10-21,139.112,135.214,12848.49,11661.82,11255.18,normal,,,ok,coinmetrics,
2020-10-22,139.523,135.2793,12997.5,11806.73,11376.55,normal,,,ok,coinmetrics,
2020-10-23,139.3191,135.3065,12953.43,11958.58,11496.44,normal,,,ok,coinmetrics,
2020-10-24,139.9711,135.9628,13113.87,12128.25,11618.85,normal,,,ok,coinmetrics,
2020-10-25,138.4392,135.8356,13041.64,12282.16,11732.3,normal,,,ok,coinmetrics,
2020-10-26,137.2835,135.7815,13080.66,12456.33,11856.51,normal,,,ok,coinmetrics,
2020-10-27,135.6992,135.0506,13675.52,12687.6,12006.93,normal,,,ok,coinmetrics,
2020-10-28,134.8842,134.5835,13290.33,12867.67,12126.32,normal,,,ok,coinmetrics,
2020-10-29,133.9502,134.5254,13475.22,13040.61,12246.38,capitulation,gray,capitulation,ok,coinmetrics,
2020-10-30,132.6356,134.1824,13603.3,13207.99,12361.4,capitulation,gray,,ok,coinmetrics,
2020-10-31,132.4114,133.8144,13807.23,13303.87,12482.85,capitulation,gray,,ok,coinmetrics,
2020-11-01,132.2007,133.7906,13736.9,13377.81,12592.27,capitulation,gray,,ok,coinmetrics,
2020-11-02,130.5159,133.488,13595.56,13442.02,12700.3,capitulation,gray,,ok,coinmetrics,
2020-11-03,129.5808,133.5831,13996.92,13530.33,12829.29,capitulation,gray,,ok,coinmetrics,
2020-11-04,129.527,133.7435,14129.15,13639.08,12960.62,capitulation,gray,,ok,coinmetrics,
2020-11-05,129.4592,133.606,15606.47,13891.66,13173.99,capitulation,gray,,ok,coinmetrics,
2020-11-06,128.8867,133.2056,15618.97,14086,13386.8,capitulation,gray,,ok,coinmetrics,
2020-11-07,127.7678,133.0087,14866.36,14243.61,13555.64,capitulation,gray,,ok,coinmetrics,
2020-11-08,127.0658,132.7868,15500,14446.09,13743.35,capitulation,gray,,ok,coinmetrics,
2020-11-09,127.6393,133.0893,15319.82,14617.74,13912.87,capitulation,green,,ok,coinmetrics,
2020-11-10,127.2517,133.1506,15319.28,14768.94,14036.41,capitulation,gray,,ok,coinmetrics,
2020-11-11,126.5763,132.7521,15731.24,14968.38,14173.09,capitulation,gray,,ok,coinmetrics,
2020-11-12,125.7189,132.6494,16289.81,15237.8,14339.91,capitulation,gray,,ok,coinmetrics,
2020-11-13,124.8209,132.0533,16330.06,15471.12,14500.72,capitulation,gray,,ok,coinmetrics,
2020-11-14,123.9425,131.7865,16102.01,15668.4,14653.74,capitulation,gray,,ok,coinmetrics,
2020-11-15,123.1587,131.6452,15986.75,15706.43,14799.05,capitulation,gray,,ok,coinmetrics,
2020-11-16,122.5967,131.3494,16743.05,15818.84,14952.42,capitulation,gray,,ok,coinmetrics,
2020-11-17,123.1983,131.2671,17682.17,16100.42,15172.01,capitulation,green,,ok,coinmetrics,
2020-11-18,123.984,131.5896,17804.69,16330.89,15388.49,capitulation,green,,ok,coinmetrics,
2020-11-19,123.2071,131.326,17818.67,16580.77,15599.26,capitulation,gray,,ok,coinmetrics,
2020-11-20,123.798,131.455,18663.78,16915.22,15842.08,capitulation,green,,ok,coinmetrics,
2020-11-21,124.1861,131.8545,18706.59,17212.76,16090.57,capitulation,green,,ok,coinmetrics,
2020-11-22,124.9188,132.119,18482.69,17432.05,16334.92,capitulation,green,,ok,coinmetrics,
2020-11-23,124.1684,132.0698,18373.26,17636.37,16553.74,capitulation,gray,,ok,coinmetrics,
2020-11-24,124.2571,131.3481,19150.25,17941.19,16804.8,capitulation,green,,ok,coinmetrics,
2020-11-25,125.1316,131.2075,18748.39,18217.35,16961.89,capitulation,green,,ok,coinmetrics,
2020-11-26,126.2249,130.9621,17113.72,18254.42,17036.63,capitulation,green,,ok,coinmetrics,
2020-11-27,127.4016,131.1429,17101.6,18196.36,17148.39,capitulation,green,,ok,coinmetrics,
2020-11-28,128.3133,131.1318,17745.38,18190.43,17260.66,capitulation,green,,ok,coinmetrics,
2020-11-29,129.1615,130.8986,18190.87,18227.65,17404.21,capitulation,green,,ok,coinmetrics,
2020-11-30,129.0042,130.7078,19664.41,18327.72,17621.47,capitulation,gray,,ok,coinmetrics,
2020-12-01,129.6872,130.944,18820.61,18339.12,17775.94,capitulation,green,,ok,coinmetrics,
2020-12-02,130.6978,130.6068,19214.87,18412.34,17922.19,normal,blue,buy,ok,coinmetrics,
2020-12-03,131.5637,130.5723,19470.31,18522.04,18079.2,normal,,,ok,coinmetrics,
2020-12-04,131.7118,130.6194,18732.97,18480.31,18210.75,normal,,,ok,coinmetrics,
2020-12-05,132.1937,130.8264,19114.63,18516.94,18367.15,normal,,,ok,coinmetrics,
2020-12-06,132.2547,130.5707,19356.31,18741.2,18497.81,normal,,,ok,coinmetrics,
2020-12-07,132.9549,130.3613,19182.18,18949.25,18572.81,normal,,,ok,coinmetrics,
2020-12-08,133.6872,130.3765,18340.98,19008.81,18599.62,normal,,,ok,coinmetrics,
2020-12-09,132.9533,130.2963,18574.7,19047.2,18637.42,normal,,,ok,coinmetrics,
2020-12-10,132.9908,130.1212,18294.85,18910.24,18618.98,normal,,,ok,coinmetrics,
2020-12-11,133.2822,129.9293,18061.76,18834.36,18586.74,normal,,,ok,coinmetrics,
2020-12-12,133.0216,129.3702,18813.28,18794.2,18603.27,normal,,,ok,coinmetrics,
2020-12-13,134.0997,129.4603,19156.08,18762.77,18642.41,normal,,,ok,coinmetrics,
2020-12-14,134.6354,129.2889,19286.75,18818.15,18649.23,normal,,,ok,coinmetrics,
2020-12-15,134.7939,128.9763,19432.59,18849.95,18683.44,normal,,,ok,coinmetrics,
2020-12-16,134.6933,128.645,21370.72,19051.39,18896.29,normal,,,ok,coinmetrics,
2020-12-17,134.1063,128.6523,22789.27,19412.1,19180.68,normal,,,ok,coinmetrics,
2020-12-18,134.0357,129.0098,23048.76,19882.88,19445.84,normal,,,ok,coinmetrics,
2020-12-19,134.929,129.0681,23856.77,20411.08,19729.14,normal,,,ok,coinmetrics,
2020-12-20,134.7019,129.2499,23528.55,20934.45,19922.35,normal,,,ok,coinmetrics,
2020-12-21,133.9815,129.0838,22937.42,21422.02,20128.19,normal,,,ok,coinmetrics,
2020-12-22,133.332,129.1254,23756.89,21916.38,20355.29,normal,,,ok,coinmetrics,
2020-12-23,133.81,128.9892,23307.27,22331.5,20547.14,normal,,,ok,coinmetrics,
2020-12-24,133.7425,128.9998,23707.63,22773.59,20795.87,normal,,,ok,coinmetrics,
2020-12-25,133.6779,129.4048,24669.16,23297.25,21073.6,normal,,,ok,coinmetrics,
2020-12-26,133.5425,129.8837,26478.07,23807.98,21429.68,normal,,,ok,coinmetrics,
2020-12-27,133.6303,130.516,26430.86,24172.14,21792.12,normal,,,ok,coinmetrics,
2020-12-28,134.0711,131.1922,27039.35,24571.2,22227.04,normal,,,ok,coinmetrics,
2020-12-29,134.2295,131.6955,27231.2,24908.64,22659.86,normal,,,ok,coinmetrics,
2020-12-30,135.9434,132.4738,28844.61,25440.25,23187.35,normal,,,ok,coinmetrics,
2020-12-31,136.2345,132.9609,29022.67,26048.77,23735.4,normal,,,ok,coinmetrics,
2021-01-01,136.6682,133.683,29380.69,26611.15,24263.77,normal,,,ok,coinmetrics,
2021-01-02,136.3382,133.951,32022.68,27482.69,24907.1,normal,,,ok,coinmetrics,
2021-01-03,136.6367,134.1742,33277.84,28439.71,25606.65,normal,,,ok,coinmetrics,
2021-01-04,137.3974,134.7955,31802.15,29153.01,26225.13,normal,,,ok,coinmetrics,
2021-01-05,137.919,135.0868,34013.17,29906.52,26857.25,normal,,,ok,coinmetrics,
2021-01-06,138.6125,135.7837,36643.28,30927.76,27549.95,normal,,,ok,coinmetrics,
2021-01-07,139.2191,136.4532,39215.65,32145.39,28358.3,normal,,,ok,coinmetrics,
2021-01-08,139.3681,136.1607,40775.4,33499.81,29204.23,normal,,,ok,coinmetrics,
2021-01-09,139.7183,136.3546,40370.68,34652.42,30046.33,normal,,,ok,coinmetrics,
2021-01-10,140.767,137.0246,38329.34,35583.09,30815.93,normal,,,ok,coinmetrics,
2021-01-11,141.8355,137.4285,35269.51,36171.97,31391.56,normal,,,ok,coinmetrics,
2021-01-12,141.9445,138.0221,33712.47,36340.95,31911.82,normal,,,ok,coinmetrics,
2021-01-13,142.6489,138.6422,37296.55,36742.82,32591.27,normal,,,ok,coinmetrics,
2021-01-14,143.3374,139.0656,39045.52,37467.16,33310.08,normal,,,ok,coinmetrics,
2021-01-15,144.2062,139.4497,36710.32,37736.87,33821.7,normal,,,ok,coinmetrics,
2021-01-16,145.2349,139.6706,36177.26,37690.27,34309.02,normal,,,ok,coinmetrics,
2021-01-17,144.9194,139.4775,36069.94,37375.7,34760.55,normal,,,ok,coinmetrics,
2021-01-18,144.9826,139.9558,36594.3,36957.59,35228.7,normal,,,ok,coinmetrics,
2021-01-19,145.3991,140.0505,36250.15,36545.53,35598.98,normal,,,ok,coinmetrics,
2021-01-20,146.0064,139.994,35515.48,36264.15,35923.62,normal,,,ok,coinmetrics,
2021-01-21,145.9873,139.6597,31022.95,35839.49,36005.73,normal,,,ok,coinmetrics,
2021-01-22,146.0378,139.9239,32986.44,35766.89,36053.92,normal,,,ok,coinmetrics,
2021-01-23,147.5017,140.6221,32036.28,35240.86,35991.84,normal,,,ok,coinmetrics,
2021-01-24,147.843,140.7605,32216.1,34557.92,36012.54,normal,,,ok,coinmetrics,
2021-01-25,148.4354,140.9889,32419.71,34128.86,35932.87,normal,,,ok,coinmetrics,
2021-01-26,149.4125,141.5214,32640.64,33775.2,35732.73,normal,,,ok,coinmetrics,
2021-01-27,149.381,141.7261,30358.93,33204.1,35289.9,normal,,,ok,coinmetrics,
2021-01-28,149.6996,141.9645,33511.29,32895.8,34926.69,normal,,,ok,coinmetrics,
2021-01-29,149.6434,142.7934,34166.15,32687.4,34616.47,normal,,,ok,coinmetrics,
2021-01-30,149.2199,142.7272,34349.92,32570.84,34417.49,normal,,,ok,coinmetrics,
2021-01-31,149.5965,143.1323,33157.83,32784.33,34311.91,normal,,,ok,coinmetrics,
2021-02-01,149.0488,142.6935,33570.27,32842.71,34304.8,normal,,,ok,coinmetrics,
2021-02-02,149.4585,143.0476,35596.15,33198.7,34219.78,normal,,,ok,coinmetrics,
2021-02-03,149.3024,143.3499,37578.37,33734.93,34146.42,normal,,,ok,coinmetrics,
2021-02-04,149.9845,143.9517,37129.2,34205.88,34167.37,normal,,,ok,coinmetrics,
2021-02-05,150.3607,144.4866,38045.41,34746.35,34260.78,normal,,,ok,coinmetrics,
2021-02-06,150.8221,145.0206,39341.73,35644.63,34424.37,normal,,,ok,coinmetrics,
2021-02-07,151.8014,145.5848,39003.01,36193.8,34544.8,normal,,,ok,coinmetrics,
2021-02-08,153.0783,146.3983,46121.93,37389.38,35038.39,normal,,,ok,coinmetrics,
2021-02-09,152.7279,146.7475,46548.16,38609.21,35590.02,normal,,,ok,coinmetrics,
2021-02-10,152.5482,147.1919,45078.13,39801.24,36292.78,normal,,,ok,coinmetrics,
2021-02-11,152.0762,147.0103,47892.84,41233.49,37038.1,normal,,,ok,coinmetrics,
2021-02-12,151.9293,147.2891,47525.21,42426.4,37812.55,normal,,,ok,coinmetrics,
2021-02-13,152.4859,147.9117,47208.63,43389.43,38562.18,normal,,,ok,coinmetrics,
2021-02-14,152.4497,148.3279,48829.83,44559.49,39382.68,normal,,,ok,coinmetrics,
2021-02-15,152.8287,149.0318,48110.24,45565.97,40156.16,normal,,,ok,coinmetrics,
2021-02-16,152.5848,148.7521,49140.38,46545.84,41095.23,normal,,,ok,coinmetrics,
2021-02-17,152.5349,148.7588,52224.94,47868.03,42030.92,normal,,,ok,coinmetrics,
2021-02-18,152.3128,148.856,51650.07,48420.84,42905.11,normal,,,ok,coinmetrics,
2021-02-19,152.9399,149.4732,55820.5,49348.08,43978.64,normal,,,ok,coinmetrics,
2021-02-20,153.7906,149.889,55861.82,50426.45,45113.84,normal,,,ok,coinmetrics,
2021-02-21,154.0515,150.0446,57500.72,51387.23,46310.36,normal,,,ok,coinmetrics,
2021-02-22,153.4771,150.4894,53952.15,52029.93,47228.16,normal,,,ok,coinmetrics,
2021-02-23,153.2526,150.5478,48560.49,52165.11,47777.27,normal,,,ok,coinmetrics,
2021-02-24,154.1455,151.2904,49567.35,52238.87,48399.18,normal,,,ok,coinmetrics,
2021-02-25,154.2057,151.8091,47568.13,52184.66,48875.31,normal,,,ok,coinmetrics,
2021-02-26,154.3097,151.8453,46231.77,51893.79,49219.82,normal,,,ok,coinmetrics,
2021-02-27,154.958,152.3288,45834.51,51254.75,49561.39,normal,,,ok,coinmetrics,
2021-02-28,154.4289,152.0361,45359.46,50625.69,49523.27,normal,,,ok,coinmetrics,
2021-03-01,154.4159,151.8179,49634.45,50007.08,49677.58,normal,,,ok,coinmetrics,
2021-03-02,154.5948,152.0956,48304.71,49251.37,49838.91,normal,,,ok,coinmetrics,
2021-03-03,155.9603,152.5045,50690.47,48570.35,49978.79,normal,,,ok,coinmetrics,
2021-03-04,155.2887,152.3736,48472.8,48022.41,50026.17,normal,,,ok,coinmetrics,
2021-03-05,155.4765,152.3895,48800.82,48046.45,50105.78,normal,,,ok,coinmetrics,
2021-03-06,155.3619,152.6732,48970.52,47986.76,50112.81,normal,,,ok,coinmetrics,
2021-03-07,154.7195,152.5401,51086.47,48338.6,50261.63,normal,,,ok,coinmetrics,
2021-03-08,154.5891,152.7056,52088.48,48924.27,50409.03,normal,,,ok,coinmetrics,
2021-03-09,154.024,152.9127,54739.14,49814.73,50534.74,normal,,,ok,coinmetrics,
2021-03-10,153.5657,153.322,56116.04,50890.39,50758.04,normal,,,ok,coinmetrics,
2021-03-11,153.1781,152.953,57847.25,51711.67,50859.38,normal,,,ok,coinmetrics,
2021-03-12,153.4301,152.9892,57334.64,52614.66,50933.02,normal,,,ok,coinmetrics,
2021-03-13,153.9307,153.0034,61288.79,53674.49,51122.42,normal,,,ok,coinmetrics,
2021-03-14,154.467,153.1982,59905.62,54817.78,51420.09,normal,,,ok,coinmetrics,
2021-03-15,154.1508,153.3184,56121.12,55549.81,51798.13,normal,,,ok,coinmetrics,
2021-03-16,154.1897,153.3197,56500.45,56302.8,52144.78,normal,,,ok,coinmetrics,
2021-03-17,153.6246,153.2267,58683.07,57062.46,52700.53,normal,,,ok,coinmetrics,
2021-03-18,154.7291,153.6569,57731.48,57626.76,53275.51,normal,,,ok,coinmetrics,
2021-03-19,155.1098,153.8223,58168.12,57969.66,53892.19,normal,,,ok,coinmetrics,
2021-03-20,155.8236,154.0682,58247.88,58182.84,54536.62,normal,,,ok,coinmetrics,
2021-03-21,156.0339,154.4869,57447.93,58142.91,54927.29,normal,,,ok,coinmetrics,
2021-03-22,156.2493,155.02,54453.14,57854.76,55234.71,normal,,,ok,coinmetrics,
2021-03-23,157.007,155.5292,54563.61,57182.24,55428.37,normal,,,ok,coinmetrics,
2021-03-24,157.7265,155.6018,52595.41,56451.22,55634.5,normal,,,ok,coinmetrics,
2021-03-25,158.7346,155.9936,51547.12,55993.82,55771.81,normal,,,ok,coinmetrics,
2021-03-26,157.9385,156.042,54817.86,55825.56,56064.18,normal,,,ok,coinmetrics,
2021-03-27,158.0837,156.1447,56019.84,55559.24,56310.85,normal,,,ok,coinmetrics,
2021-03-28,158.8409,156.5753,55713.04,55357.4,56492.08,normal,,,ok,coinmetrics,
2021-03-29,158.6603,156.8092,57571.23,55297.71,56633.68,normal,,,ok,coinmetrics,
2021-03-30,159.2345,156.8317,58684.55,55341.37,56762.11,normal,,,ok,coinmetrics,
2021-03-31,160.2432,157.3296,58792.19,55475.8,56809.36,normal,,,ok,coinmetrics,
2021-04-01,160.3492,157.472,58818.98,55912.38,56883.57,normal,,,ok,coinmetrics,
2021-04-02,160.2388,158.0995,59031.53,56359.18,56770.71,normal,,,ok,coinmetrics,
2021-04-03,160.6536,157.9711,57282.39,56827.87,56639.55,normal,,,ok,coinmetrics,
2021-04-04,160.8875,158.182,58202.2,57493.38,56743.6,normal,,,ok,coinmetrics,
2021-04-05,161.4622,158.412,58755.85,57887.18,56856.37,normal,,,ok,coinmetrics,
2021-04-06,161.7941,158.2568,58084.07,58093.6,56826.42,normal,,,ok,coinmetrics,
2021-04-07,162.3046,158.4469,56266.83,58148.98,56753.19,normal,,,ok,coinmetrics,
2021-04-08,162.4665,158.2452,57963.34,58188.19,56742.95,normal,,,ok,coinmetrics,
2021-04-09,162.9985,158.2821,58051.76,58124.92,56733.14,normal,,,ok,coinmetrics,
2021-04-10,164.3265,158.7523,59651.56,58210.85,56843.33,normal,,,ok,coinmetrics,
2021-04-11,164.5546,158.9924,59932.93,58322.25,57117.32,normal,,,ok,coinmetrics,
2021-04-12,164.9932,159.4619,59905.94,58409.69,57384.43,normal,,,ok,coinmetrics,
2021-04-13,164.8575,159.6623,63445.64,59026.01,57926.94,normal,,,ok,coinmetrics,
2021-04-14,164.7734,159.4621,62869.5,59492.74,58493.06,normal,,,ok,coinmetrics,
2021-04-15,166.0987,160.1442,63231.16,59940.27,58913.73,normal,,,ok,coinmetrics,
2021-04-16,165.2901,159.4573,61571.11,60288.98,59191.29,normal,,,ok,coinmetrics,
2021-04-17,163.4439,159.0865,60280.88,60690.38,59419.68,normal,,,ok,coinmetrics,
2021-04-18,163.0072,159.0585,56389.56,60533,59360.6,normal,,,ok,coinmetrics,
2021-04-19,161.2179,158.5208,55798.14,60307.64,59216.28,normal,,,ok,coinmetrics,
2021-04-20,160.5675,158.3007,56474.37,59989.92,59100.39,normal,,,ok,coinmetrics,
2021-04-21,159.0432,157.6462,54025.8,59399.21,58860.73,normal,,,ok,coinmetrics,
2021-04-22,158.7977,157.9023,51882.06,58596.82,58503.25,normal,,,ok,coinmetrics,
2021-04-23,158.5657,158.1461,50954.91,57347.75,58186.88,normal,,,ok,coinmetrics,
2021-04-24,158.652,158.6933,50279.95,56088.79,57790.77,capitulation,green,capitulation,ok,coinmetrics,
2021-04-25,159.2342,158.5864,48946.94,54660.37,57300.32,recovered,green,recovery,ok,coinmetrics,
2021-04-26,157.928,158.0059,53943.35,53897.6,57093.29,capitulation,gray,capitulation,ok,coinmetrics,
2021-04-27,157.716,158.2785,55027.03,53372.21,57031.3,capitulation,gray,,ok,coinmetrics,
2021-04-28,157.7937,158.227,54787.38,53211.99,56872.5,capitulation,green,,ok,coinmetrics,
2021-04-29,157.2712,158.2528,53567.08,52988.89,56648.26,capitulation,gray,,ok,coinmetrics,
2021-04-30,157.2488,158.746,57741.44,53115.59,56552.76,capitulation,gray,,ok,coinmetrics,
2021-05-01,157.2691,158.8091,57863.59,53499.37,56449.29,capitulation,green,,ok,coinmetrics,
2021-05-02,158.2255,159.2322,56572.6,53968.43,56282.62,capitulation,green,,ok,coinmetrics,
2021-05-03,159.2475,159.9505,57243.04,54597.24,55972.49,capitulation,green,,ok,coinmetrics,
2021-05-04,159.831,160.3592,53724.11,54941.66,55515.22,capitulation,green,,ok,coinmetrics,
2021-05-05,159.2115,160.3368,57342.03,55781.16,55220.77,capitulation,gray,,ok,coinmetrics,
2021-05-06,159.4961,160.6451,56527.35,56039.57,54968.58,capitulation,green,,ok,coinmetrics,
2021-05-07,159.3505,160.8276,57341.07,56270.97,54821.59,capitulation,gray,,ok,coinmetrics,
2021-05-08,160.0526,161.2595,58736.13,56665.84,54938.92,capitulation,green,,ok,coinmetrics,
2021-05-09,160.5768,161.7876,58288.43,57137.98,55063.43,capitulation,green,,ok,coinmetrics,
2021-05-10,160.7044,162.5154,55902.93,56954.13,55034.86,capitulation,green,,ok,coinmetrics,
2021-05-11,161.0189,162.7867,56612.1,56828.98,55164.18,capitulation,green,,ok,coinmetrics,
2021-05-12,161.3717,163.1824,50972.36,56268.95,55118.69,capitulation,green,,ok,coinmetrics,
2021-05-13,162.1609,163.5092,49368.61,55481.51,55039.38,capitulation,green,,ok,coinmetrics,
2021-05-14,162.5464,163.6599,49997.4,55108.84,55025.25,capitulation,green,,ok,coinmetrics,
2021-05-15,161.0304,163.5646,47047.96,54079.43,54930.3,capitulation,gray,,ok,coinmetrics,
2021-05-16,162.4839,163.887,46022.5,53028.95,54534.26,capitulation,green,,ok,coinmetrics,
2021-05-17,163.9498,163.6968,43492.4,51644.08,53957.52,recovered,green,recovery,ok,coinmetrics,
2021-05-18,163.2546,163.1309,42789.81,50049.45,53357.65,recovered,,,ok,coinmetrics,
2021-05-19,164.6521,162.935,37642.52,47984.86,52561.42,recovered,,,ok,coinmetrics,
2021-05-20,164.2987,162.4331,40799.4,46474.51,51714.32,recovered,,,ok,coinmetrics,
2021-05-21,164.9173,161.9802,37174.33,44530.73,50679.85,recovered,,,ok,coinmetrics,
2021-05-22,164.1438,161.4707,37643.42,43197.84,49733.39,recovered,,,ok,coinmetrics,
2021-05-23,163.8073,161.1865,34774.21,41738.39,48609.95,recovered,,,ok,coinmetrics,
2021-05-24,163.3706,161.0113,38630.41,40601.7,47855.27,recovered,,,ok,coinmetrics,
2021-05-25,162.9658,161.1,38269.77,39723.88,46901.66,recovered,,,ok,coinmetrics,
2021-05-26,163.5744,160.7512,39194.86,39041.11,46035.03,recovered,,,ok,coinmetrics,
2021-05-27,162.8815,160.2987,38510.86,38542.96,45093.52,recovered,,,ok,coinmetrics,
2021-05-28,162.2715,160.0326,35596.72,37823.65,43936.55,recovered,,,ok,coinmetrics,
2021-05-29,162.3186,159.7949,34681.82,37527.58,42756.22,recovered,,,ok,coinmetrics,
2021-05-30,161.6814,159.4651,35652.17,37012.86,41743.68,recovered,,,ok,coinmetrics,
2021-05-31,161.3251,159.2971,37312.97,37026.72,40778.72,recovered,,,ok,coinmetrics,
2021-06-01,159.96,159.0928,36661.38,36928.52,40063.18,recovered,,,ok,coinmetrics,
2021-06-02,159.7051,159.4763,37639.46,37215.04,39476.72,recovered,,,ok,coinmetrics,
2021-06-03,158.6509,159.2409,39160.15,37268.02,38934.86,capitulation,gray,capitulation,ok,coinmetrics,
2021-06-04,157.8583,158.5349,36884.37,37129.48,38426.68,capitulation,gray,,ok,coinmetrics,
2021-06-05,156.6217,158.0589,35409.57,36750.95,37896.03,capitulation,gray,,ok,coinmetrics,
2021-06-06,155.9795,157.665,35720.6,36471.92,37507.44,capitulation,gray,,ok,coinmetrics,
2021-06-07,154.7786,157.4156,33724.91,36284.74,37054.19,capitulation,gray,,ok,coinmetrics,
2021-06-08,153.6234,157.1001,33475.05,36164.06,36845.82,capitulation,gray,,ok,coinmetrics,
2021-06-09,151.871,156.2877,37372.99,36336.14,36674.5,capitulation,gray,,ok,coinmetrics,
2021-06-10,150.1128,155.5658,36826,36287.45,36657.08,capitulation,gray,,ok,coinmetrics,
2021-06-11,147.9012,154.6364,37185.39,36339.85,36634.18,capitulation,gray,,ok,coinmetrics,
2021-06-12,146.2715,154.2162,35669.17,36142.82,36678.93,capitulation,gray,,ok,coinmetrics,
2021-06-13,145.2585,153.9024,38925.42,36119.35,36693.68,capitulation,gray,,ok,coinmetrics,
2021-06-14,144.6126,152.8215,40455.6,36476.47,36802.97,capitulation,gray,,ok,coinmetrics,
2021-06-15,143.4611,152.9725,40254.65,36960.98,36855.96,capitulation,gray,,ok,coinmetrics,
2021-06-16,142.5018,153.2258,38265.54,37215.47,36843.7,capitulation,gray,,ok,coinmetrics,
2021-06-17,142.6453,152.95,38018.64,37644.85,36964.79,capitulation,green,,ok,coinmetrics,
2021-06-18,141.5531,153.1026,35714.31,37868.77,37016.42,capitulation,gray,,ok,coinmetrics,
2021-06-19,140.3068,152.3028,35555.98,37687.07,37011.61,capitulation,gray,,ok,coinmetrics,
2021-06-20,139.2096,152.0635,35599.94,37564.46,36925.96,capitulation,gray,,ok,coinmetrics,
2021-06-21,137.8634,151.0036,31715.16,37017.44,36678.65,capitulation,gray,,ok,coinmetrics,
2021-06-22,135.9302,149.8688,32394.56,36689.98,36416.4,capitulation,gray,,ok,coinmetrics,
2021-06-23,134.0369,148.7038,33610.5,36158.49,36138.92,capitulation,gray,,ok,coinmetrics,
2021-06-24,132.4001,147.6829,34658.97,35578.83,36027.65,capitulation,gray,,ok,coinmetrics,
2021-06-25,130.97,147.2722,31683.5,34721.71,35841.34,capitulation,gray,,ok,coinmetrics,
2021-06-26,129.0538,145.9676,31890.68,34084.22,35649.85,capitulation,gray,,ok,coinmetrics,
2021-06-27,126.0307,144.1511,34506.49,33733.01,35688.93,capitulation,gray,,ok,coinmetrics,
2021-06-28,124.123,143.2208,34376.19,33599.2,35733.98,capitulation,gray,,ok,coinmetrics,
2021-06-29,122.0668,141.8741,35933.78,33636.98,35662.02,capitulation,gray,,ok,coinmetrics,
2021-06-30,120.0558,140.6904,35065.47,33583.53,35574,capitulation,gray,,ok,coinmetrics,
2021-07-01,118.2741,139.117,33505.08,33762.52,35389.98,capitulation,gray,,ok,coinmetrics,
2021-07-02,115.4572,137.5811,33782.95,33901.36,35295.67,capitulation,gray,,ok,coinmetrics,
2021-07-03,113.5745,136.1127,34588.22,33999.13,35078.81,capitulation,gray,,ok,coinmetrics,
2021-07-04,111.7426,134.8005,35355.61,34068.8,34823.81,capitulation,gray,,ok,coinmetrics,
2021-07-05,110.3154,133.4686,33911.75,34291.62,34506.67,capitulation,gray,,ok,coinmetrics,
2021-07-06,108.4635,132.2215,34123.98,34514.95,34299.59,capitulation,gray,,ok,coinmetrics,
2021-07-07,106.7523,130.7655,33931.62,34457.46,34095.24,capitulation,gray,,ok,coinmetrics,
2021-07-08,104.8639,129.2437,32819.66,34301.81,33950.5,capitulation,gray,,ok,coinmetrics,
2021-07-09,103.5872,127.7291,33914.88,34099.92,33868.45,capitulation,gray,,ok,coinmetrics,
2021-07-10,103.3036,126.7082,33610.95,33954.47,33769,capitulation,gray,,ok,coinmetrics,
2021-07-11,102.6165,125.2589,34258.44,34029.81,33896.16,capitulation,gray,,ok,coinmetrics,
2021-07-12,101.0116,123.6416,33135.24,33965.03,33933.2,capitulation,gray,,ok,coinmetrics,
2021-07-13,99.7001,122.4793,32641.98,33770.41,33884.77,capitulation,gray,,ok,coinmetrics,
2021-07-14,99.2872,121.9499,32798.28,33514.68,33791.74,capitulation,gray,,ok,coinmetrics,
2021-07-15,98.0068,120.7339,31707.69,33294.27,33792.95,capitulation,gray,,ok,coinmetrics,
2021-07-16,97.5142,120.008,31455.72,33027.45,33771.2,capitulation,gray,,ok,coinmetrics,
2021-07-17,96.6146,119.63,31547.95,32789.08,33623.27,capitulation,gray,,ok,coinmetrics,
2021-07-18,95.7815,118.6673,31707.7,32677.88,33489.85,capitulation,gray,,ok,coinmetrics,
2021-07-19,96.231,118.2689,30883.47,32374.74,33237.33,capitulation,green,,ok,coinmetrics,
2021-07-20,95.5269,117.3683,29766.66,31990.31,32972.39,capitulation,gray,,ok,coinmetrics,
2021-07-21,95.344,116.6037,32119.66,31776.43,32903.12,capitulation,gray,,ok,coinmetrics,
2021-07-22,95.8046,115.8674,32306.96,31693.61,32829.32,capitulation,green,,ok,coinmetrics,
2021-07-23,95.5272,114.7821,33439.6,31773.37,32771.89,capitulation,gray,,ok,coinmetrics,
2021-07-24,95.5482,113.9741,34166.91,31910.23,32712.45,capitulation,green,,ok,coinmetrics,
2021-07-25,95.3813,113.1757,35119.94,32251.46,32772.86,capitulation,gray,,ok,coinmetrics,
2021-07-26,95.8401,112.447,37444.78,32850.36,32938.9,capitulation,green,,ok,coinmetrics,
2021-07-27,97.7759,111.9033,39126.54,33608.22,33198.65,capitulation,green,,ok,coinmetrics,
2021-07-28,98.4263,111.2746,39939.19,34431.37,33554.63,capitulation,green,,ok,coinmetrics,
2021-07-29,99.0786,110.5727,40086.16,35351.64,33863.19,capitulation,green,,ok,coinmetrics,
2021-07-30,99.9329,109.9943,41789.67,36553.94,34272.13,capitulation,green,,ok,coinmetrics,
2021-07-31,100.5178,109.3959,41793.31,37521.31,34648.87,capitulation,green,,ok,coinmetrics,
2021-08-01,101.2444,108.3508,39968.97,38287.51,34990.56,capitulation,green,,ok,coinmetrics,
2021-08-02,101.4353,107.5049,39304.19,38873.97,35323.67,capitulation,green,,ok,coinmetrics,
2021-08-03,102.7578,107.2502,38288.83,39286.16,35598.19,capitulation,green,,ok,coinmetrics,
2021-08-04,102.8831,106.5993,39773.91,39751.56,36001.51,capitulation,green,,ok,coinmetrics,
2021-08-05,103.3469,105.9052,40941.65,40101.24,36475.8,capitulation,green,,ok,coinmetrics,
2021-08-06,104.2388,105.4956,42790.36,40467.62,37037.92,capitulation,green,,ok,coinmetrics,
2021-08-07,104.9421,104.903,44484.9,40922.19,37676.78,normal,blue,buy,ok,coinmetrics,
2021-08-08,105.6196,104.6034,43972.3,41310.81,38331.22,normal,,,ok,coinmetrics,
2021-08-09,105.439,104.3713,46265.64,41758.41,39156.17,normal,,,ok,coinmetrics,
2021-08-10,106.4275,104.522,45488.79,42127.95,39824.63,normal,,,ok,coinmetrics,
2021-08-11,106.9598,103.9857,45676.33,42698.69,40493.1,normal,,,ok,coinmetrics,
2021-08-12,107.3502,103.5252,44405.75,43208.85,41041.41,normal,,,ok,coinmetrics,
2021-08-13,106.9189,103.103,47717.49,44151.71,41718.93,normal,,,ok,coinmetrics,
2021-08-14,108.0999,103.0533,47124.21,44886.74,42319.15,normal,,,ok,coinmetrics,
2021-08-15,109.2213,103.3677,47074.37,45500.01,42800.63,normal,,,ok,coinmetrics,
2021-08-16,109.9771,103.2959,45984.72,45819.45,43143.54,normal,,,ok,coinmetrics,
2021-08-17,111.1483,103.4649,44714.1,45842.37,43382.28,normal,,,ok,coinmetrics,
2021-08-18,110.7766,103.5038,44954.36,45940.58,43625.69,normal,,,ok,coinmetrics,
2021-08-19,111.9822,103.7546,46646.86,45978.7,43868.55,normal,,,ok,coinmetrics,
2021-08-20,112.8214,104.0827,49240.84,46353.9,44240.93,normal,,,ok,coinmetrics,
2021-08-21,113.7371,104.7709,49070.24,46693.29,44695.99,normal,,,ok,coinmetrics,
2021-08-22,114.906,105.2166,49363.32,47189.05,45198.95,normal,,,ok,coinmetrics,
2021-08-23,116.495,106.0216,49590.88,47376.39,45764.05,normal,,,ok,coinmetrics,
2021-08-24,116.9983,106.1898,47925.86,47456.55,46171.65,normal,,,ok,coinmetrics,
2021-08-25,117.9733,106.9067,49002.32,47649.35,46574.68,normal,,,ok,coinmetrics,
2021-08-26,118.3833,108.0796,47190.34,47769.91,46794.68,normal,,,ok,coinmetrics,
2021-08-27,119.0879,108.7571,49048.48,48203.35,47022.86,normal,,,ok,coinmetrics,
2021-08-28,119.5785,109.3285,48852.47,48593.16,47266.87,normal,,,ok,coinmetrics,
2021-08-29,120.371,110.152,48948.35,48823.31,47401,normal,,,ok,coinmetrics,
2021-08-30,120.5558,110.5368,47125.77,48611.8,47482.85,normal,,,ok,coinmetrics,
2021-08-31,121.0597,111.152,47219.24,48426.7,47560,normal,,,ok,coinmetrics,
2021-09-01,121.6235,111.5294,48688.54,48359.22,47774.14,normal,,,ok,coinmetrics,
2021-09-02,121.9131,112.3355,49369.59,48337.1,47856.74,normal,,,ok,coinmetrics,
2021-09-03,122.9661,112.9246,49860.53,48530.56,47993.56,normal,,,ok,coinmetrics,
2021-09-04,123.647,113.4969,49919.58,48622.29,48135.82,normal,,,ok,coinmetrics,
2021-09-05,124.6146,114.4267,51747.64,49078.02,48423.96,normal,,,ok,coinmetrics,
2021-09-06,125.6235,115.2828,52640.59,49437.23,48820.29,normal,,,ok,coinmetrics,
2021-09-07,126.298,115.9588,46854.4,49237.42,48915.29,normal,,,ok,coinmetrics,
2021-09-08,126.9798,116.2094,46187.98,48961.39,48892.35,normal,,,ok,coinmetrics,
2021-09-09,127.1968,116.8122,46448.77,48893.69,48752.74,normal,,,ok,coinmetrics,
2021-09-10,127.8157,117.3878,44765.28,48648.29,48537.5,normal,,,ok,coinmetrics,
2021-09-11,128.7047,118.0274,45098.59,48289.29,48324.26,normal,,,ok,coinmetrics,
2021-09-12,129.5756,118.2472,46180.61,47970.4,48153.75,normal,,,ok,coinmetrics,
2021-09-13,130.2,119.1499,44991.52,47483.5,48007.03,normal,,,ok,coinmetrics,
2021-09-14,130.635,119.9281,47022.62,47193.8,47908.04,normal,,,ok,coinmetrics,
2021-09-15,130.818,120.3975,48167.19,46835.75,47956.89,normal,,,ok,coinmetrics,
2021-09-16,130.5343,120.8413,47797.33,46351.43,47894.33,normal,,,ok,coinmetrics,
2021-09-17,131.54,121.1583,47213.79,46387.37,47812.4,normal,,,ok,coinmetrics,
2021-09-18,132.3001,122.1412,48204.01,46588.97,47775.18,normal,,,ok,coinmetrics,
2021-09-19,133.0581,122.9398,47218.47,46665.94,47779.81,normal,,,ok,coinmetrics,
2021-09-20,133.6804,123.7088,42855.51,46474.97,47561.63,normal,,,ok,coinmetrics,
2021-09-21,133.2555,124.0808,40526.49,46017.76,47153.53,normal,,,ok,coinmetrics,
2021-09-22,132.3958,124.4454,43577.57,45757.45,46863.92,normal,,,ok,coinmetrics,
2021-09-23,133.6202,125.3093,44861.3,45744.43,46613.96,normal,,,ok,coinmetrics,
2021-09-24,133.9059,125.9396,42803.31,45322.5,46258.15,normal,,,ok,coinmetrics,
2021-09-25,134.1774,126.2803,42735.27,44779.31,45807.53,normal,,,ok,coinmetrics,
2021-09-26,134.2915,126.6897,43131.29,44312.7,45332.07,normal,,,ok,coinmetrics,
2021-09-27,135.0553,127.3169,42496.79,43841,45114.18,normal,,,ok,coinmetrics,
2021-09-28,135.2867,127.8289,41223.79,43142.98,44865.98,normal,,,ok,coinmetrics,
2021-09-29,135.4386,127.9972,41453.95,42566.53,44616.23,normal,,,ok,coinmetrics,
2021-09-30,136.6185,128.8391,43781.55,42659.13,44567.05,normal,,,ok,coinmetrics,
2021-10-01,137.0268,129.3251,48078.13,43414.29,44716.02,normal,,,ok,coinmetrics,
2021-10-02,138.5958,130.2544,47792.44,43835.78,44796.62,normal,,,ok,coinmetrics,
2021-10-03,138.9978,130.982,48202.62,44169.91,44957.17,normal,,,ok,coinmetrics,
2021-10-04,139.3948,131.5209,49288.5,44818.43,45070.46,normal,,,ok,coinmetrics,
2021-10-05,140.0139,132.3142,51558.05,45700.71,45240.01,normal,,,ok,coinmetrics,
2021-10-06,139.3116,132.4676,55419.8,46929.56,45621.13,normal,,,ok,coinmetrics,
2021-10-07,139.4896,132.8938,53805.16,48060.4,45950.7,normal,,,ok,coinmetrics,
2021-10-08,139.1122,133.046,53933.53,49331.37,46237.18,normal,,,ok,coinmetrics,
2021-10-09,139.8762,133.5365,55010.92,50687.07,46626.8,normal,,,ok,coinmetrics,
2021-10-10,140.9674,134.3915,54701.28,51779.04,47219.09,normal,,,ok,coinmetrics,
2021-10-11,141.2639,134.9843,57289.19,52700.15,48057.22,normal,,,ok,coinmetrics,
2021-10-12,141.1954,135.3855,56196.18,53540.52,48688.15,normal,,,ok,coinmetrics,
2021-10-13,141.9144,136.0572,57348.89,54455.15,49312.53,normal,,,ok,coinmetrics,
2021-10-14,141.3039,135.9695,57384.04,55264.7,50041.57,normal,,,ok,coinmetrics,
2021-10-15,141.6187,136.2183,61446.08,56253.51,50977.11,normal,,,ok,coinmetrics,
2021-10-16,141.8529,136.1936,60932.06,56804.73,51867.15,normal,,,ok,coinmetrics,
2021-10-17,142.6414,137.0907,61462.22,57570.44,52815.42,normal,,,ok,coinmetrics,
2021-10-18,142.7977,137.5489,61977.06,58374.79,53853.08,normal,,,ok,coinmetrics,
2021-10-19,143.0734,138.0658,64290.9,59302.79,54994.93,normal,,,ok,coinmetrics,
2021-10-20,143.0273,138.3539,66061.8,60438.84,56108.94,normal,,,ok,coinmetrics,
2021-10-21,144.1498,138.7027,62373.89,60947.31,56823.73,normal,,,ok,coinmetrics,
2021-10-22,145.1893,138.7926,60750.97,61402.79,57471.66,normal,,,ok,coinmetrics,
2021-10-23,144.8204,139.2203,61250.08,61792.91,58124.03,normal,,,ok,coinmetrics,
2021-10-24,145.2528,139.5793,60865.45,62141.05,58702.88,normal,,,ok,coinmetrics,
2021-10-25,146.7762,140.4768,63031.67,62299.61,59276.56,normal,,,ok,coinmetrics,
2021-10-26,147.3921,140.8418,60393.98,62245.8,59525.27,normal,,,ok,coinmetrics,
2021-10-27,147.7373,141.3963,58563.34,61955.91,59763.18,normal,,,ok,coinmetrics,
2021-10-28,148.0438,141.6653,60564.57,61814.66,60094.73,normal,,,ok,coinmetrics,
2021-10-29,149.6418,142.5402,62230.81,61608.65,60455.72,normal,,,ok,coinmetrics,
2021-10-30,149.4168,143.0176,61742.92,61176.77,60807.8,normal,,,ok,coinmetrics,
2021-10-31,149.6952,143.361,61432.97,61082.68,61014.99,normal,,,ok,coinmetrics,
2021-11-01,149.0888,143.8423,61092.1,61116.79,61259.79,normal,,,ok,coinmetrics,
2021-11-02,150.0375,144.5177,63024.75,61294.25,61543.58,normal,,,ok,coinmetrics,
2021-11-03,150.8946,145.1447,62955.98,61503.31,61822.18,normal,,,ok,coinmetrics,
2021-11-04,150.6209,145.3174,61393.89,61339.53,61819.57,normal,,,ok,coinmetrics,
2021-11-05,151.8657,145.5887,61005.84,61400.72,61823.26,normal,,,ok,coinmetrics,
2021-11-06,152.7449,146.1173,61455.05,61689.89,61822.9,normal,,,ok,coinmetrics,
2021-11-07,154.2805,146.6963,63043.83,61937.81,61876.24,normal,,,ok,coinmetrics,
2021-11-08,154.1812,147.0287,67541.76,62468.91,62038.78,normal,,,ok,coinmetrics,
2021-11-09,154.3953,147.6813,67095.59,63004.17,62090.47,normal,,,ok,coinmetrics,
2021-11-10,154.9303,148.0971,64756.08,63336.49,62209.58,normal,,,ok,coinmetrics,
2021-11-11,156.1838,148.6896,64962.93,63723.57,62420.18,normal,,,ok,coinmetrics,
2021-11-12,155.7094,148.8119,64078.97,63828.99,62561.62,normal,,,ok,coinmetrics,
2021-11-13,156.6846,148.9943,64397.79,63973.17,62738.24,normal,,,ok,coinmetrics,
2021-11-14,157.8817,149.7502,65032.23,64337.01,62838.27,normal,,,ok,coinmetrics,
2021-11-15,159.1709,150.5119,63753.5,64611.77,63006.24,normal,,,ok,coinmetrics,
2021-11-16,159.5325,151.0869,60322.5,64498.52,63094.2,normal,,,ok,coinmetrics,
2021-11-17,160.2446,151.5212,60154.31,64209.56,63073.69,normal,,,ok,coinmetrics,
2021-11-18,160.4969,151.7852,56794.16,63134.8,62801.86,normal,,,ok,coinmetrics,
2021-11-19,160.686,151.8566,58014.07,62226.65,62615.41,normal,,,ok,coinmetrics,
2021-11-20,161.2088,152.6793,59749.47,61725.99,62531.24,normal,,,ok,coinmetrics,
2021-11-21,160.9105,153.0499,59032.62,61132.96,62428.27,normal,,,ok,coinmetrics,
2021-11-22,161.3829,153.1017,56383.57,60363.42,62096.21,normal,,,ok,coinmetrics,
2021-11-23,161.251,153.2519,57642.27,59687.87,61830.52,normal,,,ok,coinmetrics,
2021-11-24,161.0933,153.9347,57141.83,58898.83,61617.92,normal,,,ok,coinmetrics,
2021-11-25,160.986,154.1891,59008.66,58424.35,61518.06,normal,,,ok,coinmetrics,
2021-11-26,160.721,154.2291,53800.62,57772.16,61135.34,normal,,,ok,coinmetrics,
2021-11-27,161.0023,154.523,54635.88,57220.31,60714.94,normal,,,ok,coinmetrics,
2021-11-28,160.4833,155.0626,57248.57,57265.76,60200.28,normal,,,ok,coinmetrics,
2021-11-29,160.6179,155.0173,57920.71,57256.42,59741.54,normal,,,ok,coinmetrics,
2021-11-30,160.8917,155.2935,57097.01,56991.17,59358.58,normal,,,ok,coinmetrics,
2021-12-01,160.6505,154.8696,57180.61,56805.97,58969.47,normal,,,ok,coinmetrics,
2021-12-02,160.7165,155.377,56582.89,56825.9,58594.66,normal,,,ok,coinmetrics,
2021-12-03,161.156,156.0253,53671.62,56428.84,58058.35,normal,,,ok,coinmetrics,
2021-12-04,161.7604,156.1906,49159.74,55630.63,57264.73,normal,,,ok,coinmetrics,
2021-12-05,162.3412,157.1034,49327.09,54662.47,56543.41,normal,,,ok,coinmetrics,
2021-12-06,163.18,157.9624,50535.43,54335.95,56054.06,normal,,,ok,coinmetrics,
2021-12-07,163.3884,158.8345,50574.47,53929.81,55575.06,normal,,,ok,coinmetrics,
2021-12-08,164.7611,159.4711,50500.65,53255.02,55260.39,normal,,,ok,coinmetrics,
2021-12-09,165.3385,159.8669,47937.82,52256.73,54756.58,normal,,,ok,coinmetrics,
2021-12-10,165.7646,160.3474,47437.23,51290.76,54140.96,normal,,,ok,coinmetrics,
2021-12-11,165.9815,161.0826,49321.77,50504.87,53655.42,normal,,,ok,coinmetrics,
2021-12-12,166.498,161.1037,50136.57,49860.24,53343.07,normal,,,ok,coinmetrics,
2021-12-13,166.6598,161.6722,46785.33,49171.61,52800.23,normal,,,ok,coinmetrics,
2021-12-14,166.7485,162.3151,48292.68,49084.9,52357.77,normal,,,ok,coinmetrics,
2021-12-15,166.7282,162.9495,48830.62,49035.26,51848.87,normal,,,ok,coinmetrics,
2021-12-16,165.7031,162.6178,47663.47,48748.06,51542.01,normal,,,ok,coinmetrics,
2021-12-17,166.0786,163.1616,46334.48,48324.06,51126.94,normal,,,ok,coinmetrics,
2021-12-18,165.8001,163.1485,46904.87,47964.49,50609.75,normal,,,ok,coinmetrics,
2021-12-19,166.6265,163.6562,46876.43,47858.35,50057.54,normal,,,ok,coinmetrics,
2021-12-20,166.9519,164.0804,46954.76,47810.1,49550.43,normal,,,ok,coinmetrics,
2021-12-21,168.4473,164.6789,49082.06,47786.13,49145.5,normal,,,ok,coinmetrics,
2021-12-22,169.0833,165.2331,48692.1,47641.68,48750.96,normal,,,ok,coinmetrics,
2021-12-23,170.2179,165.7344,50712.97,48034.45,48603.03,normal,,,ok,coinmetrics,
2021-12-24,170.373,165.7332,50783.83,48283.56,48684.23,normal,,,ok,coinmetrics,
2021-12-25,171.3944,166.1902,50590.45,48459.54,48747.4,normal,,,ok,coinmetrics,
2021-12-26,171.8244,166.2727,50798.31,48773.03,48760.54,normal,,,ok,coinmetrics,
2021-12-27,172.4042,166.7032,50796.38,49219.22,48771.64,normal,,,ok,coinmetrics,
2021-12-28,172.6222,166.5528,47673.04,49296.03,48630.26,normal,,,ok,coinmetrics,
2021-12-29,173.1616,166.8897,46470.32,49255.42,48556.88,normal,,,ok,coinmetrics,
2021-12-30,172.9883,166.94,47102.46,49270.19,48540.15,normal,,,ok,coinmetrics,
2021-12-31,173.9106,167.2805,46355.12,48997.5,48391.81,normal,,,ok,coinmetrics,
2022-01-01,175.0917,167.9041,47560.01,48884.29,48262.99,normal,,,ok,coinmetrics,
2022-01-02,175.2286,168.1923,47352.56,48548.25,48291.35,normal,,,ok,coinmetrics,
2022-01-03,175.1228,168.4416,46453.43,48115.21,48199.38,normal,,,ok,coinmetrics,
2022-01-04,174.8913,168.6162,45905.96,47646.76,48053.15,normal,,,ok,coinmetrics,
2022-01-05,174.5584,168.8692,43530.94,46920.02,47846.52,normal,,,ok,coinmetrics,
2022-01-06,174.7309,169.0597,43144.97,46154.88,47687.05,normal,,,ok,coinmetrics,
2022-01-07,174.1439,169.4525,41512.78,45538.86,47417.44,normal,,,ok,coinmetrics,
2022-01-08,173.9201,169.6293,41799.81,45071.8,47163.61,normal,,,ok,coinmetrics,
2022-01-09,173.8407,169.8026,41886.5,44550.21,46910.2,normal,,,ok,coinmetrics,
2022-01-10,173.6878,169.8346,41816.95,44096.39,46546.95,normal,,,ok,coinmetrics,
2022-01-11,174.4557,170.4768,42768.18,43617.21,46250.75,normal,,,ok,coinmetrics,
2022-01-12,174.4162,170.538,43961.03,43278.06,45913.15,normal,,,ok,coinmetrics,
2022-01-13,175.7114,171.2299,42626.87,42895.4,45505.3,normal,,,ok,coinmetrics,
2022-01-14,176.4796,171.6039,43102.65,42615.07,45130.91,normal,,,ok,coinmetrics,
2022-01-15,178.5728,172.1379,43206.67,42582.64,44751.33,normal,,,ok,coinmetrics,
2022-01-16,179.6664,172.8725,43168.86,42585.03,44369.96,normal,,,ok,coinmetrics,
2022-01-17,181.0365,173.4183,42211.27,42654.88,44096.87,normal,,,ok,coinmetrics,
2022-01-18,180.5552,173.5908,42431.23,42718.02,43894.91,normal,,,ok,coinmetrics,
2022-01-19,181.7684,174.3602,41787.72,42708.14,43629.18,normal,,,ok,coinmetrics,
2022-01-20,182.1386,175.2929,40756.13,42602.06,43349.23,normal,,,ok,coinmetrics,
2022-01-21,182.0719,175.5776,36492.29,41974.47,42795.84,normal,,,ok,coinmetrics,
2022-01-22,181.8938,176.0558,34996.39,41078.01,42178.03,normal,,,ok,coinmetrics,
2022-01-23,182.0648,176.2189,36271.05,40442.43,41668.91,normal,,,ok,coinmetrics,
2022-01-24,182.7814,177.0879,36659.73,39798.13,41206.6,normal,,,ok,coinmetrics,
2022-01-25,184.1025,177.9634,36952.59,39172.73,40877.68,normal,,,ok,coinmetrics,
2022-01-26,183.8892,178.1467,36825.82,38538.42,40561.73,normal,,,ok,coinmetrics,
2022-01-27,184.2832,178.4527,37021.94,38019.49,40337.18,normal,,,ok,coinmetrics,
2022-01-28,185.2502,179.2059,37768.85,37553.25,40135.64,normal,,,ok,coinmetrics,
2022-01-29,187.0421,180.0152,38088.29,37183.31,39945.72,normal,,,ok,coinmetrics,
2022-01-30,187.495,180.7028,37983.51,36906.04,39754.05,normal,,,ok,coinmetrics,
2022-01-31,186.8904,180.9911,38462.67,37103.08,39538.78,normal,,,ok,coinmetrics,
2022-02-01,187.3346,181.2816,38787.96,37482.24,39280.12,normal,,,ok,coinmetrics,
2022-02-02,188.4585,181.7906,36942.33,37549.37,38995.9,normal,,,ok,coinmetrics,
2022-02-03,189.036,181.9636,37057.65,37589.16,38693.65,normal,,,ok,coinmetrics,
2022-02-04,188.7516,181.655,41079.91,38001.89,38587.31,normal,,,ok,coinmetrics,
2022-02-05,188.1425,181.4367,41508.58,38470.17,38504.3,normal,,,ok,coinmetrics,
2022-02-06,189.4111,181.7775,42358.23,39003.8,38511.64,normal,,,ok,coinmetrics,
2022-02-07,189.617,181.7685,43888.98,39615.81,38584.53,normal,,,ok,coinmetrics,
2022-02-08,190.7337,182.2872,44167.44,40223.73,38703.52,normal,,,ok,coinmetrics,
2022-02-09,191.1908,182.4393,44405.07,40865.88,38885.96,normal,,,ok,coinmetrics,
2022-02-10,191.3113,182.8835,43614.34,41381.05,39242.07,normal,,,ok,coinmetrics,
2022-02-11,191.978,183.1971,42357.32,41737.99,39610.11,normal,,,ok,coinmetrics,
2022-02-12,193.0196,184.3655,42173.46,42261.1,39905.23,normal,,,ok,coinmetrics,
2022-02-13,193.5862,185.0329,42195.59,42774.89,40182.03,normal,,,ok,coinmetrics,
2022-02-14,193.6491,186.1109,42646.16,42931.52,40466.71,normal,,,ok,coinmetrics,
2022-02-15,194.3214,186.9939,44511.91,43231.85,40851.01,normal,,,ok,coinmetrics,
2022-02-16,194.7189,187.8777,44065.71,43402.6,41203.2,normal,,,ok,coinmetrics,
2022-02-17,196.3457,188.4504,40610.02,43074.7,41345.26,normal,,,ok,coinmetrics,
2022-02-18,195.569,188.6687,40044.22,42662.38,41443.05,normal,,,ok,coinmetrics,
2022-02-19,195.649,188.8938,40095.89,42231.46,41548.67,normal,,,ok,coinmetrics,
2022-02-20,196.4553,189.2636,38551.62,41725.19,41553.12,normal,,,ok,coinmetrics,
2022-02-21,196.2395,189.0667,37098.04,41199.26,41468.62,normal,,,ok,coinmetrics,
2022-02-22,197.0586,189.5617,38202.59,40802.18,41531.64,normal,,,ok,coinmetrics,
2022-02-23,197.3877,190.0845,37308.27,40313.44,41544.17,normal,,,ok,coinmetrics,
2022-02-24,196.7943,190.4484,38283.79,39877.21,41404.36,normal,,,ok,coinmetrics,
2022-02-25,197.2649,190.577,39323.77,39358.39,41295.12,normal,,,ok,coinmetrics,
2022-02-26,197.2742,190.7787,39056.58,38857.48,41130.04,normal,,,ok,coinmetrics,
2022-02-27,196.7779,191.014,37664.78,38562.95,40818.83,normal,,,ok,coinmetrics,
2022-02-28,197.3365,192.1893,43179.25,38876.46,40769.42,normal,,,ok,coinmetrics,
2022-03-01,198.3982,192.9466,44334.46,39300.32,40765.89,normal,,,ok,coinmetrics,
2022-03-02,198.3876,192.639,43984.58,39843.61,40784.4,normal,,,ok,coinmetrics,
2022-03-03,198.4156,192.8751,42492.77,40383.09,40791.17,normal,,,ok,coinmetrics,
2022-03-04,198.0065,193.2325,39106.41,40473.47,40637.82,normal,,,ok,coinmetrics,
2022-03-05,197.1318,193.0839,39383.88,40681.03,40497.24,normal,,,ok,coinmetrics,
2022-03-06,197.3635,193.0576,38399.34,40692.58,40284.89,normal,,,ok,coinmetrics,
2022-03-07,198.857,193.4997,38146.73,40574.88,39966.64,normal,,,ok,coinmetrics,
2022-03-08,198.714,194.0626,38725.48,40541.77,39699.62,normal,,,ok,coinmetrics,
2022-03-09,198.9991,194.308,41989.4,40974.23,39768.59,normal,,,ok,coinmetrics,
2022-03-10,198.8076,194.7706,39482.26,40604.53,39740.5,normal,,,ok,coinmetrics,
2022-03-11,198.9158,195.0533,38825.36,40053.62,39676.97,normal,,,ok,coinmetrics,
2022-03-12,199.5361,195.4237,38951.13,39550.28,39696.94,normal,,,ok,coinmetrics,
2022-03-13,200.1492,196.0636,37808.32,39081.83,39732.46,normal,,,ok,coinmetrics,
2022-03-14,198.8635,195.9415,39649.05,39136.1,39804.78,normal,,,ok,coinmetrics,
2022-03-15,198.2212,195.9037,39356.81,39133.39,39907.21,normal,,,ok,coinmetrics,
2022-03-16,198.5305,196.0898,41101.77,39403.63,40048.11,normal,,,ok,coinmetrics,
2022-03-17,198.0408,196.1811,40966.42,39685.6,40130.24,normal,,,ok,coinmetrics,
2022-03-18,197.6465,196.1827,41826.12,39995.66,40268.72,normal,,,ok,coinmetrics,
2022-03-19,197.5782,196.962,42193.16,40016.04,40495.14,normal,,,ok,coinmetrics,
2022-03-20,198.3738,196.9714,41294.72,40197.29,40400.91,normal,,,ok,coinmetrics,
2022-03-21,198.4287,197.0389,41064.43,40421.19,40237.41,normal,,,ok,coinmetrics,
2022-03-22,198.5334,197.4944,42383.17,40764.4,40157.34,normal,,,ok,coinmetrics,
2022-03-23,199.4293,197.8344,42734.2,41256.98,40169.41,normal,,,ok,coinmetrics,
2022-03-24,198.8904,197.9745,43974.59,41689.54,40412.82,normal,,,ok,coinmetrics,
2022-03-25,199.0354,198.2116,44347.03,42188.56,40660.98,normal,,,ok,coinmetrics,
2022-03-26,200.2421,198.5182,44519.93,42530.38,40967,normal,,,ok,coinmetrics,
2022-03-27,199.9914,198.6281,46777.21,43111.46,41398.53,normal,,,ok,coinmetrics,
2022-03-28,201.4315,199.3528,47223.65,43651.21,41823.44,normal,,,ok,coinmetrics,
2022-03-29,201.9979,199.3879,47463.71,44178.26,42097.15,normal,,,ok,coinmetrics,
2022-03-30,201.0023,199.1694,47123.3,44761.12,42479.2,normal,,,ok,coinmetrics,
2022-03-31,199.9793,199.1888,45562.21,45210.9,42816.05,normal,,,ok,coinmetrics,
2022-04-01,200.3558,199.3717,46250.34,45597.62,43181.01,normal,,,ok,coinmetrics,
2022-04-02,199.9239,199.1697,45939.9,45918.19,43587.59,normal,,,ok,coinmetrics,
2022-04-03,200.1627,199.0846,46440.54,46164.78,43927.16,normal,,,ok,coinmetrics,
2022-04-04,202.0319,199.5819,46663,46396.38,44292.47,normal,,,ok,coinmetrics,
2022-04-05,202.9201,200.1418,45693.04,46513.69,44522.03,normal,,,ok,coinmetrics,
2022-04-06,203.2691,201.063,43304.94,46166.46,44638.96,normal,,,ok,coinmetrics,
2022-04-07,203.0497,200.8819,43569.05,45801,44726.11,normal,,,ok,coinmetrics,
2022-04-08,203.0973,201.0482,42222.07,45276.84,44727.55,normal,,,ok,coinmetrics,
2022-04-09,203.7254,201.2665,42680.99,44832.61,44796.86,normal,,,ok,coinmetrics,
2022-04-10,204.0572,201.4865,42264.46,44502.83,44856.87,normal,,,ok,coinmetrics,
2022-04-11,203.4252,201.4806,39544.03,43832.2,44714.91,normal,,,ok,coinmetrics,
2022-04-12,203.7794,201.9643,40096.37,43247.85,44583.02,normal,,,ok,coinmetrics,
2022-04-13,203.4264,201.145,41152.76,42719.07,44441.93,normal,,,ok,coinmetrics,
2022-04-14,203.561,200.8911,39916.5,42044.42,44220.4,normal,,,ok,coinmetrics,
2022-04-15,203.8748,201.2027,40527.33,41527.85,44020.77,normal,,,ok,coinmetrics,
2022-04-16,202.8921,200.4665,40439.59,41241.31,43703.89,normal,,,ok,coinmetrics,
2022-04-17,204.1043,200.8754,39704.78,40854.89,43327.94,normal,,,ok,coinmetrics,
2022-04-18,203.3207,200.4495,40818.88,40714.57,42995.7,normal,,,ok,coinmetrics,
2022-04-19,202.1149,200.2444,41489.66,40595.44,42714.02,normal,,,ok,coinmetrics,
2022-04-20,202.6383,200.5335,41395.64,40508.55,42505.69,normal,,,ok,coinmetrics,
2022-04-21,203.7647,201.149,40457.5,40599.9,42216.05,normal,,,ok,coinmetrics,
2022-04-22,203.4827,201.456,39737.97,40564.06,41905.95,normal,,,ok,coinmetrics,
2022-04-23,204.6014,201.7459,39582.45,40407.03,41563.05,normal,,,ok,coinmetrics,
2022-04-24,205.5028,202.2691,39511.65,40366.55,41205.48,normal,,,ok,coinmetrics,
2022-04-25,205.7558,202.999,40473.75,40361.19,40944.52,normal,,,ok,coinmetrics,
2022-04-26,206.3446,203.168,38072.8,40124.51,40682.91,normal,,,ok,coinmetrics,
2022-04-27,207.2291,204.3303,39218.54,40075.88,40465.39,normal,,,ok,coinmetrics,
2022-04-28,206.877,204.4375,39747.99,39968.8,40341.68,normal,,,ok,coinmetrics,
2022-04-29,208.1414,204.5719,38609.51,39680.78,40138.11,normal,,,ok,coinmetrics,
2022-04-30,209.0625,204.5209,37714.09,39312.62,39910.59,normal,,,ok,coinmetrics,
2022-05-01,210.6282,205.492,38459.23,39112.8,39856.35,normal,,,ok,coinmetrics,
2022-05-02,212.1325,206.0282,38566.06,38995.61,39779.83,normal,,,ok,coinmetrics,
2022-05-03,212.9536,206.5581,37704.41,38807.8,39607.42,normal,,,ok,coinmetrics,
2022-05-04,212.6773,207.3546,39641.85,38820.82,39593.68,normal,,,ok,coinmetrics,
2022-05-05,213.5598,208.2399,36502.02,38423.65,39392.42,normal,,,ok,coinmetrics,
2022-05-06,213.4649,208.367,36043,38220.67,39172.59,normal,,,ok,coinmetrics,
2022-05-07,213.9878,208.5187,35508.71,37849.69,38962.79,normal,,,ok,coinmetrics,
2022-05-08,215.2926,209.195,34058.91,37280.78,38624.79,normal,,,ok,coinmetrics,
2022-05-09,215.6974,209.7114,30457.92,36465.62,38073.2,normal,,,ok,coinmetrics,
2022-05-10,216.6386,210.3479,30990.74,35793.28,37552.95,normal,,,ok,coinmetrics,
2022-05-11,217.6576,210.5414,28796.56,34827.02,36969.91,normal,,,ok,coinmetrics,
2022-05-12,217.4008,210.5901,29030.71,33873.48,36434.54,normal,,,ok,coinmetrics,
2022-05-13,218.6402,211.0333,29285.93,33031.63,35919.72,normal,,,ok,coinmetrics,
2022-05-14,219.4616,211.5113,30051.94,32072.64,35446.73,normal,,,ok,coinmetrics,
2022-05-15,218.3894,211.1321,31182.62,31540.7,34982.18,normal,,,ok,coinmetrics,
2022-05-16,220.6146,211.7534,29889.61,30925.36,34573.02,normal,,,ok,coinmetrics,
2022-05-17,220.5096,212.307,30438.19,30418.31,34134,normal,,,ok,coinmetrics,
2022-05-18,221.1813,212.251,28771.22,29889.54,33585.16,normal,,,ok,coinmetrics,
2022-05-19,221.6993,211.9071,30257.89,29869.54,33167.58,normal,,,ok,coinmetrics,
2022-05-20,220.8443,211.7413,29224.25,29692.89,32743.09,normal,,,ok,coinmetrics,
2022-05-21,219.9308,211.8477,29420.08,29755.24,32291.13,normal,,,ok,coinmetrics,
2022-05-22,219.9344,211.7085,30331.88,29885.36,31879.42,normal,,,ok,coinmetrics,
2022-05-23,220.5961,212.5987,29088.25,29865.59,31448.61,normal,,,ok,coinmetrics,
2022-05-24,218.8123,212.1576,29643.68,29824.77,30948.71,normal,,,ok,coinmetrics,
2022-05-25,218.551,212.1534,29577.26,29664.23,30602.47,normal,,,ok,coinmetrics,
2022-05-26,218.9883,212.6664,29332.49,29608.52,30266.94,normal,,,ok,coinmetrics,
2022-05-27,217.7075,212.4683,28612.04,29425.9,29922.11,normal,,,ok,coinmetrics,
2022-05-28,218.5227,212.6998,29045.52,29453.33,29671.44,normal,,,ok,coinmetrics,
2022-05-29,218.4987,213.3201,29430.07,29370.55,29620.05,normal,,,ok,coinmetrics,
2022-05-30,218.7225,213.8925,31735.95,29621.72,29657.31,normal,,,ok,coinmetrics,
2022-05-31,217.7106,214.1694,31831.41,29862.86,29809.05,normal,,,ok,coinmetrics,
2022-06-01,216.549,214.3407,29825.92,29812.26,29848.81,normal,,,ok,coinmetrics,
2022-06-02,215.3361,214.1448,30504.27,29953.86,29909.73,normal,,,ok,coinmetrics,
2022-06-03,215.2124,213.9448,29662.67,29955.76,29890.26,normal,,,ok,coinmetrics,
2022-06-04,214.3474,213.9536,29792.41,29977.28,29820.75,normal,,,ok,coinmetrics,
2022-06-05,214.5698,214.0173,29915.41,30035.57,29822.04,normal,,,ok,coinmetrics,
2022-06-06,214.941,214.4644,31333.68,30307.73,29866.82,normal,,,ok,coinmetrics,
2022-06-07,215.3143,215.3034,31175.03,30520.68,29987.01,normal,,,ok,coinmetrics,
2022-06-08,216.5454,216.1214,30228.46,30600.52,29985.54,normal,,,ok,coinmetrics,
2022-06-09,216.2987,216.4687,30064.49,30433.37,30027.55,capitulation,gray,capitulation,ok,coinmetrics,
2022-06-10,216.1666,216.9121,29070.4,30157.27,30010.06,capitulation,gray,,ok,coinmetrics,
2022-06-11,216.9035,217.1522,28360.79,30010.76,29911.51,capitulation,green,,ok,coinmetrics,
2022-06-12,215.4052,217.0227,26830.28,29643.36,29798.61,capitulation,gray,,ok,coinmetrics,
2022-06-13,214.7777,217.1196,22316.26,28908.72,29432.24,capitulation,gray,,ok,coinmetrics,
2022-06-14,215.7863,217.0879,22072.87,28136.77,29057.02,capitulation,green,,ok,coinmetrics,
2022-06-15,215.5735,218.0941,22520.79,27397.3,28716.44,capitulation,gray,,ok,coinmetrics,
2022-06-16,213.9328,217.2212,20310.18,26294.95,28301.34,capitulation,gray,,ok,coinmetrics,
2022-06-17,212.4132,216.7973,20464.93,25223.94,27872.31,capitulation,gray,,ok,coinmetrics,
2022-06-18,213.9237,217.8115,19013.87,24102.48,27351.5,capitulation,green,,ok,coinmetrics,
2022-06-19,213.9693,217.4068,20492.3,23145.27,26789.32,capitulation,green,,ok,coinmetrics,
2022-06-20,213.6022,216.7665,20571.63,22295.39,26226.33,capitulation,gray,,ok,coinmetrics,
2022-06-21,214.8116,217.373,20688.47,21528.16,25769.46,capitulation,green,,ok,coinmetrics,
2022-06-22,212.9628,216.7795,20003.17,20845.44,25244.4,capitulation,gray,,ok,coinmetrics,
2022-06-23,214.1965,216.5044,21097.1,20723.53,24816.12,capitulation,green,,ok,coinmetrics,
2022-06-24,213.2018,215.8764,21299.08,20646.15,24391.46,capitulation,gray,,ok,coinmetrics,
2022-06-25,213.6153,216.3018,21468.34,20540.91,23969.11,capitulation,green,,ok,coinmetrics,
2022-06-26,213.5405,215.624,21066.62,20616.55,23455.75,capitulation,gray,,ok,coinmetrics,
2022-06-27,212.8723,215.6975,20751.05,20645.16,22934.55,capitulation,gray,,ok,coinmetrics,
2022-06-28,212.6445,215.5716,20263.22,20770.1,22436.29,capitulation,gray,,ok,coinmetrics,
2022-06-29,212.414,215.5682,20080.95,20728.96,21937.11,capitulation,gray,,ok,coinmetrics,
2022-06-30,213.5598,215.6352,19332.91,20605.09,21450.24,capitulation,green,,ok,coinmetrics,
2022-07-01,213.388,214.9685,19341.86,20470.43,20999.29,capitulation,gray,,ok,coinmetrics,
2022-07-02,213.9572,214.6466,19231.83,20393.3,20619.37,capitulation,green,,ok,coinmetrics,
2022-07-03,214.4677,214.84,19276.51,20211.24,20467.38,capitulation,green,,ok,coinmetrics,
2022-07-04,214.5883,214.4679,20226.3,20103.96,20375.06,recovered,green,recovery,ok,coinmetrics,
2022-07-05,213.1372,213.8535,20193.34,19976.46,20258.68,capitulation,gray,capitulation,ok,coinmetrics,
2022-07-06,211.9261,213.4336,20560.84,19925.88,20271.22,capitulation,gray,,ok,coinmetrics,
2022-07-07,211.4847,213.3995,21651.42,20015.92,20330.54,capitulation,gray,,ok,coinmetrics,
2022-07-08,209.7507,213.148,21813.79,20170.98,20470.54,capitulation,gray,,ok,coinmetrics,
2022-07-09,208.8975,212.5981,21585.13,20321.39,20525.18,capitulation,gray,,ok,coinmetrics,
2022-07-10,208.912,212.5393,20831.27,20471.23,20538.16,capitulation,green,,ok,coinmetrics,
2022-07-11,207.126,212.0147,19971.33,20534.18,20502.3,capitulation,gray,,ok,coinmetrics,
2022-07-12,208.0474,211.7263,19339.15,20544.91,20469.1,capitulation,green,,ok,coinmetrics,
2022-07-13,206.6872,210.7325,20155.53,20632.81,20422.02,capitulation,gray,,ok,coinmetrics,
2022-07-14,205.351,210.5687,20552.9,20665.47,20384.72,capitulation,gray,,ok,coinmetrics,
2022-07-15,203.9309,209.7522,20831.72,20729.31,20352.88,capitulation,gray,,ok,coinmetrics,
2022-07-16,205.1088,209.5208,21196.51,20792.88,20359.38,capitulation,green,,ok,coinmetrics,
2022-07-17,205.6794,209.0463,20827.89,20710.52,20363.22,capitulation,green,,ok,coinmetrics,
2022-07-18,204.1796,209.0516,22305.71,20759.71,20465.35,capitulation,gray,,ok,coinmetrics,
2022-07-19,204.1719,209.0706,23371.2,20938.32,20629.86,capitulation,gray,,ok,coinmetrics,
2022-07-20,203.6348,208.6185,23280.94,21183.29,20827.26,capitulation,gray,,ok,coinmetrics,
2022-07-21,202.7354,208.7735,23152.41,21501.4,21017.79,capitulation,gray,,ok,coinmetrics,
2022-07-22,202.3559,207.6594,22706.08,21838.09,21191.5,capitulation,gray,,ok,coinmetrics,
2022-07-23,201.9748,208.0857,22484.46,22070.98,21351.9,capitulation,gray,,ok,coinmetrics,
2022-07-24,202.8582,208.03,22653.36,22281.03,21473.25,capitulation,green,,ok,coinmetrics,
2022-07-25,201.9755,207.7954,21510.13,22348.87,21539.09,capitulation,gray,,ok,coinmetrics,
2022-07-26,202.5556,208.0481,21181.66,22347.38,21570.13,capitulation,green,,ok,coinmetrics,
2022-07-27,203.4632,208.1678,22898.42,22554.44,21632.48,capitulation,green,,ok,coinmetrics,
2022-07-28,202.7796,207.712,23838.56,22707.72,21733.72,capitulation,gray,,ok,coinmetrics,
2022-07-29,202.0803,207.2472,23950.74,22765.67,21852,capitulation,gray,,ok,coinmetrics,
2022-07-30,199.6211,206.5904,23623.43,22799.92,21991.61,capitulation,gray,,ok,coinmetrics,
2022-07-31,200.0301,206.7091,23356.17,22820.3,22160.85,capitulation,green,,ok,coinmetrics,
2022-08-01,199.509,206.7331,23331.44,22882.84,22360.46,capitulation,gray,,ok,coinmetrics,
2022-08-02,199.0268,206.7472,23031.43,22937.53,22504.26,capitulation,gray,,ok,coinmetrics,
2022-08-03,198.6737,206.631,22809.75,22953.17,22617.1,capitulation,gray,,ok,coinmetrics,
2022-08-04,199.0017,206.0694,22628.33,23064.99,22706.93,capitulation,green,,ok,coinmetrics,
2022-08-05,199.7845,205.8553,23248.97,23271.72,22809.55,capitulation,green,,ok,coinmetrics,
2022-08-06,199.7168,205.6008,22996.28,23281.51,22917.97,capitulation,gray,,ok,coinmetrics,
2022-08-07,199.9905,204.8706,23153.66,23213.02,22960.37,capitulation,green,,ok,coinmetrics,
2022-08-08,200.2402,204.5688,23803.65,23198.31,22981.99,capitulation,green,,ok,coinmetrics,
2022-08-09,199.5253,204.2186,23186.29,23154.6,22977.26,capitulation,gray,,ok,coinmetrics,
2022-08-10,200.4931,203.8095,23923.06,23211.29,23015.79,capitulation,green,,ok,coinmetrics,
2022-08-11,199.7348,203.8911,23934.44,23271.59,23077.21,capitulation,gray,,ok,coinmetrics,
2022-08-12,201.6107,204.149,24396.31,23408.07,23172.8,capitulation,green,,ok,coinmetrics,
2022-08-13,202.11,203.7305,24426.22,23569.72,23261.45,capitulation,green,,ok,coinmetrics,
2022-08-14,201.4597,202.6953,24314.2,23738.31,23401.65,capitulation,gray,,ok,coinmetrics,
2022-08-15,201.0798,203.0943,24083.95,23821.81,23546.77,capitulation,gray,,ok,coinmetrics,
2022-08-16,201.9993,203.8394,23868.82,23909.06,23595.29,capitulation,green,,ok,coinmetrics,
2022-08-17,201.6936,202.9366,23336.35,23927.33,23570.17,capitulation,gray,,ok,coinmetrics,
2022-08-18,201.7755,202.9737,23221.17,23869.08,23533.7,capitulation,green,,ok,coinmetrics,
2022-08-19,204.0512,203.843,20906.77,23641.13,23397.86,normal,blue,buy,ok,coinmetrics,
2022-08-20,204.4235,203.5794,21146.65,23363.49,23287.39,normal,,,ok,coinmetrics,
2022-08-21,205.2254,203.7906,21554,23125.44,23198.51,normal,,,ok,coinmetrics,
2022-08-22,204.9707,203.4727,21301.08,22815.92,23112,normal,,,ok,coinmetrics,
2022-08-23,205.8469,204.3526,21534.51,22526.75,23048.24,normal,,,ok,coinmetrics,
2022-08-24,206.1898,204.0827,21424.97,22237.83,22988.07,normal,,,ok,coinmetrics,
2022-08-25,206.3176,204.4366,21587.84,21988.22,22905.01,normal,,,ok,coinmetrics,
2022-08-26,207.0145,205.2389,20246.17,21625.95,22767.51,normal,,,ok,coinmetrics,
2022-08-27,207.3564,205.068,20043.99,21296.72,22612.02,normal,,,ok,coinmetrics,
2022-08-28,208.2206,205.1504,19673.54,20941.95,22405.52,normal,,,ok,coinmetrics,
2022-08-29,209.6768,204.649,20270.96,20878.37,22259.75,normal,,,ok,coinmetrics,
2022-08-30,210.3126,205.1714,19825.46,20746.25,22054.87,normal,,,ok,coinmetrics,
2022-08-31,211.4225,205.4658,20024.67,20593.32,21859.38,normal,,,ok,coinmetrics,
2022-09-01,211.3935,205.2101,20105.46,20473.76,21644.84,normal,,,ok,coinmetrics,
2022-09-02,211.3614,205.0175,19948.86,20315.19,21420.97,normal,,,ok,coinmetrics,
2022-09-03,212.797,205.8993,19803.83,20153.08,21195.45,normal,,,ok,coinmetrics,
2022-09-04,214.4174,207.101,19961.91,19990.49,20989.35,normal,,,ok,coinmetrics,
2022-09-05,214.7544,207.2356,19797.8,19945.65,20785.8,normal,,,ok,coinmetrics,
2022-09-06,214.6202,207.3053,18846.15,19825.86,20561.29,normal,,,ok,coinmetrics,
2022-09-07,215.3915,207.8158,19292.91,19787.8,20364.88,normal,,,ok,coinmetrics,
2022-09-08,215.2343,207.3798,19319.12,19692.62,20285.49,normal,,,ok,coinmetrics,
2022-09-09,215.8702,208.1816,21363.31,19846.4,20296.33,normal,,,ok,coinmetrics,
2022-09-10,217.3929,208.5639,21715.21,20015.46,20304.39,normal,,,ok,coinmetrics,
2022-09-11,219.5965,210.6036,21732.77,20178.19,20325.97,normal,,,ok,coinmetrics,
2022-09-12,220.9606,211.5353,22365.21,20419.82,20367.51,normal,,,ok,coinmetrics,
2022-09-13,221.826,211.6429,20165.04,20455.94,20304.51,normal,,,ok,coinmetrics,
2022-09-14,221.8002,211.44,20246.37,20484.39,20237.44,normal,,,ok,coinmetrics,
2022-09-15,222.6963,212.3478,19696.87,20474.3,20209.97,normal,,,ok,coinmetrics,
2022-09-16,223.4706,212.5821,19741.58,20563.84,20194.85,normal,,,ok,coinmetrics,
2022-09-17,225.7493,213.7624,20120.7,20646.62,20217.21,normal,,,ok,coinmetrics,
2022-09-18,225.5644,214.8078,19427.1,20657.42,20175.02,normal,,,ok,coinmetrics,
2022-09-19,225.4674,214.9455,19557.98,20476.88,20161.64,normal,,,ok,coinmetrics,
2022-09-20,226.6796,215.9525,18872.95,20192.66,20104.06,normal,,,ok,coinmetrics,
2022-09-21,227.3547,216.1627,18506.76,19870.06,20024.12,normal,,,ok,coinmetrics,
2022-09-22,226.0711,215.959,19414.54,19574.99,19997.41,normal,,,ok,coinmetrics,
2022-09-23,226.3806,216.2852,19326.86,19491.17,19973.56,normal,,,ok,coinmetrics,
2022-09-24,226.6635,216.4905,18924.77,19359.01,19921.7,normal,,,ok,coinmetrics,
2022-09-25,226.2008,216.6077,18793.16,19268.64,19871.47,normal,,,ok,coinmetrics,
2022-09-26,227.3538,217.3551,19201.13,19214.6,19889.22,normal,,,ok,coinmetrics,
2022-09-27,226.64,217.4303,19106.74,19113.2,19879.91,normal,,,ok,coinmetrics,
2022-09-28,227.0681,218.3725,19454.94,19115.98,19886.7,normal,,,ok,coinmetrics,
2022-09-29,226.8885,218.6006,19540.87,19114.27,19795.58,normal,,,ok,coinmetrics,
2022-09-30,228.32,219.8713,19435.19,19170.5,19681.58,normal,,,ok,coinmetrics,
2022-10-01,230.6422,221.0179,19311.86,19251.01,19560.53,normal,,,ok,coinmetrics,
2022-10-02,232.1792,221.7703,19015.29,19211.08,19393.03,normal,,,ok,coinmetrics,
2022-10-03,232.6364,222.7167,19633.43,19241.74,19366.45,normal,,,ok,coinmetrics,
2022-10-04,232.4833,223.4504,20339.97,19383.26,19371.13,normal,,,ok,coinmetrics,
2022-10-05,233.7237,224.2391,20155.1,19519.45,19394.05,normal,,,ok,coinmetrics,
2022-10-06,234.6974,224.6588,19950.55,19594.39,19404.49,normal,,,ok,coinmetrics,
2022-10-07,236.0893,225.7404,19539.14,19637.63,19375.42,normal,,,ok,coinmetrics,
2022-10-08,238.6643,226.9493,19416.18,19633.76,19374.87,normal,,,ok,coinmetrics,
2022-10-09,239.3293,227.5997,19428.37,19622.51,19368.39,normal,,,ok,coinmetrics,
2022-10-10,240.6979,229.0454,19154.4,19594.43,19382.46,normal,,,ok,coinmetrics,
2022-10-11,240.5688,230.0827,19039.28,19567.17,19409.09,normal,,,ok,coinmetrics,
2022-10-12,240.7995,230.88,19156.91,19581.33,19396.21,normal,,,ok,coinmetrics,
2022-10-13,242.1629,231.9945,19387.83,19556.77,19399.26,normal,,,ok,coinmetrics,
2022-10-14,244.6245,233.2123,19177.69,19440.55,19411.9,normal,,,ok,coinmetrics,
2022-10-15,245.788,234.2422,19069.87,19332.02,19425.74,normal,,,ok,coinmetrics,
2022-10-16,247.4883,235.4795,19261.75,19263.14,19428.77,normal,,,ok,coinmetrics,
2022-10-17,247.3125,236.5309,19557.02,19264.93,19451.28,normal,,,ok,coinmetrics,
2022-10-18,247.5142,236.5393,19341.41,19257.45,19445.61,normal,,,ok,coinmetrics,
2022-10-19,249.5214,237.4944,19132.15,19227.83,19425.17,normal,,,ok,coinmetrics,
2022-10-20,250.0064,238.343,19033.38,19215.73,19405.08,normal,,,ok,coinmetrics,
2022-10-21,251.7245,239.5396,19174.88,19229.29,19398.23,normal,,,ok,coinmetrics,
2022-10-22,252.9528,239.5119,19207.63,19234.36,19407.85,normal,,,ok,coinmetrics,
2022-10-23,254.9447,240.6627,19565.41,19252.12,19404.45,normal,,,ok,coinmetrics,
2022-10-24,255.4932,241.0784,19341.46,19268.5,19354.52,normal,,,ok,coinmetrics,
2022-10-25,255.1341,240.6675,20094.96,19371,19351.51,normal,,,ok,coinmetrics,
2022-10-26,256.63,241.9919,20797.03,19524.53,19393.84,normal,,,ok,coinmetrics,
2022-10-27,258.0201,242.3301,20280.18,19596.85,19430.89,normal,,,ok,coinmetrics,
2022-10-28,259.9213,243.4947,20604.61,19723.17,19490.31,normal,,,ok,coinmetrics,
2022-10-29,261.2186,244.0536,20803.9,19890.34,19559.09,normal,,,ok,coinmetrics,
2022-10-30,260.6766,244.4983,20616.7,20048.68,19632.2,normal,,,ok,coinmetrics,
2022-10-31,261.8304,246.2363,20490.86,20180.27,19704.78,normal,,,ok,coinmetrics,
2022-11-01,262.4612,247.3202,20483.97,20307.91,19771.13,normal,,,ok,coinmetrics,
2022-11-02,261.9052,247.2708,20148.28,20366.2,19809.16,normal,,,ok,coinmetrics,
2022-11-03,263.445,247.9642,20198.11,20451.86,19860.18,normal,,,ok,coinmetrics,
2022-11-04,262.225,247.9744,21157.24,20558.09,19964.55,normal,,,ok,coinmetrics,
2022-11-05,263.1792,248.9383,21283.47,20606.73,20065.63,normal,,,ok,coinmetrics,
2022-11-06,262.6553,249.3723,20946.8,20673.4,20135.12,normal,,,ok,coinmetrics,
2022-11-07,262.3338,250.499,20568.57,20669.79,20196.48,normal,,,ok,coinmetrics,
2022-11-08,264.0525,251.6909,18520.97,20441.5,20165.92,normal,,,ok,coinmetrics,
2022-11-09,263.7016,252.1998,15758.29,19955.66,20002.17,normal,,,ok,coinmetrics,
2022-11-10,263.392,251.9804,17541.56,19660.73,19920.5,normal,,,ok,coinmetrics,
2022-11-11,263.4706,252.135,16916.85,19304.02,19805.96,normal,,,ok,coinmetrics,
2022-11-12,265.2054,253.6842,16771.24,18966.31,19666.25,normal,,,ok,coinmetrics,
2022-11-13,263.8583,254.2414,16320.5,18578.55,19515.21,normal,,,ok,coinmetrics,
2022-11-14,262.3818,254.0849,16629.48,18125.77,19341.93,normal,,,ok,coinmetrics,
2022-11-15,263.3266,255.4075,16855.59,17682.99,19144.86,normal,,,ok,coinmetrics,
2022-11-16,263.6128,255.4626,16659.61,17254.27,18963.83,normal,,,ok,coinmetrics,
2022-11-17,263.6401,255.5771,16675.18,16864.93,18767.36,normal,,,ok,coinmetrics,
2022-11-18,263.1972,256.3593,16661.52,16678.98,18560.24,normal,,,ok,coinmetrics,
2022-11-19,263.5956,256.801,16696,16772.75,18364.21,normal,,,ok,coinmetrics,
2022-11-20,263.4712,257.5979,16246.84,16643.28,18152,normal,,,ok,coinmetrics,
2022-11-21,263.3445,258.1487,15778.02,16529.4,17916.71,normal,,,ok,coinmetrics,
2022-11-22,261.8988,258.4218,16172.89,16469.56,17717.94,normal,,,ok,coinmetrics,
2022-11-23,262.2308,258.862,16574.06,16494.92,17536.73,normal,,,ok,coinmetrics,
2022-11-24,262.6826,258.9084,16583.52,16490.32,17308.05,normal,,,ok,coinmetrics,
2022-11-25,260.7528,258.6914,16522.39,16457,17069.99,normal,,,ok,coinmetrics,
2022-11-26,259.1866,258.6034,16448.64,16435.91,16845.09,normal,,,ok,coinmetrics,
2022-11-27,257.8086,258.8649,16436.07,16412,16638.46,capitulation,gray,capitulation,ok,coinmetrics,
2022-11-28,257.5909,259.4048,16212.58,16367.1,16523.04,capitulation,gray,,ok,coinmetrics,
2022-11-29,257.3717,259.0241,16443.04,16341.81,16557.28,capitulation,gray,,ok,coinmetrics,
2022-11-30,255.2617,258.546,17176.9,16434.81,16539.05,capitulation,gray,,ok,coinmetrics,
2022-12-01,255.8401,259.1507,16961.29,16553.14,16541.27,capitulation,green,,ok,coinmetrics,
2022-12-02,256.047,258.9761,17075.11,16643.36,16556.46,capitulation,green,,ok,coinmetrics,
2022-12-03,254.0577,258.7514,16899.51,16675.91,16585.41,capitulation,gray,,ok,coinmetrics,
2022-12-04,254.7557,258.4904,17121.71,16729.72,16610.02,capitulation,green,,ok,coinmetrics,
2022-12-05,254.4783,258.8288,16961.35,16773.62,16615.31,capitulation,gray,,ok,coinmetrics,
2022-12-06,253.8035,258.2294,17070.52,16835.81,16635.86,capitulation,gray,,ok,coinmetrics,
2022-12-07,254.791,258.5624,16848.25,16877.03,16644.51,capitulation,green,,ok,coinmetrics,
2022-12-08,254.3379,259.1952,17231.46,16978.91,16673.01,capitulation,gray,,ok,coinmetrics,
2022-12-09,253.8865,258.7941,17136.15,17048.22,16695.02,capitulation,gray,,ok,coinmetrics,
2022-12-10,253.6704,258.5312,17124.21,17042.96,16738.88,capitulation,gray,,ok,coinmetrics,
2022-12-11,253.849,258.6598,17094.36,17056.26,16804.7,capitulation,green,,ok,coinmetrics,
2022-12-12,251.7904,258.4979,17195.52,17068.3,16855.83,capitulation,gray,,ok,coinmetrics,
2022-12-13,253.295,258.5767,17774.92,17155.85,16915.88,capitulation,green,,ok,coinmetrics,
2022-12-14,254.2004,258.2911,17809.72,17224.65,16977.19,capitulation,green,,ok,coinmetrics,
2022-12-15,252.6458,257.9862,17344.05,17262.92,17018.27,capitulation,gray,,ok,coinmetrics,
2022-12-16,250.8851,257.249,16606.11,17216.48,17026.14,capitulation,gray,,ok,coinmetrics,
2022-12-17,250.3094,256.9747,16774.39,17209.09,17043.06,capitulation,gray,,ok,coinmetrics,
2022-12-18,250.0699,256.6335,16776.12,17163.56,17071.23,capitulation,gray,,ok,coinmetrics,
2022-12-19,248.9234,256.2595,16424.13,17092.35,17070.29,capitulation,gray,,ok,coinmetrics,
2022-12-20,248.0464,255.7588,16901.82,17070.11,17056.54,capitulation,gray,,ok,coinmetrics,
2022-12-21,248.5277,255.9361,16800.53,17040.73,17048.5,capitulation,green,,ok,coinmetrics,
2022-12-22,248.7238,255.3113,16814.22,17002.6,17035.45,capitulation,green,,ok,coinmetrics,
2022-12-23,247.8258,255.0283,16780.52,16903.16,17029.5,capitulation,gray,,ok,coinmetrics,
2022-12-24,245.1428,253.9127,16837.61,16805.95,17015.3,capitulation,gray,,ok,coinmetrics,
2022-12-25,245.8742,253.3135,16824.84,16754.03,17008.47,capitulation,green,,ok,coinmetrics,
2022-12-26,246.7596,252.9731,16879.94,16781.41,16998.94,capitulation,green,,ok,coinmetrics,
2022-12-27,245.1716,251.4901,16698.91,16773.86,16991.48,capitulation,gray,,ok,coinmetrics,
2022-12-28,246.5055,252.0482,16536.29,16749.88,16956.72,capitulation,green,,ok,coinmetrics,
2022-12-29,246.7472,252.0594,16630.59,16770.53,16931.44,capitulation,green,,ok,coinmetrics,
2022-12-30,247.5564,251.409,16593.69,16739.71,16904.91,capitulation,green,,ok,coinmetrics,
2022-12-31,247.33,251.585,16524.22,16712.08,16876.41,capitulation,gray,,ok,coinmetrics,
2023-01-01,248.7593,252.4032,16606.75,16691.34,16846.97,capitulation,green,,ok,coinmetrics,
2023-01-02,249.8799,251.9688,16688.72,16682.16,16792.66,capitulation,green,,ok,coinmetrics,
2023-01-03,250.027,252.3914,16670.08,16665.4,16735.68,capitulation,green,,ok,coinmetrics,
2023-01-04,249.1664,251.8224,16848.37,16667.76,16710.89,capitulation,gray,,ok,coinmetrics,
2023-01-05,250.3486,252.0761,16824.8,16662.24,16721.83,capitulation,green,,ok,coinmetrics,
2023-01-06,250.7576,252.7743,16957.86,16688.14,16731,capitulation,green,,ok,coinmetrics,
2023-01-07,249.9815,252.1597,16942.63,16728.77,16739.33,capitulation,gray,,ok,coinmetrics,
2023-01-08,250,251.9433,17059.24,16771.64,16771.08,capitulation,green,,ok,coinmetrics,
2023-01-09,249.8485,251.7595,17182.32,16830.5,16785.11,capitulation,gray,,ok,coinmetrics,
2023-01-10,251.0547,252.4518,17433.91,16921.47,16816.78,capitulation,green,,ok,coinmetrics,
2023-01-11,251.2449,251.5177,17833.71,17044.16,16867.75,capitulation,green,,ok,coinmetrics,
2023-01-12,250.4128,251.8539,18869.7,17262.26,16972.21,capitulation,gray,,ok,coinmetrics,
2023-01-13,250.9972,252.5988,19868.72,17582.13,17123.77,capitulation,green,,ok,coinmetrics,
2023-01-14,252.7703,252.7081,21010.92,17998.38,17333.07,normal,blue,buy,ok,coinmetrics,
2023-01-15,254.7644,252.8247,20876.01,18403.5,17532.87,normal,,,ok,coinmetrics,
2023-01-16,256.0901,253.1997,21180.41,18825.76,17756.95,normal,,,ok,coinmetrics,
2023-01-17,257.5792,253.8246,21178.3,19249.33,17989.05,normal,,,ok,coinmetrics,
2023-01-18,258.4915,253.7074,20709.67,19614.37,18193,normal,,,ok,coinmetrics,
2023-01-19,259.3194,253.6829,21071.83,20003.32,18416.91,normal,,,ok,coinmetrics,
2023-01-20,259.1618,253.8447,22660.72,20526,18723.73,normal,,,ok,coinmetrics,
2023-01-21,259.8467,254.2853,22803.17,21022.95,19033.56,normal,,,ok,coinmetrics,
2023-01-22,261.5171,254.6715,22716.28,21407.6,19334.93,normal,,,ok,coinmetrics,
2023-01-23,266.1433,255.643,22929.02,21713.63,19647.88,normal,,,ok,coinmetrics,
2023-01-24,265.916,255.8951,22611.13,21873.65,19936.02,normal,,,ok,coinmetrics,
2023-01-25,269.2572,258.0084,23109.08,22096.96,20250.23,normal,,,ok,coinmetrics,
2023-01-26,272.1729,258.6723,23008.69,22279.79,20552.77,normal,,,ok,coinmetrics,
2023-01-27,271.9207,259.2131,23070.5,22469.01,20859.17,normal,,,ok,coinmetrics,
2023-01-28,274.1226,260.4349,23008.81,22698.92,21156.65,normal,,,ok,coinmetrics,
2023-01-29,275.2454,261.4009,23775,22969.24,21486.28,normal,,,ok,coinmetrics,
2023-01-30,275.1022,261.2161,22799.43,22983.11,21754.56,normal,,,ok,coinmetrics,
2023-01-31,273.518,261.1387,23130.05,23015.8,22019.37,normal,,,ok,coinmetrics,
2023-02-01,273.3097,261.5948,23727.2,23116.89,22262.25,normal,,,ok,coinmetrics,
2023-02-02,274.0455,262.0363,23505.6,23174.55,22444.09,normal,,,ok,coinmetrics,
2023-02-03,274.6392,261.9028,23445.81,23258.02,22565.84,normal,,,ok,coinmetrics,
2023-02-04,274.6376,262.4931,23355.52,23282.66,22689.81,normal,,,ok,coinmetrics,
2023-02-05,274.3799,262.5688,22957.23,23277.52,22778.65,normal,,,ok,coinmetrics,
2023-02-06,275.3303,262.6559,22745.17,23244.98,22857,normal,,,ok,coinmetrics,
2023-02-07,275.9459,262.9729,23266.27,23270.73,22984.83,normal,,,ok,coinmetrics,
2023-02-08,276.3572,263.1029,22937.58,23186.99,23078.11,normal,,,ok,coinmetrics,
2023-02-09,277.373,264.2138,21818.2,23088.86,23035.99,normal,,,ok,coinmetrics,
2023-02-10,278.6536,264.9492,21620.57,22937.92,22976.86,normal,,,ok,coinmetrics,
2023-02-11,279.7734,265.0931,21864.86,22751.68,22934.29,normal,,,ok,coinmetrics,
2023-02-12,281.3193,266.1583,21772.14,22578.33,22876.44,normal,,,ok,coinmetrics,
2023-02-13,281.7806,267.2755,21798.72,22413.62,22835.82,normal,,,ok,coinmetrics,
2023-02-14,282.4019,268.5831,22222.42,22300.31,22791.49,normal,,,ok,coinmetrics,
2023-02-15,283.8214,269.9558,24304.61,22435.05,22856.28,normal,,,ok,coinmetrics,
2023-02-16,285.7185,271.6489,23742.45,22534.78,22889.88,normal,,,ok,coinmetrics,
2023-02-17,287.7039,273.0977,24607.34,22668.89,22969.81,normal,,,ok,coinmetrics,
2023-02-18,289.5724,274.4459,24636.53,22838.78,23012.88,normal,,,ok,coinmetrics,
2023-02-19,291.8614,275.5116,24366.99,23093.66,23091.26,normal,,,ok,coinmetrics,
2023-02-20,292.8034,276.3251,24797.84,23411.39,23174.65,normal,,,ok,coinmetrics,
2023-02-21,294.2333,277.8752,24400.39,23664.94,23208.31,normal,,,ok,coinmetrics,
2023-02-22,293.4754,279.8094,24163.74,23904.1,23241.22,normal,,,ok,coinmetrics,
2023-02-23,296.5352,281.2256,23910.03,24115.23,23264.43,normal,,,ok,coinmetrics,
2023-02-24,294.394,281.8256,23175.82,24210.57,23255.44,normal,,,ok,coinmetrics,
2023-02-25,292.3664,282.2697,23159.82,24096.09,23265.57,normal,,,ok,coinmetrics,
2023-02-26,294.7593,283.34,23542.1,24076.06,23305.42,normal,,,ok,coinmetrics,
2023-02-27,294.2827,284.2026,23504.19,23965.74,23317.32,normal,,,ok,coinmetrics,
2023-02-28,293.675,284.4602,23145.95,23816.69,23327.73,normal,,,ok,coinmetrics,
2023-03-01,296.8047,285.9535,23610.66,23741.05,23417.36,normal,,,ok,coinmetrics,
2023-03-02,299.5791,286.5486,23470.03,23608.27,23509.83,normal,,,ok,coinmetrics,
2023-03-03,302.6313,287.9705,22350.1,23403.24,23534.09,normal,,,ok,coinmetrics,
2023-03-04,304.0204,289.0329,22334.29,23220.3,23562.2,normal,,,ok,coinmetrics,
2023-03-05,306.4059,290.5226,22419.82,23071.28,23593.25,normal,,,ok,coinmetrics,
2023-03-06,306.955,290.7963,22414.7,22995.16,23602.87,normal,,,ok,coinmetrics,
2023-03-07,308.8151,291.5975,22174.65,22896.65,23496.37,normal,,,ok,coinmetrics,
2023-03-08,308.6531,291.9917,21701.38,22712.58,23394.32,normal,,,ok,coinmetrics,
2023-03-09,309.0249,292.4854,20349.81,22397.14,23181.44,normal,,,ok,coinmetrics,
2023-03-10,309.7496,293.0534,20240.41,22106.58,22961.64,normal,,,ok,coinmetrics,
2023-03-11,311.0938,294.2334,20585.23,21804.04,22772.55,normal,,,ok,coinmetrics,
2023-03-12,313.1273,295.8904,22065.98,21663.64,22635.95,normal,,,ok,coinmetrics,
2023-03-13,314.807,297.2902,24154.43,21844.07,22623.66,normal,,,ok,coinmetrics,
2023-03-14,314.8148,298.0671,24769.02,22087.54,22653.92,normal,,,ok,coinmetrics,
2023-03-15,315.3015,298.541,24409.8,22286.54,22678.91,normal,,,ok,coinmetrics,
2023-03-16,314.9797,298.6908,25043.24,22549.4,22772.28,normal,,,ok,coinmetrics,
2023-03-17,315.0122,299.4168,27450.63,23076.99,22986.82,normal,,,ok,coinmetrics,
2023-03-18,315.0891,300.4038,26985.74,23605.43,23159,normal,,,ok,coinmetrics,
2023-03-19,315.064,301.3839,28185.2,24388.97,23393.05,normal,,,ok,coinmetrics,
2023-03-20,315.2772,302.4248,27834.34,25148.36,23627.47,normal,,,ok,coinmetrics,
2023-03-21,315.2303,303.5458,28172.8,25907.12,23855.58,normal,,,ok,coinmetrics,
2023-03-22,317.1669,304.9851,27341.56,26434.67,24049.16,normal,,,ok,coinmetrics,
2023-03-23,319.6305,306.9319,28387.89,26858.02,24351.05,normal,,,ok,coinmetrics,
2023-03-24,323.1214,308.2984,27464.12,27127.53,24607.54,normal,,,ok,coinmetrics,
2023-03-25,323.2814,309.9083,27488.95,27435.45,24860.99,normal,,,ok,coinmetrics,
2023-03-26,325.6995,310.0468,28049.39,27736.06,25142.73,normal,,,ok,coinmetrics,
2023-03-27,329.5603,310.9633,27155,27706.5,25391.75,normal,,,ok,coinmetrics,
2023-03-28,327.9761,311.3677,27283.96,27736.32,25670.88,normal,,,ok,coinmetrics,
2023-03-29,329.3986,311.8406,28389.29,27756.73,26072.85,normal,,,ok,coinmetrics,
2023-03-30,331.656,312.6655,28021.56,27775.45,26461.91,normal,,,ok,coinmetrics,
2023-03-31,330.4725,313.6386,28514.68,27809.64,26858.38,normal,,,ok,coinmetrics,
2023-04-01,331.0663,315.3227,28494.56,27924.94,27179.81,normal,,,ok,coinmetrics,
2023-04-02,330.6464,316.6389,28162,27902.35,27380.19,normal,,,ok,coinmetrics,
2023-04-03,329.9708,316.9956,27850.98,27941.04,27534.28,normal,,,ok,coinmetrics,
2023-04-04,331.4875,318.9467,28113.96,28003.54,27719.49,normal,,,ok,coinmetrics,
2023-04-05,332.8597,319.9074,28190.31,28017.63,27876.85,normal,,,ok,coinmetrics,
2023-04-06,333.608,321.2116,28049.07,28107.04,27906.77,normal,,,ok,coinmetrics,
2023-04-07,335.3875,322.0203,27936.8,28172.32,27954.32,normal,,,ok,coinmetrics,
2023-04-08,337.421,323.223,27964.05,28129.8,27943.26,normal,,,ok,coinmetrics,
2023-04-09,339.2833,324.5164,28357.81,28163.42,27969.44,normal,,,ok,coinmetrics,
2023-04-10,337.136,324.1149,29687.57,28280.71,28045.18,normal,,,ok,coinmetrics,
2023-04-11,337.7374,325.4323,30247.1,28455.96,28190.45,normal,,,ok,coinmetrics,
2023-04-12,339.1034,326.9552,29913,28631.07,28266.71,normal,,,ok,coinmetrics,
2023-04-13,339.835,327.3249,30370.82,28883.05,28412.04,normal,,,ok,coinmetrics,
2023-04-14,340.3357,327.8186,30458.97,29117.55,28560.54,normal,,,ok,coinmetrics,
2023-04-15,343.2029,329.0913,30342.06,29332.73,28675.18,normal,,,ok,coinmetrics,
2023-04-16,342.434,328.7231,30312.93,29559.11,28833.07,normal,,,ok,coinmetrics,
2023-04-17,343.0425,329.0658,29469.51,29712.38,28942.35,normal,,,ok,coinmetrics,
2023-04-18,345.5342,330.2991,30366.87,29952.66,29041.23,normal,,,ok,coinmetrics,
2023-04-19,345.4504,330.3638,28796.74,29996.56,29079.99,normal,,,ok,coinmetrics,
2023-04-20,345.637,330.4336,28251.28,29852.93,29066.82,normal,,,ok,coinmetrics,
2023-04-21,345.8666,331.5168,27292.02,29557.42,29006.69,normal,,,ok,coinmetrics,
2023-04-22,344.5944,332.1125,27827.55,29348.87,28989.97,normal,,,ok,coinmetrics,
2023-04-23,343.8854,333.5034,27604.69,29072.26,28977.66,normal,,,ok,coinmetrics,
2023-04-24,344.0116,333.6465,27520.2,28778.38,28947.97,normal,,,ok,coinmetrics,
2023-04-25,342.9239,334.3117,28302.69,28574.45,28953.59,normal,,,ok,coinmetrics,
2023-04-26,341.9294,335.7448,28384.23,28381.58,28970.34,normal,,,ok,coinmetrics,
2023-04-27,342.0215,334.9988,29465.55,28381.18,29046.78,normal,,,ok,coinmetrics,
2023-04-28,342.4767,335.9377,29350.81,28279.58,29116.12,normal,,,ok,coinmetrics,
2023-04-29,341.5039,336.5799,29221.51,28322.05,29159.31,normal,,,ok,coinmetrics,
2023-04-30,342.5056,336.489,29362.09,28433.13,29143.03,normal,,,ok,coinmetrics,
2023-05-01,346.3292,338.6977,28114.95,28515.43,29036.42,normal,,,ok,coinmetrics,
2023-05-02,345.1764,337.9114,28690.58,28601.73,28975.3,normal,,,ok,coinmetrics,
2023-05-03,346.3892,338.18,29045.04,28745.77,28909.01,normal,,,ok,coinmetrics,
2023-05-04,345.5386,338.513,28855.86,28879.33,28828.86,normal,,,ok,coinmetrics,
2023-05-05,344.2153,338.5375,29552.97,29004.36,28789.4,normal,,,ok,coinmetrics,
2023-05-06,343.548,338.578,28899.46,29055.88,28718.73,normal,,,ok,coinmetrics,
2023-05-07,343.3371,339.3623,28761.74,28985.5,28683.34,normal,,,ok,coinmetrics,
2023-05-08,342.5703,339.9957,27727.29,28823.15,28551.36,normal,,,ok,coinmetrics,
2023-05-09,342.9966,341.1399,27642.43,28665.24,28493.65,normal,,,ok,coinmetrics,
2023-05-10,346.7592,341.9476,27646,28493.63,28463.38,normal,,,ok,coinmetrics,
2023-05-11,346.5506,342.144,26986.27,28380.76,28448.1,normal,,,ok,coinmetrics,
2023-05-12,345.0705,342.087,26773.34,28189.04,28395.39,normal,,,ok,coinmetrics,
2023-05-13,345.3368,342.5859,26841.4,27968.68,28357.22,normal,,,ok,coinmetrics,
2023-05-14,348.0687,344.2022,26918.26,27774.92,28327.12,normal,,,ok,coinmetrics,
2023-05-15,347.2245,345.2137,27231.62,27542.78,28273.57,normal,,,ok,coinmetrics,
2023-05-16,349.5556,345.9948,27025.72,27355.41,28205.65,normal,,,ok,coinmetrics,
2023-05-17,349.9835,346.513,27401.04,27219.34,28102.42,normal,,,ok,coinmetrics,
2023-05-18,348.3164,346.9253,26843.24,27130.93,27977.04,normal,,,ok,coinmetrics,
2023-05-19,349.6024,347.5264,26889.5,27055.64,27860.44,normal,,,ok,coinmetrics,
2023-05-20,349.7074,347.6722,27100.86,27001.13,27747.38,normal,,,ok,coinmetrics,
2023-05-21,350.4012,348.1339,26777.1,26980.21,27680.49,normal,,,ok,coinmetrics,
2023-05-22,350.1974,347.3959,26858.74,26988.75,27588.89,normal,,,ok,coinmetrics,
2023-05-23,350.9761,347.4307,27226.86,27027.29,27497.98,normal,,,ok,coinmetrics,
2023-05-24,351.1717,347.5916,26341.43,26969.61,27372.26,normal,,,ok,coinmetrics,
2023-05-25,353.4798,348.2019,26484.84,26894.93,27218.86,normal,,,ok,coinmetrics,
2023-05-26,355.5486,348.739,26720.38,26864.4,27109.9,normal,,,ok,coinmetrics,
2023-05-27,356.9605,349.491,26854.54,26809.75,27014.54,normal,,,ok,coinmetrics,
2023-05-28,358.2318,350.3543,28097.52,26935.18,27033.05,normal,,,ok,coinmetrics,
2023-05-29,360.4745,350.9892,27765.07,27022.73,27039.19,normal,,,ok,coinmetrics,
2023-05-30,361.1725,351.839,27712.49,27083.9,27042.51,normal,,,ok,coinmetrics,
2023-05-31,358.1536,352.2414,27217.68,27127.96,27054.08,normal,,,ok,coinmetrics,
2023-06-01,358.9474,352.0619,26825.37,27124.62,27056.68,normal,,,ok,coinmetrics,
2023-06-02,361.4892,353.9392,27255.23,27127.46,27077.37,normal,,,ok,coinmetrics,
2023-06-03,360.8019,353.1702,27079.41,27201.25,27085.43,normal,,,ok,coinmetrics,
2023-06-04,363.9005,354.0579,27158.25,27268.6,27081.76,normal,,,ok,coinmetrics,
2023-06-05,363.7639,353.6559,25785.85,27175.14,27019.77,normal,,,ok,coinmetrics,
2023-06-06,365.5263,354.4317,27213.77,27211.07,27010.41,normal,,,ok,coinmetrics,
2023-06-07,366.0895,354.3299,26339.58,27035.27,26985.22,normal,,,ok,coinmetrics,
2023-06-08,367.152,355.0743,26521.69,26910.93,26966.83,normal,,,ok,coinmetrics,
2023-06-09,367.9766,357.3679,26470.68,26786.75,26935.32,normal,,,ok,coinmetrics,
2023-06-10,369.0392,357.7949,25863.21,26651.3,26889.63,normal,,,ok,coinmetrics,
2023-06-11,371.6613,358.3659,25906.83,26559.45,26842.03,normal,,,ok,coinmetrics,
2023-06-12,373.4558,359.3963,25906.75,26424.6,26776.03,normal,,,ok,coinmetrics,
2023-06-13,372.0946,360.0816,25880.86,26304.75,26753,normal,,,ok,coinmetrics,
2023-06-14,370.8235,359.024,25097.59,26098.68,26683.64,normal,,,ok,coinmetrics,
2023-06-15,371.4913,360.5234,25559.14,26076.01,26625.58,normal,,,ok,coinmetrics,
2023-06-16,372.0361,361.0098,26331.82,25987.82,26599.44,normal,,,ok,coinmetrics,
2023-06-17,372.6753,360.4959,26514.17,26005.27,26520.27,normal,,,ok,coinmetrics,
2023-06-18,373.4582,361.5303,26353.96,25988.5,26449.72,normal,,,ok,coinmetrics,
2023-06-19,375.0203,362.3639,26778.06,26019.24,26403,normal,,,ok,coinmetrics,
2023-06-20,374.4199,362.4106,28305.42,26263.46,26457.38,normal,,,ok,coinmetrics,
2023-06-21,373.0931,361.6452,30099.52,26682.73,26621.09,normal,,,ok,coinmetrics,
2023-06-22,372.3331,361.6546,29952.51,27087.31,26755.95,normal,,,ok,coinmetrics,
2023-06-23,371.5995,361.3856,30638.35,27563.05,26933.9,normal,,,ok,coinmetrics,
2023-06-24,371.8666,362.6732,30549.02,28108.2,27103.44,normal,,,ok,coinmetrics,
2023-06-25,372.5766,364.0626,30467.44,28599.03,27337.52,normal,,,ok,coinmetrics,
2023-06-26,373.3363,365.1484,30255.89,28991.43,27489.62,normal,,,ok,coinmetrics,
2023-06-27,372.3439,365.2879,30667.08,29406.72,27706,normal,,,ok,coinmetrics,
2023-06-28,368.3804,364.4275,30104.04,29781.73,27885.12,normal,,,ok,coinmetrics,
2023-06-29,367.9889,364.5807,30460.79,30150.01,28084.62,normal,,,ok,coinmetrics,
2023-06-30,369.5768,363.8652,30484.5,30367.91,28315.69,normal,,,ok,coinmetrics,
2023-07-01,369.5321,364.2397,30581.69,30416.13,28549.43,normal,,,ok,coinmetrics,
2023-07-02,369.9597,365.7245,30594.22,30480.3,28783.8,normal,,,ok,coinmetrics,
2023-07-03,370.4205,365.6112,31135.36,30530,29046.53,normal,,,ok,coinmetrics,
2023-07-04,369.6888,366.7947,30799.95,30555.1,29331.65,normal,,,ok,coinmetrics,
2023-07-05,371.0649,367.4144,30497.82,30558.13,29578.58,normal,,,ok,coinmetrics,
2023-07-06,369.9107,367.7185,29979.73,30530.52,29760.98,normal,,,ok,coinmetrics,
2023-07-07,373.136,369.6127,30329.88,30496.8,29951.76,normal,,,ok,coinmetrics,
2023-07-08,375,371.076,30263.62,30512.76,30147.24,normal,,,ok,coinmetrics,
2023-07-09,374.8353,371.406,30163.22,30483,30316.5,normal,,,ok,coinmetrics,
2023-07-10,374.6852,371.8622,30394.66,30474.01,30420.96,normal,,,ok,coinmetrics,
2023-07-11,372.1766,371.9189,30616.25,30477.47,30446.8,normal,,,ok,coinmetrics,
2023-07-12,371.6413,372.5486,30385.61,30456.61,30468.46,capitulation,gray,capitulation,ok,coinmetrics,
2023-07-13,369.8814,370.988,31434.74,30486.55,30508.27,capitulation,gray,,ok,coinmetrics,
2023-07-14,371.7869,371.3052,30310.67,30437.62,30496.36,recovered,green,recovery,ok,coinmetrics,
2023-07-15,371.2764,371.3838,30290.89,30416.93,30487.53,capitulation,gray,capitulation,ok,coinmetrics,
2023-07-16,371.8507,371.9434,30249.77,30443.93,30487.22,capitulation,green,,ok,coinmetrics,
2023-07-17,371.8554,372.2654,30143.75,30425.32,30461.06,capitulation,green,,ok,coinmetrics,
2023-07-18,373.2286,373.3434,29835.75,30382.53,30447.64,capitulation,green,,ok,coinmetrics,
2023-07-19,374.1318,374.5761,29913.03,30357.51,30420.25,capitulation,green,,ok,coinmetrics,
2023-07-20,373.7689,374.0944,29805.61,30298.61,30386.31,capitulation,gray,,ok,coinmetrics,
2023-07-21,373.2778,373.1854,29919.69,30228.95,30353.21,recovered,green,recovery,ok,coinmetrics,
2023-07-22,373.3641,372.8486,29726.01,30162.99,30309.8,recovered,,,ok,coinmetrics,
2023-07-23,375.6527,373.6261,30066.57,30026.17,30256.36,recovered,,,ok,coinmetrics,
2023-07-24,376.3876,374.1271,29178.36,29912.94,30175.28,recovered,,,ok,coinmetrics,
2023-07-25,375.4433,374.01,29221.25,29805.98,30111.45,recovered,,,ok,coinmetrics,
2023-07-26,375.4717,374.404,29361.59,29717.16,30080.55,recovered,,,ok,coinmetrics,
2023-07-27,375.2932,373.8185,29201.69,29622.96,30024.14,recovered,,,ok,coinmetrics,
2023-07-28,378.095,373.2377,29316.31,29571.01,29976.77,recovered,,,ok,coinmetrics,
2023-07-29,377.288,372.6384,29360.38,29515.75,29936.63,recovered,,,ok,coinmetrics,
2023-07-30,378.5954,374.0861,29262.84,29461.47,29880.04,recovered,,,ok,coinmetrics,
2023-07-31,379.6598,374.596,29219.82,29391.48,29810.22,recovered,,,ok,coinmetrics,
2023-08-01,377.3618,373.6607,29499.59,29368.84,29765.92,recovered,,,ok,coinmetrics,
2023-08-02,379.2177,374.8191,29143.15,29276.5,29651.34,recovered,,,ok,coinmetrics,
2023-08-03,380.4778,375.0833,29192.34,29277.9,29595.42,recovered,,,ok,coinmetrics,
2023-08-04,377.8778,374.4713,29057.25,29261.5,29533.74,recovered,,,ok,coinmetrics,
2023-08-05,379.5658,374.7383,29053.1,29230.65,29473.9,recovered,,,ok,coinmetrics,
2023-08-06,379.0998,376.1179,29048.04,29215.28,29419.12,recovered,,,ok,coinmetrics,
2023-08-07,376.8213,375.9106,29164.36,29200.09,29385.55,recovered,,,ok,coinmetrics,
2023-08-08,373.4771,374.1562,29779.51,29242,29378.87,capitulation,gray,capitulation,ok,coinmetrics,
2023-08-09,374.6088,374.647,29582.94,29274.01,29367.74,capitulation,green,,ok,coinmetrics,
2023-08-10,374.3046,373.2406,29430.16,29295.05,29343.26,recovered,green,recovery,ok,coinmetrics,
2023-08-11,374.62,373.1306,29399.78,29285.06,29326.95,recovered,,,ok,coinmetrics,
2023-08-12,378.3979,374.1397,29415.73,29312.32,29294.41,normal,blue,buy,ok,coinmetrics,
2023-08-13,377.7899,374.7884,29286.12,29321.7,29299.8,normal,,,ok,coinmetrics,
2023-08-14,380.3072,375.7918,29408.97,29356.87,29309.18,normal,,,ok,coinmetrics,
2023-08-15,381.3058,376.5782,29167.6,29368.32,29299.48,normal,,,ok,coinmetrics,
2023-08-16,383.3072,377.5813,28754.29,29338.95,29277.11,normal,,,ok,coinmetrics,
2023-08-17,382.3783,377.8034,26660.56,29088.57,29144.33,normal,,,ok,coinmetrics,
2023-08-18,381.2242,377.678,26037.37,28714.35,28978.18,normal,,,ok,coinmetrics,
2023-08-19,381.9436,377.8562,26093.98,28365.46,28819.73,normal,,,ok,coinmetrics,
2023-08-20,386.0021,379.64,26176.47,28040.09,28667.57,normal,,,ok,coinmetrics,
2023-08-21,388.3558,380.86,26128.91,27713,28499.03,normal,,,ok,coinmetrics,
2023-08-22,387.9488,381.8007,25978.21,27369.25,28340.79,normal,,,ok,coinmetrics,
2023-08-23,387.6366,382.0121,26452.19,27085.86,28203.78,normal,,,ok,coinmetrics,
2023-08-24,388.1198,381.7815,26126.79,26757.64,28057.25,normal,,,ok,coinmetrics,
2023-08-25,387.8689,381.6703,26040.88,26444.97,27906.64,normal,,,ok,coinmetrics,
2023-08-26,388.5297,381.9115,26006.17,26170.15,27754.55,normal,,,ok,coinmetrics,
2023-08-27,387.0817,382.5883,26086.36,26112.73,27600.65,normal,,,ok,coinmetrics,
2023-08-28,386.5117,381.8998,26103.28,26119.32,27416.84,normal,,,ok,coinmetrics,
2023-08-29,386.5068,382.5511,27672.22,26277.15,27321.3,normal,,,ok,coinmetrics,
2023-08-30,385.8937,382.7768,27299,26389.4,27214.74,normal,,,ok,coinmetrics,
2023-08-31,387.113,382.2374,25954.87,26372,27042.5,normal,,,ok,coinmetrics,
2023-09-01,387.6769,383.4473,25802.79,26354.46,26861.85,normal,,,ok,coinmetrics,
2023-09-02,388.593,384.5354,25868.3,26296.07,26690.96,normal,,,ok,coinmetrics,
2023-09-03,392.6634,385.2706,25962.55,26279.64,26518.64,normal,,,ok,coinmetrics,
2023-09-04,393.0429,386.3044,25799.53,26255.51,26350.24,normal,,,ok,coinmetrics,
2023-09-05,390.2512,384.6755,25782.36,26233.12,26201.64,normal,,,ok,coinmetrics,
2023-09-06,389.7269,383.2741,25754.79,26199.97,26156.35,normal,,,ok,coinmetrics,
2023-09-07,391.9885,382.7328,26210.6,26210.7,26165.01,normal,,,ok,coinmetrics,
2023-09-08,389.8667,382.2378,25904.7,26033.95,26155.55,normal,,,ok,coinmetrics,
2023-09-09,392.3903,383.3475,25894.62,25893.51,26141.46,normal,,,ok,coinmetrics,
2023-09-10,392.4715,383.5457,25831.46,25881.17,26126.58,normal,,,ok,coinmetrics,
2023-09-11,392.2404,385.3192,25135.04,25814.39,26084.43,normal,,,ok,coinmetrics,
2023-09-12,393.1723,385.4811,25859.7,25813.54,26054.8,normal,,,ok,coinmetrics,
2023-09-13,391.5172,385.9122,26226.87,25839.97,26059.8,normal,,,ok,coinmetrics,
2023-09-14,391.2081,386.2569,26556.06,25915.62,26085.56,normal,,,ok,coinmetrics,
2023-09-15,393.9263,388.6168,26672.62,26004.65,26118.89,normal,,,ok,coinmetrics,
2023-09-16,394.2913,388.3348,26555.64,26084.73,26142.35,normal,,,ok,coinmetrics,
2023-09-17,395.5937,388.409,26502.43,26113.91,26162.31,normal,,,ok,coinmetrics,
2023-09-18,397.4374,389.6905,26764.63,26199.91,26116.93,normal,,,ok,coinmetrics,
2023-09-19,396.2543,391.1282,27215.05,26331.95,26112.73,normal,,,ok,coinmetrics,
2023-09-20,395.7488,392.0523,27133.4,26462.14,26171.66,normal,,,ok,coinmetrics,
2023-09-21,396.0856,392.0172,26571.6,26605.8,26210.1,normal,,,ok,coinmetrics,
2023-09-22,395.2077,391.4221,26581.15,26677.94,26245.74,normal,,,ok,coinmetrics,
2023-09-23,397.1619,392.6408,26575.78,26712.83,26276.4,normal,,,ok,coinmetrics,
2023-09-24,398.5382,393.2035,26286.64,26685.89,26300.76,normal,,,ok,coinmetrics,
2023-09-25,399.6355,394.0826,26288.81,26647.51,26326.08,normal,,,ok,coinmetrics,
2023-09-26,401.8165,394.4491,26194.54,26611.4,26348.07,normal,,,ok,coinmetrics,
2023-09-27,405.8008,396.1562,26336.08,26594.77,26354.34,normal,,,ok,coinmetrics,
2023-09-28,405.0573,395.782,27033.43,26621.65,26410.78,normal,,,ok,coinmetrics,
2023-09-29,407.3577,396.6257,26911.25,26591.27,26461.61,normal,,,ok,coinmetrics,
2023-09-30,407.1474,397.1302,26977.69,26575.7,26518.92,normal,,,ok,coinmetrics,
2023-10-01,406.5758,397.1264,27950.15,26713.55,26659.68,normal,,,ok,coinmetrics,
2023-10-02,407.4265,398.0097,27565.89,26812.03,26744.98,normal,,,ok,coinmetrics,
2023-10-03,408.4244,400.5439,27439.14,26898.36,26805.6,normal,,,ok,coinmetrics,
2023-10-04,407.1345,400.0887,27797.25,27049.42,26867.66,normal,,,ok,coinmetrics,
2023-10-05,409.0985,399.6748,27426.35,27163.18,26905.34,normal,,,ok,coinmetrics,
2023-10-06,412.1605,400.9437,27941.96,27337.92,26974.66,normal,,,ok,coinmetrics,
2023-10-07,415.3023,403.6454,27972.75,27501.59,27048.18,normal,,,ok,coinmetrics,
2023-10-08,417.426,403.6463,27936.33,27591.88,27106.76,normal,,,ok,coinmetrics,
2023-10-09,418.6944,405.5423,27591.35,27659.89,27125.58,normal,,,ok,coinmetrics,
2023-10-10,420.8916,406.6815,27419.8,27704.1,27139.9,normal,,,ok,coinmetrics,
2023-10-11,421.8221,407.0313,26828.17,27591.9,27152.72,normal,,,ok,coinmetrics,
2023-10-12,424.8426,409.0075,26741.34,27509.44,27160.73,normal,,,ok,coinmetrics,
2023-10-13,424.7603,408.1387,26842.45,27449.77,27174.07,normal,,,ok,coinmetrics,
2023-10-14,424.0919,407.65,26861.99,27356.25,27202.84,normal,,,ok,coinmetrics,
2023-10-15,423.0852,408.5058,27130.31,27326.64,27244.91,normal,,,ok,coinmetrics,
2023-10-16,423.0801,408.6857,28506.79,27383.13,27360.52,normal,,,ok,coinmetrics,
2023-10-17,426.0935,410.8436,28433.21,27429.17,27465.38,normal,,,ok,coinmetrics,
2023-10-18,426.7597,412.0985,28328.08,27468.35,27530.11,normal,,,ok,coinmetrics,
2023-10-19,428.0371,412.1457,28690.36,27578.25,27619.07,normal,,,ok,coinmetrics,
2023-10-20,427.7697,411.7592,29704.99,27806.77,27755.43,normal,,,ok,coinmetrics,
2023-10-21,429.8775,412.9815,29922.55,28116.2,27854.05,normal,,,ok,coinmetrics,
2023-10-22,433.1405,414.1741,29984.16,28440.49,27974.97,normal,,,ok,coinmetrics,
2023-10-23,434.2526,415.7072,32954.17,29051.66,28250.72,normal,,,ok,coinmetrics,
2023-10-24,433.1761,415.8572,33880.96,29753.56,28554.9,normal,,,ok,coinmetrics,
2023-10-25,434.0147,416.8251,34488.66,30489.39,28908.02,normal,,,ok,coinmetrics,
2023-10-26,436.3118,419.0641,34181.49,31056.86,29219.99,normal,,,ok,coinmetrics,
2023-10-27,437.0258,421.4133,33896.94,31603.23,29516.2,normal,,,ok,coinmetrics,
2023-10-28,439.3877,422.2225,34091.59,32179.59,29823.97,normal,,,ok,coinmetrics,
2023-10-29,439.329,423.3434,34574.34,32767.98,30173.12,normal,,,ok,coinmetrics,
2023-10-30,442.3641,424.7557,34495.11,33247,30526.88,normal,,,ok,coinmetrics,
2023-10-31,445.0616,425.8187,34636.43,33718.38,30917.29,normal,,,ok,coinmetrics,
2023-11-01,445.6237,426.5251,35431.98,34263.17,31351.83,normal,,,ok,coinmetrics,
2023-11-02,444.968,426.6962,34882.92,34456.04,31753.85,normal,,,ok,coinmetrics,
2023-11-03,446.6017,426.8681,34708.22,34538.77,32146.16,normal,,,ok,coinmetrics,
2023-11-04,450.5976,429.8481,35091.08,34599.01,32544.2,normal,,,ok,coinmetrics,
2023-11-05,452.2714,432.216,35105.04,34691.36,32874.11,normal,,,ok,coinmetrics,
2023-11-06,449.1742,432.2383,35017.72,34803.44,33203.34,normal,,,ok,coinmetrics,
2023-11-07,448.8827,433.1543,35418.48,34936.13,33557.86,normal,,,ok,coinmetrics,
2023-11-08,449.4874,434.0909,35797.89,35058.49,33913.23,normal,,,ok,coinmetrics,
2023-11-09,448.9011,434.8963,36675.33,35276.51,34261.75,normal,,,ok,coinmetrics,
2023-11-10,449.6433,435.7327,37367.49,35549.61,34634,normal,,,ok,coinmetrics,
2023-11-11,450.5317,437.6871,36979.93,35704.41,34983.79,normal,,,ok,coinmetrics,
2023-11-12,454.3119,439.5361,37053.34,35921.45,35188.75,normal,,,ok,coinmetrics,
2023-11-13,453.4124,438.7522,36543.27,36104.96,35321.86,normal,,,ok,coinmetrics,
2023-11-14,452.3403,437.7127,35590.68,36154.92,35376.96,normal,,,ok,coinmetrics,
2023-11-15,454.2992,438.6897,37840.55,36428.47,35559.92,normal,,,ok,coinmetrics,
2023-11-16,453.7781,439.9358,36160.4,36542.74,35673.09,normal,,,ok,coinmetrics,
2023-11-17,455.1904,440.975,36569.71,36657.86,35797,normal,,,ok,coinmetrics,
2023-11-18,457.0012,442.5192,36577.42,36735.81,35897.15,normal,,,ok,coinmetrics,
2023-11-19,461.6694,444.7195,37442.73,36812.55,36044.53,normal,,,ok,coinmetrics,
2023-11-20,464.2909,447.0842,37516.05,36827.41,36188.51,normal,,,ok,coinmetrics,
2023-11-21,465.1085,449.1245,36035.03,36732.92,36218.66,normal,,,ok,coinmetrics,
2023-11-22,464.4499,449.3513,37403.03,36767.89,36344.67,normal,,,ok,coinmetrics,
2023-11-23,467.4622,450.3192,37311.72,36844.73,36474.85,normal,,,ok,coinmetrics,
2023-11-24,470.9047,452.4597,37718.78,37057.54,36606.23,normal,,,ok,coinmetrics,
2023-11-25,472.7923,454.552,37800.13,37053.5,36740.99,normal,,,ok,coinmetrics,
2023-11-26,473.6591,455.3424,37482.71,37185.73,36864.23,normal,,,ok,coinmetrics,
2023-11-27,472.1174,455.7526,37229.25,37251.69,36954.77,normal,,,ok,coinmetrics,
2023-11-28,474.816,457.0725,37828.47,37376.79,37056.3,normal,,,ok,coinmetrics,
2023-11-29,474.034,458.199,37846.85,37417.2,37114.88,normal,,,ok,coinmetrics,
2023-11-30,473.0804,459.071,37712.71,37436.87,37132.14,normal,,,ok,coinmetrics,
2023-12-01,476.689,461.1564,38703.55,37703.72,37218.32,normal,,,ok,coinmetrics,
2023-12-02,476.0857,460.5269,39462.28,37909.64,37338.77,normal,,,ok,coinmetrics,
2023-12-03,480.5895,463.5956,39978.22,38176.29,37510.51,normal,,,ok,coinmetrics,
2023-12-04,480.6551,465.6264,41910.3,38595.45,37826.5,normal,,,ok,coinmetrics,
2023-12-05,479.3239,465.7976,44067.01,39222.13,38137.82,normal,,,ok,coinmetrics,
2023-12-06,481.4936,465.3339,43745.83,39848.45,38517.09,normal,,,ok,coinmetrics,
2023-12-07,480.6775,464.7801,43282.62,40453.78,38852.73,normal,,,ok,coinmetrics,
2023-12-08,480.4575,464.9724,44205.05,41091.44,39234.12,normal,,,ok,coinmetrics,
2023-12-09,483.3359,466.1185,43740.01,41680.76,39548.98,normal,,,ok,coinmetrics,
2023-12-10,483.0351,466.3392,43732.71,42282.76,39859.81,normal,,,ok,coinmetrics,
2023-12-11,484.0959,467.3138,41209.89,42533.39,40118.56,normal,,,ok,coinmetrics,
2023-12-12,483.2679,468.7899,41467.27,42733.89,40321.77,normal,,,ok,coinmetrics,
2023-12-13,486.9174,470.1649,42939.06,43029.98,40603.14,normal,,,ok,coinmetrics,
2023-12-14,488.4104,470.3753,43033.14,43142.26,40868.85,normal,,,ok,coinmetrics,
2023-12-15,490.7276,472.5134,41978.1,42933.37,41077.75,normal,,,ok,coinmetrics,
2023-12-16,491.818,472.798,42203.21,42779.11,41313.78,normal,,,ok,coinmetrics,
2023-12-17,492.471,473.8307,41428.67,42593.71,41523.75,normal,,,ok,coinmetrics,
2023-12-18,495.2387,476.1199,42635.73,42436.78,41764.11,normal,,,ok,coinmetrics,
2023-12-19,495.0866,478.378,42271.86,42289.97,41985.36,normal,,,ok,coinmetrics,
2023-12-20,493.4672,478.879,43605.16,42277.21,42279.98,normal,,,ok,coinmetrics,
2023-12-21,493.4598,479.2841,43870.24,42543.24,42538.32,normal,,,ok,coinmetrics,
2023-12-22,496.9777,480.7138,44009.5,42797.47,42765.68,normal,,,ok,coinmetrics,
2023-12-23,499.9398,483.701,43768.81,42880.44,42955.21,normal,,,ok,coinmetrics,
2023-12-24,502.3375,486.6211,43097.81,42886.91,43014.58,normal,,,ok,coinmetrics,
2023-12-25,501.8655,487.3289,43623.75,43051.47,42992.42,normal,,,ok,coinmetrics,
2023-12-26,502.0097,487.8344,42491.12,43080.26,42929.69,normal,,,ok,coinmetrics,
2023-12-27,502.7624,487.4399,43436.96,43281.09,42937.4,normal,,,ok,coinmetrics,
2023-12-28,500.6463,487.7312,42670.68,43284.59,42860.68,normal,,,ok,coinmetrics,
2023-12-29,503.3484,488.6912,41998.6,43257.26,42773.61,normal,,,ok,coinmetrics,
2023-12-30,505.5597,489.3201,42204.49,43117.2,42697.2,normal,,,ok,coinmetrics,
2023-12-31,505.1423,490.9157,42217.16,42951.89,42747.57,normal,,,ok,coinmetrics,
2024-01-01,509.3351,492.7104,44049.47,42955.89,42876.68,normal,,,ok,coinmetrics,
2024-01-02,506.3852,493.4873,44941.16,43073.12,42976.78,normal,,,ok,coinmetrics,
2024-01-03,507.7829,494.219,42773.65,43040.71,42963.81,normal,,,ok,coinmetrics,
2024-01-04,512.5267,495.9253,44250.75,43103.4,43077.44,normal,,,ok,coinmetrics,
2024-01-05,513.6777,497.5856,44146.32,43268.92,43174.59,normal,,,ok,coinmetrics,
2024-01-06,517.7064,499.192,43917.98,43317.03,43299.06,normal,,,ok,coinmetrics,
2024-01-07,516.8166,498.6371,43844.2,43434.38,43359.48,normal,,,ok,coinmetrics,
2024-01-08,514.0559,498.6959,46981.32,43932.65,43594.96,normal,,,ok,coinmetrics,
2024-01-09,516.8533,499.9442,46084.01,44320.6,43718.9,normal,,,ok,coinmetrics,
2024-01-10,515.3636,499.7297,46818.16,44780.7,43866.3,normal,,,ok,coinmetrics,
2024-01-11,520.2868,501.7773,46380.87,45013.84,43984.86,normal,,,ok,coinmetrics,
2024-01-12,524.0459,505.4817,42817.43,44801.47,43937.29,normal,,,ok,coinmetrics,
2024-01-13,527.048,507.7292,42846.95,44808.8,43924.75,normal,,,ok,coinmetrics,
2024-01-14,524.3942,507.5609,41888.15,44572.54,43837.97,normal,,,ok,coinmetrics,
2024-01-15,521.2692,506.5436,42528.92,44410.8,43839.86,normal,,,ok,coinmetrics,
2024-01-16,519.7013,506.0862,43171.45,44336.15,43826.59,normal,,,ok,coinmetrics,
2024-01-17,515.6409,505.4398,42689.3,44220.66,43827.52,normal,,,ok,coinmetrics,
2024-01-18,514.7966,504.9416,41261.91,43648.72,43790.68,normal,,,ok,coinmetrics,
2024-01-19,514.6355,504.0513,41606.85,43201,43760.8,normal,,,ok,coinmetrics,
2024-01-20,515.4416,504.4507,41668.69,42686.05,43733.38,normal,,,ok,coinmetrics,
2024-01-21,513.0235,505.0006,41537.11,42201.68,43607.76,normal,,,ok,coinmetrics,
2024-01-22,512.9565,506.4481,39577.1,41877.64,43339.56,normal,,,ok,coinmetrics,
2024-01-23,510.5039,506.4207,39737.31,41566.68,43187.74,normal,,,ok,coinmetrics,
2024-01-24,511.4031,506.6343,40101.86,41388.05,42980.3,normal,,,ok,coinmetrics,
2024-01-25,515.9157,508.9627,39917.66,41126.92,42768.86,normal,,,ok,coinmetrics,
2024-01-26,518.2412,510.5018,41860.73,40995.85,42666,normal,,,ok,coinmetrics,
2024-01-27,523.7358,512.1911,42125.3,40939.45,42580.05,normal,,,ok,coinmetrics,
2024-01-28,524.3688,513.8586,41983.02,41011.56,42330.14,normal,,,ok,coinmetrics,
2024-01-29,525.2515,515.4056,43218.35,41172.71,42186.86,normal,,,ok,coinmetrics,
2024-01-30,523.423,514.2827,42950.05,41300.85,41993.45,normal,,,ok,coinmetrics,
2024-01-31,520.1986,514.7668,42589.47,41406.09,41803.88,normal,,,ok,coinmetrics,
2024-02-01,522.402,514.3936,43020.36,41750.41,41814.03,normal,,,ok,coinmetrics,
2024-02-02,526.1302,516.9566,43155.39,42092.22,41829.45,normal,,,ok,coinmetrics,
2024-02-03,524.738,518.6324,42982.38,42380.27,41884.16,normal,,,ok,coinmetrics,
2024-02-04,527.6642,520.671,42576.29,42646.13,41886.53,normal,,,ok,coinmetrics,
2024-02-05,530.2026,523.9545,42619.27,42721.99,41858.92,normal,,,ok,coinmetrics,
2024-02-06,537.1588,526.9877,43102.71,42819.73,41879.59,normal,,,ok,coinmetrics,
2024-02-07,542.2574,528.1567,44253.03,43046.73,42029.15,normal,,,ok,coinmetrics,
2024-02-08,541.0864,528.9698,45332.09,43258.1,42215.41,normal,,,ok,coinmetrics,
2024-02-09,545.7228,530.5432,47176.97,43680.8,42490.82,normal,,,ok,coinmetrics,
2024-02-10,543.7562,532.0215,47792.9,44201.14,42803.61,normal,,,ok,coinmetrics,
2024-02-11,540.5193,532.2826,48200.8,44719.18,43234.8,normal,,,ok,coinmetrics,
2024-02-12,543.6287,535.3383,49989.8,45402.62,43747.42,normal,,,ok,coinmetrics,
2024-02-13,544.9932,534.6937,49628.09,46067.2,44223.73,normal,,,ok,coinmetrics,
2024-02-14,548.5562,534.9127,51844.29,46994,44820.06,normal,,,ok,coinmetrics,
2024-02-15,553.6248,536.663,51939.15,47925.98,45323.99,normal,,,ok,coinmetrics,
2024-02-16,557.095,536.3679,52157.31,48831.44,45825.59,normal,,,ok,coinmetrics,
2024-02-17,560.1849,537.4908,51674.82,49573.62,46310.18,normal,,,ok,coinmetrics,
2024-02-18,560.5605,537.598,52148.06,50255.22,46756.66,normal,,,ok,coinmetrics,
2024-02-19,561.8886,538.6651,51804.81,50718,47199.4,normal,,,ok,coinmetrics,
2024-02-20,564.6643,538.8439,52308.05,51169.52,47685.33,normal,,,ok,coinmetrics,
2024-02-21,564.7027,538.8296,51744.32,51523.87,48121.53,normal,,,ok,coinmetrics,
2024-02-22,565.0341,537.769,51292.33,51654.12,48528.37,normal,,,ok,coinmetrics,
2024-02-23,569.0818,540.2425,50789.14,51770.23,48918.71,normal,,,ok,coinmetrics,
2024-02-24,566.537,541.2263,51578.23,51743.62,49368.81,normal,,,ok,coinmetrics,
2024-02-25,571.0287,544.6349,51746.48,51724.36,49825.17,normal,,,ok,coinmetrics,
2024-02-26,569.1078,546.4218,54551.83,51963.81,50397.63,normal,,,ok,coinmetrics,
2024-02-27,567.9273,546.1481,57049.89,52501.31,51037.47,normal,,,ok,coinmetrics,
2024-02-28,569.9215,547.5865,62460.74,53532.58,51893.9,normal,,,ok,coinmetrics,
2024-02-29,571.1477,547.2854,61394.78,54491.58,52604.79,normal,,,ok,coinmetrics,
2024-03-01,576.1271,548.1629,62524.4,55513.21,53341.37,normal,,,ok,coinmetrics,
2024-03-02,574.9921,548.6971,62049.61,56543.74,54033.81,normal,,,ok,coinmetrics,
2024-03-03,572.7924,549.4613,62991.44,57713.66,54683.89,normal,,,ok,coinmetrics,
2024-03-04,570.8628,547.8004,68091.84,59443.92,55607.08,normal,,,ok,coinmetrics,
2024-03-05,573.4292,550.5467,63950.52,60681.15,56212.39,normal,,,ok,coinmetrics,
2024-03-06,572.3204,551.2615,66103.72,62116.88,56920.62,normal,,,ok,coinmetrics,
2024-03-07,574.7195,555.9391,67070.38,63368.73,57666.27,normal,,,ok,coinmetrics,
2024-03-08,574.9511,558.6043,68343.71,64498.12,58499.72,normal,,,ok,coinmetrics,
2024-03-09,579.1184,560.1024,68502.51,65102.29,59317.44,normal,,,ok,coinmetrics,
2024-03-10,577.1529,561.4379,68882.25,65851.04,60171.31,normal,,,ok,coinmetrics,
2024-03-11,580.4891,562.1226,72198.09,66818.41,61165.81,normal,,,ok,coinmetrics,
2024-03-12,581.8888,561.2041,71432.73,67756.72,62150.23,normal,,,ok,coinmetrics,
2024-03-13,580.5323,562.0805,73081.58,68765.73,63239.69,normal,,,ok,coinmetrics,
2024-03-14,583.0048,563.999,71505.27,69107.08,64275.5,normal,,,ok,coinmetrics,
2024-03-15,583.2808,565.9185,69424.91,69654.52,65167.83,normal,,,ok,coinmetrics,
2024-03-16,583.0819,568.3533,65433.68,69587.51,65852.19,normal,,,ok,coinmetrics,
2024-03-17,585.2446,571.1698,68285.09,69708.98,66538.86,normal,,,ok,coinmetrics,
2024-03-18,584.9625,572.5737,67770.89,69651.7,67074.91,normal,,,ok,coinmetrics,
2024-03-19,590.4158,575.4881,61969.31,68998.38,67050.34,normal,,,ok,coinmetrics,
2024-03-20,592.725,577.3068,67848.11,68894.97,67373,normal,,,ok,coinmetrics,
2024-03-21,590.3231,577.4937,65454.74,68220.63,67519.52,normal,,,ok,coinmetrics,
2024-03-22,590.4141,577.5584,63486.48,67426.01,67591.36,normal,,,ok,coinmetrics,
2024-03-23,593.8324,579.4332,64361.24,66553.97,67659.85,normal,,,ok,coinmetrics,
2024-03-24,595.9481,582.515,67289.57,66132.4,67619.74,normal,,,ok,coinmetrics,
2024-03-25,595.7571,581.1471,70042.02,66194.11,67924.31,normal,,,ok,coinmetrics,
2024-03-26,592.1881,581.6084,70071.05,66657.85,68122.68,normal,,,ok,coinmetrics,
2024-03-27,593.0952,581.1015,69267.89,66756.13,68232.56,normal,,,ok,coinmetrics,
2024-03-28,596.6418,582.2845,70826.9,67061.73,68356.71,normal,,,ok,coinmetrics,
2024-03-29,596.2991,583.1103,69917.04,67856.5,68427.44,normal,,,ok,coinmetrics,
2024-03-30,599.6384,585.393,69663.01,68037.99,68466.48,normal,,,ok,coinmetrics,
2024-03-31,598.2603,587.1937,71227.45,68615.27,68417.95,normal,,,ok,coinmetrics,
2024-04-01,602.2229,588.6075,69791.63,69245.78,68335.89,normal,,,ok,coinmetrics,
2024-04-02,602.2285,587.5105,65533.75,69363.03,67958.5,normal,,,ok,coinmetrics,
2024-04-03,604.8262,587.8445,66130.22,69247.1,67689.75,normal,,,ok,coinmetrics,
2024-04-04,601.8765,587.6529,68438.14,69086.71,67640.41,normal,,,ok,coinmetrics,
2024-04-05,603.8544,588.0874,67904.91,68870.09,67763.97,normal,,,ok,coinmetrics,
2024-04-06,601.537,588.1282,69136.07,68856.91,67806.52,normal,,,ok,coinmetrics,
2024-04-07,604.7043,589.8277,69392.68,68713.49,67887.61,normal,,,ok,coinmetrics,
2024-04-08,605.0354,592.0769,71712.8,68893.07,68374.78,normal,,,ok,coinmetrics,
2024-04-09,606.3433,591.7481,69074.54,68834.22,68436.11,normal,,,ok,coinmetrics,
2024-04-10,604.8979,592.6935,70579.45,68769.42,68692.34,normal,,,ok,coinmetrics,
2024-04-11,605.2538,593.5713,70046.55,68794.91,69020.35,normal,,,ok,coinmetrics,
2024-04-12,603.684,592.1081,67098.11,68951.35,69157.19,normal,,,ok,coinmetrics,
2024-04-13,607.798,595.4014,64551.65,68793.49,69020.29,normal,,,ok,coinmetrics,
2024-04-14,612.606,597.9434,65648.81,68514.56,68800.63,normal,,,ok,coinmetrics,
2024-04-15,612.7589,597.9204,63393.33,68063.4,68466.75,normal,,,ok,coinmetrics,
2024-04-16,616.0691,600.6569,63784.82,67528.27,68192.59,normal,,,ok,coinmetrics,
2024-04-17,615.6495,600.306,61324.22,66721.43,67717.46,normal,,,ok,coinmetrics,
2024-04-18,614.5667,602.4912,63510.15,65901.16,67397.11,normal,,,ok,coinmetrics,
2024-04-19,615.4555,604.0903,63762.63,65369.97,67102.09,normal,,,ok,coinmetrics,
2024-04-20,617.3723,603.8477,64907.99,64802.83,66786.12,normal,,,ok,coinmetrics,
2024-04-21,618.634,604.524,64968.19,64294.99,66544.95,normal,,,ok,coinmetrics,
2024-04-22,618.6923,606.2623,66944.6,64279.64,66615.49,normal,,,ok,coinmetrics,
2024-04-23,619.0935,607.5208,66385.3,64463,66628.25,normal,,,ok,coinmetrics,
2024-04-24,623.1386,609.4479,64189.97,64317.12,66415.84,normal,,,ok,coinmetrics,
2024-04-25,625.3754,608.7817,64515.39,64429.33,66246.36,normal,,,ok,coinmetrics,
2024-04-26,625.874,609.4846,63777.47,64428.59,65978.43,normal,,,ok,coinmetrics,
2024-04-27,625.2968,610.9693,63429.31,64639.1,65680.26,normal,,,ok,coinmetrics,
2024-04-28,625.9005,611.0998,62978.58,64585.94,65243.55,normal,,,ok,coinmetrics,
2024-04-29,623.6751,611.6567,63908.39,64600.52,64985.24,normal,,,ok,coinmetrics,
2024-04-30,625.3889,611.8246,60636.33,64173.35,64488.09,normal,,,ok,coinmetrics,
2024-05-01,623.9982,613.1105,58141.78,63490.71,63892.85,normal,,,ok,coinmetrics,
2024-05-02,624.7808,613.5046,59170.11,62713.26,63496.45,normal,,,ok,coinmetrics,
2024-05-03,624.0541,614.4401,62983.66,62373.1,63418.05,normal,,,ok,coinmetrics,
2024-05-04,625.6301,613.7533,63881.13,62342.21,63329.67,normal,,,ok,coinmetrics,
2024-05-05,625.5368,614.6956,64067.6,62297.43,63363.38,normal,,,ok,coinmetrics,
2024-05-06,621.9975,611.7672,63228.1,62242.5,63335.54,normal,,,ok,coinmetrics,
2024-05-07,616.392,610.5482,62397,62139.27,63389.18,normal,,,ok,coinmetrics,
2024-05-08,613.1694,609.1024,61079.27,61949.34,63267.64,normal,,,ok,coinmetrics,
2024-05-09,613.4803,609.9118,62998.49,61858.35,63229.43,normal,,,ok,coinmetrics,
2024-05-10,612.5509,608.7244,60896.64,61884.38,63028.86,normal,,,ok,coinmetrics,
2024-05-11,615.5621,610.408,60843.57,62154.56,62822.63,normal,,,ok,coinmetrics,
2024-05-12,614.2808,608.9824,61431.27,62380.67,62546.97,normal,,,ok,coinmetrics,
2024-05-13,611.0581,609.428,62886.94,62371,62372.05,normal,,,ok,coinmetrics,
2024-05-14,607.3218,609.9639,61555.57,62138.45,62240.33,capitulation,gray,capitulation,ok,coinmetrics,
2024-05-15,606.5648,609.6619,66281.53,62359.84,62328.64,capitulation,gray,,ok,coinmetrics,
2024-05-16,602.51,609.2896,65269.26,62563.96,62403.23,capitulation,gray,,ok,coinmetrics,
2024-05-17,604.2545,609.952,66956.44,63019.9,62579.58,capitulation,green,,ok,coinmetrics,
2024-05-18,601.1337,607.8502,66977.6,63609.73,62779.53,capitulation,gray,,ok,coinmetrics,
2024-05-19,600.7363,608.0959,66259.47,63935.83,62897.09,capitulation,gray,,ok,coinmetrics,
2024-05-20,603.6206,610.4964,71202.2,64966.39,63425.38,capitulation,green,,ok,coinmetrics,
2024-05-21,602.5933,610.6137,70217.25,65903.75,64029.16,capitulation,gray,,ok,coinmetrics,
2024-05-22,601.915,610.3037,69074.91,66668.12,64524.4,capitulation,gray,,ok,coinmetrics,
2024-05-23,601.4164,610.255,67758.73,67155.3,64763.15,capitulation,gray,,ok,coinmetrics,
2024-05-24,601.3811,612.2599,68609,67860.64,64999.54,capitulation,gray,,ok,coinmetrics,
2024-05-25,602.876,614.1257,69282.79,68160.77,65260.3,capitulation,green,,ok,coinmetrics,
2024-05-26,606.9493,616.4117,68445.01,68478.34,65521.15,capitulation,green,,ok,coinmetrics,
2024-05-27,603.7087,614.5028,69347.82,68717.48,65868.69,capitulation,gray,,ok,coinmetrics,
2024-05-28,602.0062,613.9534,68342.82,68854,66231.87,capitulation,gray,,ok,coinmetrics,
2024-05-29,602.037,612.8561,67584.26,68986.48,66461.15,capitulation,green,,ok,coinmetrics,
2024-05-30,598.6505,612.0197,68375.48,68703.81,66835.1,capitulation,gray,,ok,coinmetrics,
2024-05-31,600.0734,612.0358,67377.76,68419.86,67161.81,capitulation,green,,ok,coinmetrics,
2024-06-01,598.6197,611.7002,67714.35,68283.8,67475.96,capitulation,gray,,ok,coinmetrics,
2024-06-02,599.3619,611.708,67805.49,68288.48,67721.89,capitulation,green,,ok,coinmetrics,
2024-06-03,600.7293,613.1797,68833.3,68310.91,68085.77,capitulation,green,,ok,coinmetrics,
2024-06-04,599.1728,612.3548,70554.09,68438.04,68299.4,capitulation,gray,,ok,coinmetrics,
2024-06-05,598.56,610.2788,71087.44,68702.28,68590.31,capitulation,gray,,ok,coinmetrics,
2024-06-06,599.2408,607.8164,70788.5,68846.35,68781.91,capitulation,green,,ok,coinmetrics,
2024-06-07,600.3983,606.7839,69338.16,68945.88,68899.94,capitulation,green,,ok,coinmetrics,
2024-06-08,603.8368,608.6585,69310.11,69118.47,69052.47,capitulation,green,,ok,coinmetrics,
2024-06-09,605.0831,608.817,69644.02,69245.32,68974.56,capitulation,green,,ok,coinmetrics,
2024-06-10,602.4585,609.0103,69465.94,69454.14,68937,capitulation,gray,,ok,coinmetrics,
2024-06-11,601.3343,607.8076,67368.26,69419.53,68851.67,capitulation,gray,,ok,coinmetrics,
2024-06-12,601.334,606.196,68213.83,69460.37,68874.42,capitulation,gray,,ok,coinmetrics,
2024-06-13,602.7105,605.0162,66783.49,69255.38,68783.15,capitulation,green,,ok,coinmetrics,
2024-06-14,601.04,603.8024,65982.19,68798.19,68618.12,capitulation,gray,,ok,coinmetrics,
2024-06-15,600.0639,601.287,66204.9,68309.94,68506.11,capitulation,gray,,ok,coinmetrics,
2024-06-16,601.3196,602.787,66622.6,67893.35,68369.85,capitulation,green,,ok,coinmetrics,
2024-06-17,603.1048,602.1193,66483.88,67607.92,68276.9,recovered,green,recovery,ok,coinmetrics,
2024-06-18,602.9724,601.8544,65112.12,67188.12,68153.3,recovered,,,ok,coinmetrics,
2024-06-19,600.4836,602.0521,64878.71,66711.59,67978.46,capitulation,gray,capitulation,ok,coinmetrics,
2024-06-20,599.9141,601.2537,64897.7,66254.77,67854.45,capitulation,gray,,ok,coinmetrics,
2024-06-21,598.2452,600.0801,64086.05,65926.55,67673.04,capitulation,gray,,ok,coinmetrics,
2024-06-22,595.7701,598.5932,64258.14,65530.98,67495.67,capitulation,gray,,ok,coinmetrics,
2024-06-23,588.9276,595.1544,63345.02,65187.13,67221.26,capitulation,gray,,ok,coinmetrics,
2024-06-24,587.6312,595.2536,60258.96,64614.81,66706.5,capitulation,gray,,ok,coinmetrics,
2024-06-25,581.3339,594.1416,61739.67,64168.28,66239.11,capitulation,gray,,ok,coinmetrics,
2024-06-26,580.9127,592.3107,60794.48,63585.47,65739.41,capitulation,gray,,ok,coinmetrics,
2024-06-27,580.2013,591.1038,61569.92,63094.08,65351,capitulation,gray,,ok,coinmetrics,
2024-06-28,579.7637,590.9004,60303.31,62613.2,64900.66,capitulation,gray,,ok,coinmetrics,
2024-06-29,584.3339,591.4922,60889.33,62214.26,64462.93,capitulation,green,,ok,coinmetrics,
2024-06-30,580.4171,590.2453,62763.28,62000.82,64127.79,capitulation,gray,,ok,coinmetrics,
2024-07-01,580.2521,589.4359,62835.4,61875.75,63901.15,capitulation,gray,,ok,coinmetrics,
2024-07-02,581.1975,590.2797,62028.62,61652.8,63591.89,capitulation,green,,ok,coinmetrics,
2024-07-03,579.35,590.0396,60216.39,61339.94,63263.53,capitulation,gray,,ok,coinmetrics,
2024-07-04,580.0251,589.5989,57418.24,61055.86,62835.34,capitulation,green,,ok,coinmetrics,
2024-07-05,578.8489,588.7044,56720.99,60554,62361.14,capitulation,gray,,ok,coinmetrics,
2024-07-06,582.0919,590.6663,58259.22,60300.47,61942.97,capitulation,green,,ok,coinmetrics,
2024-07-07,580.9668,590.6826,56112.57,59754.74,61424.41,capitulation,gray,,ok,coinmetrics,
2024-07-08,578.0513,590.9441,56691.91,59393.6,61003.4,capitulation,gray,,ok,coinmetrics,
2024-07-09,577.1128,591.0979,57981.43,59102.81,60658.53,capitulation,gray,,ok,coinmetrics,
2024-07-10,575.7453,589.1019,57722.01,58598.68,60299.75,capitulation,gray,,ok,coinmetrics,
2024-07-11,577.1242,589.2293,57307.71,58045.91,59960.83,capitulation,green,,ok,coinmetrics,
2024-07-12,576.6299,588.9819,57859.12,57628.96,59640.88,capitulation,gray,,ok,coinmetrics,
2024-07-13,576.8011,589.7558,59329.04,57540.23,59440.08,capitulation,green,,ok,coinmetrics,
2024-07-14,581.043,591.0415,61015.03,57899.9,59477.88,capitulation,green,,ok,coinmetrics,
2024-07-15,582.6084,591.3362,64734.76,58701.28,59627.64,capitulation,green,,ok,coinmetrics,
2024-07-16,579.3606,590.3401,65118.83,59387.24,59843.86,capitulation,gray,,ok,coinmetrics,
2024-07-17,580.8841,591.9945,64201.37,60196.12,59975.43,capitulation,green,,ok,coinmetrics,
2024-07-18,576.99,589.9812,63984.3,60925.36,60159.48,capitulation,gray,,ok,coinmetrics,
2024-07-19,577.9707,589.2271,66755.78,61802.8,60452.8,capitulation,green,,ok,coinmetrics,
2024-07-20,581.9593,590.9367,67185.5,62749.14,60673.91,capitulation,green,,ok,coinmetrics,
2024-07-21,585.5244,591.8848,68056.62,63824.04,60934.97,capitulation,green,,ok,coinmetrics,
2024-07-22,588.7852,592.2776,67535.2,64791.64,61210.3,capitulation,green,,ok,coinmetrics,
2024-07-23,596.2326,592.5801,65916.41,65450.38,61495.3,normal,blue,buy,ok,coinmetrics,
2024-07-24,594.1912,590.9112,65353.39,65884.22,61892.06,normal,,,ok,coinmetrics,
2024-07-25,599.159,590.2465,65722.06,65982.95,62342.11,normal,,,ok,coinmetrics,
2024-07-26,604.1349,592.5238,67912.24,66262.29,62824.76,normal,,,ok,coinmetrics,
2024-07-27,607.0472,593.6242,68077.37,66649.89,63423,normal,,,ok,coinmetrics,
2024-07-28,608.4505,594.1071,68170.67,67068.52,63996.94,normal,,,ok,coinmetrics,
2024-07-29,610.8821,597.608,66867.17,67079.66,64441.23,normal,,,ok,coinmetrics,
2024-07-30,614.4985,597.4578,66186.91,66979.8,64864.47,normal,,,ok,coinmetrics,
2024-07-31,615.4607,597.8564,64690.63,66643.21,65233.62,normal,,,ok,coinmetrics,
2024-08-01,615.9733,598.5854,65178.06,66407.49,65599.57,normal,,,ok,coinmetrics,
2024-08-02,614.6483,596.9992,61506.77,65966.53,65708.45,normal,,,ok,coinmetrics,
2024-08-03,615.519,597.772,60688.24,65500.01,65692.11,normal,,,ok,coinmetrics,
2024-08-04,620.9809,599.9149,58306.26,64758.43,65370.69,normal,,,ok,coinmetrics,
2024-08-05,622.6831,602.3875,54343.63,63401.57,64831.93,normal,,,ok,coinmetrics,
2024-08-06,625.1429,603.0549,56047.47,62198.58,64424.23,normal,,,ok,coinmetrics,
2024-08-07,622.5274,600.2894,55129.74,60894.49,63981.51,normal,,,ok,coinmetrics,
2024-08-08,621.6222,599.3675,61908.79,60398.65,63739.16,normal,,,ok,coinmetrics,
2024-08-09,623.2383,599.4918,60720.94,59852.05,63415.93,normal,,,ok,coinmetrics,
2024-08-10,624.1773,600.6507,60871.56,59470.15,63056.68,normal,,,ok,coinmetrics,
2024-08-11,628.6065,602.6182,58836.1,58835.95,62621.72,normal,,,ok,coinmetrics,
2024-08-12,628.9032,602.8521,59394.16,58624.69,62295.61,normal,,,ok,coinmetrics,
2024-08-13,629.2903,605.1666,60536.25,58609.49,62054.75,normal,,,ok,coinmetrics,
2024-08-14,628.9298,605.7691,58840.65,58662.93,61710.68,normal,,,ok,coinmetrics,
2024-08-15,632.5978,605.9792,57644.19,58992.98,61197.28,normal,,,ok,coinmetrics,
2024-08-16,632.0941,606.4891,58927.28,59280.97,60739.77,normal,,,ok,coinmetrics,
2024-08-17,636.351,606.6705,59414.67,59709.46,60301.97,normal,,,ok,coinmetrics,
2024-08-18,638.8214,608.3961,58793.21,59397.9,59898.28,normal,,,ok,coinmetrics,
2024-08-19,635.1022,608.5307,59411.52,59266.96,59559.51,normal,,,ok,coinmetrics,
2024-08-20,633.718,609.6212,59123.3,59092.13,59281.14,normal,,,ok,coinmetrics,
2024-08-21,630.5424,609.6638,61133.03,59321.82,59078.89,normal,,,ok,coinmetrics,
2024-08-22,630.5977,613.4151,60394.47,59421.86,59023.27,normal,,,ok,coinmetrics,
2024-08-23,635.1715,614.6813,64106.8,59778.91,59194.2,normal,,,ok,coinmetrics,
2024-08-24,635.0348,617.0969,64023.23,60297.17,59480.05,normal,,,ok,coinmetrics,
2024-08-25,632.4272,618.281,64498.02,60982.55,59987.77,normal,,,ok,coinmetrics,
2024-08-26,630.7791,618.9132,62983.44,61388.17,60334.57,normal,,,ok,coinmetrics,
2024-08-27,631.0984,619.7745,59548.01,61401.5,60555.48,normal,,,ok,coinmetrics,
2024-08-28,630.38,620.6311,59100.77,61432.26,60415.08,normal,,,ok,coinmetrics,
2024-08-29,629.5566,622.0275,59339.79,61425.09,60346.02,normal,,,ok,coinmetrics,
2024-08-30,630.0969,622.7788,59142.94,61427.05,60259.59,normal,,,ok,coinmetrics,
2024-08-31,630.8576,623.4154,58959.93,61209.74,60265.78,normal,,,ok,coinmetrics,
2024-09-01,633.1304,623.8894,57349.08,60905.2,60163.53,normal,,,ok,coinmetrics,
2024-09-02,637.6073,626.5632,59159.02,60410.42,60094.67,normal,,,ok,coinmetrics,
2024-09-03,638.2137,629.5973,57637.78,59771.88,60034.52,normal,,,ok,coinmetrics,
2024-09-04,637.1636,629.9233,58033.4,59125.42,60053.98,normal,,,ok,coinmetrics,
2024-09-05,639.1102,632.1266,56112.95,58438.37,59913.27,normal,,,ok,coinmetrics,
2024-09-06,642.2786,632.403,53838.95,57867.46,59634.48,normal,,,ok,coinmetrics,
2024-09-07,646.3226,633.9724,54066.44,57364.03,59398.14,normal,,,ok,coinmetrics,
2024-09-08,651.5506,637.3945,54859.26,56915.97,59170.53,normal,,,ok,coinmetrics,
2024-09-09,653.6673,638.9223,57135.78,56715.26,59071.15,normal,,,ok,coinmetrics,
2024-09-10,649.7904,639.1985,57664.5,56585.72,58897.73,normal,,,ok,coinmetrics,
2024-09-11,645.75,637.3266,57409.2,56591.73,58748.46,normal,,,ok,coinmetrics,
2024-09-12,646.7057,637.998,58124.64,56488.29,58449.36,normal,,,ok,coinmetrics,
2024-09-13,645.8,637.3649,60536.88,56778.2,58275.04,normal,,,ok,coinmetrics,
2024-09-14,644.113,638.3554,60007.17,56975.58,58050.5,normal,,,ok,coinmetrics,
2024-09-15,646.8598,639.4769,59129.92,57277.27,57857.82,normal,,,ok,coinmetrics,
2024-09-16,644.6064,640.4787,58227.46,57716.13,57791.79,normal,,,ok,coinmetrics,
2024-09-17,645.1843,642.0029,60238.22,58333.3,57848.67,normal,,,ok,coinmetrics,
2024-09-18,647.6622,641.3822,61306.23,58978,57946.99,normal,,,ok,coinmetrics,
2024-09-19,644.8042,639.2611,62994.61,59563.88,58139.57,normal,,,ok,coinmetrics,
2024-09-20,645.9099,638.2262,63153.95,60112.83,58349.27,normal,,,ok,coinmetrics,
2024-09-21,643.6087,637.1032,63367.73,60708.68,58650.2,normal,,,ok,coinmetrics,
2024-09-22,640.8853,638.0284,63571.95,61253.41,58870.85,normal,,,ok,coinmetrics,
2024-09-23,641.2808,638.1578,63336.01,61533.33,59155.76,normal,,,ok,coinmetrics,
2024-09-24,644.4017,638.4144,64342.79,61966.89,59471.23,normal,,,ok,coinmetrics,
2024-09-25,646.9777,638.8784,63059.63,62359.86,59818.57,normal,,,ok,coinmetrics,
2024-09-26,645.5805,638.3395,65057.79,63042.89,60379.51,normal,,,ok,coinmetrics,
2024-09-27,642.1679,636.2739,65767.71,63595.84,60964.57,normal,,,ok,coinmetrics,
2024-09-28,641.495,635.5258,65770.53,64042.27,61510.14,normal,,,ok,coinmetrics,
2024-09-29,643.1482,636.6226,65617.76,64304.59,61934.23,normal,,,ok,coinmetrics,
2024-09-30,641.4234,636.1405,63260.04,64315.19,62214.01,normal,,,ok,coinmetrics,
2024-10-01,643.3696,638.25,60858.25,64064.25,62386.46,normal,,,ok,coinmetrics,
2024-10-02,641.3164,639.4618,60686.1,63775.66,62514.54,normal,,,ok,coinmetrics,
2024-10-03,642.3713,640.2925,60765.24,63518.58,62525.95,normal,,,ok,coinmetrics,
2024-10-04,644.741,640.9523,62052.51,63289.56,62628.22,normal,,,ok,coinmetrics,
2024-10-05,643.8809,641.4956,62030.45,63186.64,62773.25,normal,,,ok,coinmetrics,
2024-10-06,644.6499,643.4642,62789.88,62959.85,63001.37,normal,,,ok,coinmetrics,
2024-10-07,643.931,645.1268,62416.51,62624.73,63110.28,capitulation,gray,capitulation,ok,coinmetrics,
2024-10-08,643.6357,647.5932,62126.33,62260.31,63151.29,capitulation,gray,,ok,coinmetrics,
2024-10-09,641.3344,647.5009,60615.26,61760.06,63032.32,capitulation,gray,,ok,coinmetrics,
2024-10-10,644.6651,647.2278,60221.12,61456.16,62885.68,capitulation,green,,ok,coinmetrics,
2024-10-11,649.4771,647.6136,62462.54,61616.59,62840.42,recovered,green,recovery,ok,coinmetrics,
2024-10-12,647.9477,647.3267,63202.88,61868.27,62821.97,recovered,,,ok,coinmetrics,
2024-10-13,650.1088,647.9544,62759.43,62067.69,62793.14,recovered,,,ok,coinmetrics,
2024-10-14,649.9656,647.0393,66089.76,62471.42,62880.49,recovered,,,ok,coinmetrics,
2024-10-15,650.5726,648.7162,66933.97,62961.77,63074.2,recovered,,,ok,coinmetrics,
2024-10-16,652.8842,648.7453,67662.95,63449.08,63204.46,normal,blue,buy,ok,coinmetrics,
2024-10-17,653.7973,649.4908,67337.91,63941.21,63282.97,normal,,,ok,coinmetrics,
2024-10-18,653.35,650.5061,68390.54,64567.64,63413.97,normal,,,ok,coinmetrics,
2024-10-19,661.0032,652.9037,68357.9,65341.9,63550.98,normal,,,ok,coinmetrics,
2024-10-20,665.1245,655.5172,69012.35,66221.02,63838.59,normal,,,ok,coinmetrics,
2024-10-21,670.4763,657.0425,67440.46,66718.82,64167.7,normal,,,ok,coinmetrics,
2024-10-22,670.8933,655.8893,67425.76,67141.1,64504.69,normal,,,ok,coinmetrics,
2024-10-23,672.412,656.8464,66647.29,67529.89,64798.79,normal,,,ok,coinmetrics,
2024-10-24,673.4502,658.926,68130.99,67734.01,65102.71,normal,,,ok,coinmetrics,
2024-10-25,675.8405,661.4091,66261.54,67666.77,65314.27,normal,,,ok,coinmetrics,
2024-10-26,679.9427,662.7616,67023.34,67602.81,65525.94,normal,,,ok,coinmetrics,
2024-10-27,685.3974,663.7826,68000.15,67669.03,65805.12,normal,,,ok,coinmetrics,
2024-10-28,693.1337,667.3144,69862.52,67816.23,66191.93,normal,,,ok,coinmetrics,
2024-10-29,695.3175,669.2329,72678.79,68248.32,66795.11,normal,,,ok,coinmetrics,
2024-10-30,702.0405,671.7319,72450.28,68592.11,67406.57,normal,,,ok,coinmetrics,
2024-10-31,704.0899,673.7297,70367.08,68884.77,67801.79,normal,,,ok,coinmetrics,
2024-11-01,705.6396,673.478,69483.58,69090.56,68115.83,normal,,,ok,coinmetrics,
2024-11-02,704.8475,673.6094,69241.68,69350,68439.94,normal,,,ok,coinmetrics,
2024-11-03,701.0172,672.8791,68742.75,69411.17,68572.59,normal,,,ok,coinmetrics,
2024-11-04,702.9645,673.4227,67779.1,69562.93,68614.85,normal,,,ok,coinmetrics,
2024-11-05,704.1102,674.3801,69538.02,69814.4,68708.6,normal,,,ok,coinmetrics,
2024-11-06,707.1745,675.5528,75696.04,70583.98,69126.51,normal,,,ok,coinmetrics,
2024-11-07,708.9862,676.311,75972.3,71194.96,69505.6,normal,,,ok,coinmetrics,
2024-11-08,713.7075,677.521,76507.45,71577.83,69913.07,normal,,,ok,coinmetrics,
2024-11-09,713.4775,679.0713,76799.25,72012.73,70302.42,normal,,,ok,coinmetrics,
2024-11-10,717.0513,683.2642,80409.29,73016.95,70950.86,normal,,,ok,coinmetrics,
2024-11-11,718.1464,683.0471,88860,74954.59,72022.57,normal,,,ok,coinmetrics,
2024-11-12,721.6884,685.8986,88048.75,76835.29,73092.64,normal,,,ok,coinmetrics,
2024-11-13,723.7305,686.848,90369.38,78997.96,74204.56,normal,,,ok,coinmetrics,
2024-11-14,721.3268,685.9497,87204.26,80940.47,75251.7,normal,,,ok,coinmetrics,
2024-11-15,725.085,688.9846,91139.08,83100.58,76457.49,normal,,,ok,coinmetrics,
2024-11-16,727.5817,690.6895,90567.7,84587.74,77585.86,normal,,,ok,coinmetrics,
2024-11-17,732.1025,692.7263,89732.97,85963.81,78579.39,normal,,,ok,coinmetrics,
2024-11-18,732.0266,696.5149,90587.7,87371.84,79474.83,normal,,,ok,coinmetrics,
2024-11-19,735.3009,700.2127,92254.14,88917.33,80465.03,normal,,,ok,coinmetrics,
2024-11-20,734.1345,702.3054,94160.04,90292.4,81654.67,normal,,,ok,coinmetrics,
2024-11-21,737.2408,704.0671,98545.57,91260.96,83107.77,normal,,,ok,coinmetrics,
2024-11-22,737.5404,704.9762,98938.35,92349.92,84592.61,normal,,,ok,coinmetrics,
2024-11-23,737.6267,705.5384,97707.05,93083.69,86040.82,normal,,,ok,coinmetrics,
2024-11-24,736.0838,705.9621,97980.21,94161.28,87550.88,normal,,,ok,coinmetrics,
2024-11-25,741.5829,710.7628,93343.03,94381.67,88741.13,normal,,,ok,coinmetrics,
2024-11-26,739.6192,712.5083,91875.57,94512.46,89550.1,normal,,,ok,coinmetrics,
2024-11-27,735.5288,714.3313,95989.08,95138.07,90550.94,normal,,,ok,coinmetrics,
2024-11-28,734.7078,715.0126,95737.94,95653.1,91512.47,normal,,,ok,coinmetrics,
2024-11-29,728.4249,715.2327,97398.94,96167.58,92542.45,normal,,,ok,coinmetrics,
2024-11-30,731.1742,717.632,96463.62,96397.94,93345.17,normal,,,ok,coinmetrics,
2024-12-01,733.6992,719.6694,97469.6,96290.34,93775.65,normal,,,ok,coinmetrics,
2024-12-02,733.0126,718.93,95726.44,95969.15,94159.53,normal,,,ok,coinmetrics,
2024-12-03,739.1213,720.0693,96010.88,95799.53,94441.61,normal,,,ok,coinmetrics,
2024-12-04,740.3673,721.6659,98920.25,95893.54,95027.41,normal,,,ok,coinmetrics,
2024-12-05,743.6459,723.8781,96949.66,96254.2,95317.94,normal,,,ok,coinmetrics,
2024-12-06,741.2948,724.2346,99953.11,97061.95,95787.21,normal,,,ok,coinmetrics,
2024-12-07,739.4715,724.2289,99977.7,97460.82,96299.44,normal,,,ok,coinmetrics,
2024-12-08,740.6951,727.2013,100798.98,97966.92,96810.01,normal,,,ok,coinmetrics,
2024-12-09,746.0401,729.7588,97390.2,97966.05,97066.81,normal,,,ok,coinmetrics,
2024-12-10,747.6306,732.341,96835.5,98003.23,97200.58,normal,,,ok,coinmetrics,
2024-12-11,749.176,733.6612,101310.2,98387.29,97338.82,normal,,,ok,coinmetrics,
2024-12-12,750.0702,735.8793,100090.89,98823.74,97396.44,normal,,,ok,coinmetrics,
2024-12-13,756.1002,739.9153,101289.82,99351.63,97575.58,normal,,,ok,coinmetrics,
2024-12-14,762.0887,741.7078,101366.87,99596.29,97744.92,normal,,,ok,coinmetrics,
2024-12-15,760.4151,742.75,104551.37,100356.46,98305.33,normal,,,ok,coinmetrics,
2024-12-16,760.5549,744.0683,105855.67,100946.72,99004.34,normal,,,ok,coinmetrics,
2024-12-17,759.7464,745.9245,106115.91,101560.54,99510.68,normal,,,ok,coinmetrics,
2024-12-18,759.3297,745.6781,100469.77,101527.62,99747.27,normal,,,ok,coinmetrics,
2024-12-19,755.7425,745.5217,97697.05,101558.31,99762.18,normal,,,ok,coinmetrics,
2024-12-20,757.98,746.0573,97617.44,101636.5,99819.87,normal,,,ok,coinmetrics,
2024-12-21,759.6472,748.444,97093.02,101214.78,99801.04,normal,,,ok,coinmetrics,
2024-12-22,763.282,750.4112,95149.11,100720.6,99772.17,normal,,,ok,coinmetrics,
2024-12-23,764.8872,751.2569,94800.76,100071.7,99711.66,normal,,,ok,coinmetrics,
2024-12-24,765.9116,750.9977,98637.73,99798.78,99697.54,normal,,,ok,coinmetrics,
2024-12-25,764.4203,753.0016,99235.37,99267.18,99811.82,normal,,,ok,coinmetrics,
2024-12-26,764.4174,752.0183,95628.3,98244.45,99595.58,normal,,,ok,coinmetrics,
2024-12-27,770.2866,752.9077,94219.98,97054.85,99307.7,normal,,,ok,coinmetrics,
2024-12-28,771.9331,753.3204,95123.58,96520.23,99023.93,normal,,,ok,coinmetrics,
2024-12-29,779.8697,754.1473,93457.58,96096.29,98827.3,normal,,,ok,coinmetrics,
2024-12-30,780.9963,756.0852,92523.16,95586.86,98611.68,normal,,,ok,coinmetrics,
2024-12-31,777.6825,755.6908,93389.73,95216.53,98215.66,normal,,,ok,coinmetrics,
2025-01-01,781.4837,757.2481,94455.8,95147.2,97933.9,normal,,,ok,coinmetrics,
2025-01-02,784.8279,761.9746,96851.39,95352.26,97711.98,normal,,,ok,coinmetrics,
2025-01-03,785.3463,762.8568,98120.68,95300.56,97549.67,normal,,,ok,coinmetrics,
2025-01-04,785.7605,764.7032,98230.05,95200.03,97233.6,normal,,,ok,coinmetrics,
2025-01-05,790.7198,766.0073,98414.81,95478.68,96861.56,normal,,,ok,coinmetrics,
2025-01-06,790.4621,764.9668,102179.56,96274.64,96664.74,normal,,,ok,coinmetrics,
2025-01-07,789.6974,765.1963,96975,96459.78,96490.01,normal,,,ok,coinmetrics,
2025-01-08,783.6794,764.8598,95039.28,96617.95,96357.12,normal,,,ok,coinmetrics,
2025-01-09,784.8116,766.2211,92346.17,96600.25,96093.55,normal,,,ok,coinmetrics,
2025-01-10,786.191,767.6835,94759.12,96737.19,95976.86,normal,,,ok,coinmetrics,
2025-01-11,785.8096,767.9399,94606.51,96752.26,95949.73,normal,,,ok,coinmetrics,
2025-01-12,787.867,771.9836,94353.78,96502.5,95927.38,normal,,,ok,coinmetrics,
2025-01-13,783.9144,773.0016,94375.73,96128,95714.28,normal,,,ok,coinmetrics,
2025-01-14,788.5086,774.4619,96569.48,95961.94,95580.98,normal,,,ok,coinmetrics,
2025-01-15,787.3651,773.96,100172.41,96137.7,95808.19,normal,,,ok,coinmetrics,
2025-01-16,786.3357,773.041,99977.73,95917.52,96096.08,normal,,,ok,coinmetrics,
2025-01-17,787.8941,773.6119,104296.59,96649.68,96554.73,normal,,,ok,coinmetrics,
2025-01-18,785.6124,770.6774,104398.16,97585.57,97101.76,normal,,,ok,coinmetrics,
2025-01-19,785.9121,771.9461,100954.57,98446.41,97523.33,normal,,,ok,coinmetrics,
2025-01-20,787.6568,773.652,102589,99229.39,97983.29,normal,,,ok,coinmetrics,
2025-01-21,784.1258,773.7039,105987.89,100367.53,98559.89,normal,,,ok,coinmetrics,
2025-01-22,786.5834,775.7353,103791.13,101311.27,98906.88,normal,,,ok,coinmetrics,
2025-01-23,787.7375,776.8245,104184.62,102292.16,99210.08,normal,,,ok,coinmetrics,
2025-01-24,786.207,775.3136,104716.12,103106.82,99534.38,normal,,,ok,coinmetrics,
2025-01-25,786.0767,775.247,104866.09,103576.19,99856.95,normal,,,ok,coinmetrics,
2025-01-26,782.7384,776.5125,102833.37,103861.75,99889.64,normal,,,ok,coinmetrics,
2025-01-27,785.0576,778.4954,101907.45,103622.84,100136.26,normal,,,ok,coinmetrics,
2025-01-28,783.1237,781.4967,101138.14,103296.84,100441.2,normal,,,ok,coinmetrics,
2025-01-29,781.9654,781.4809,103918.8,103593.26,101019.83,normal,,,ok,coinmetrics,
2025-01-30,784.4732,781.0778,104987.45,103833.1,101531.25,normal,,,ok,coinmetrics,
2025-01-31,781.3972,781.4404,102263.04,103460.62,101914.08,capitulation,gray,capitulation,ok,coinmetrics,
2025-02-01,783.9785,784.4032,100610.29,103142.54,102226.9,capitulation,green,,ok,coinmetrics,
2025-02-02,788.7788,787.0626,97424.78,102466.55,102379.35,normal,blue,buy,ok,coinmetrics,
2025-02-03,789.0814,787.421,101582.41,102153.18,102630,normal,,,ok,coinmetrics,
2025-02-04,784.1697,787.4448,97848.15,101451.39,102513.79,capitulation,gray,capitulation,ok,coinmetrics,
2025-02-05,785.7706,788.1163,96559.33,100823.98,102342.87,capitulation,green,,ok,coinmetrics,
2025-02-06,787.3688,788.5331,96541.3,100287.37,101955.1,capitulation,green,,ok,coinmetrics,
2025-02-07,795.6199,789.6496,96384.11,99811.97,101554.4,recovered,green,recovery,ok,coinmetrics,
2025-02-08,796.6306,790.7211,96603.32,99080.42,101336.84,recovered,,,ok,coinmetrics,
2025-02-09,797.3594,791.7752,96309.75,98212.65,101022.88,recovered,,,ok,coinmetrics,
2025-02-10,798.5514,792.1805,97375.23,97723.87,100592.24,recovered,,,ok,coinmetrics,
2025-02-11,790.6785,789.2728,95806.26,97243.46,100193,recovered,,,ok,coinmetrics,
2025-02-12,792.4124,788.1634,97756.5,97276.64,99871.59,recovered,,,ok,coinmetrics,
2025-02-13,794.1172,791.3129,96534.74,96771.87,99462.52,recovered,,,ok,coinmetrics,
2025-02-14,797.4322,792.3987,97414.36,96728.49,99089.94,recovered,,,ok,coinmetrics,
2025-02-15,804.2739,795.3048,97583.24,96830.88,98827.43,recovered,,,ok,coinmetrics,
2025-02-16,805.3865,796.6403,96182.27,96794.98,98541.17,recovered,,,ok,coinmetrics,
2025-02-17,807.5111,796.5617,95790.51,96735.62,98273.79,recovered,,,ok,coinmetrics,
2025-02-18,806.5428,796.2274,95444.03,96619.69,97850.05,recovered,,,ok,coinmetrics,
2025-02-19,802.56,795.1084,96647.91,96653.5,97433.08,recovered,,,ok,coinmetrics,
2025-02-20,802.8113,793.4685,98392.22,96755.2,97239.54,recovered,,,ok,coinmetrics,
2025-02-21,799.762,793.1727,96048.99,96779.48,97011.47,recovered,,,ok,coinmetrics,
2025-02-22,801.1668,794.4521,96605.71,96664.4,96970.52,recovered,,,ok,coinmetrics,
2025-02-23,799.7987,793.0028,96091.63,96620.09,96695.98,recovered,,,ok,coinmetrics,
2025-02-24,800.1898,793.1333,91869.65,96065.62,96397.05,recovered,,,ok,coinmetrics,
2025-02-25,802.0484,792.3934,88769.74,95184.27,96007.57,recovered,,,ok,coinmetrics,
2025-02-26,802.7789,793.9182,83987.9,93964.83,95379.9,recovered,,,ok,coinmetrics,
2025-02-27,803.7493,793.4365,84625.42,92848.32,94791.97,recovered,,,ok,coinmetrics,
2025-02-28,804.5651,793.2653,84243.78,91728.3,94173.99,recovered,,,ok,coinmetrics,
2025-03-01,804.9737,794.7234,85844.37,90647.94,93650.72,recovered,,,ok,coinmetrics,
2025-03-02,805.667,793.5321,94328.01,90241.52,93498.36,recovered,,,ok,coinmetrics,
2025-03-03,800.1887,792.0836,86315.93,89268.21,93023.85,recovered,,,ok,coinmetrics,
2025-03-04,796.3063,792.5426,87323.69,88340.01,92502.21,recovered,,,ok,coinmetrics,
2025-03-05,793.4497,791.2655,90619.41,87792.79,92206.44,recovered,,,ok,coinmetrics,
2025-03-06,801.1296,792.6497,90222.07,87628.03,91846.82,recovered,,,ok,coinmetrics,
2025-03-07,801.3509,793.5608,86553.59,87406.42,91295.34,recovered,,,ok,coinmetrics,
2025-03-08,800.477,793.9229,86171.28,87624.75,90794.79,recovered,,,ok,coinmetrics,
2025-03-09,798.7674,797.1936,80647.8,87226.99,90037.66,recovered,,,ok,coinmetrics,
2025-03-10,798.7245,797.6776,79005.96,86703.21,89215.75,recovered,,,ok,coinmetrics,
2025-03-11,797.8094,797.5844,82747.16,86393.49,88520.72,recovered,,,ok,coinmetrics,
2025-03-12,799.9464,799.2489,83630.16,85323.7,87782.61,recovered,,,ok,coinmetrics,
2025-03-13,806.0359,798.3572,81110.29,84803.14,87035.68,recovered,,,ok,coinmetrics,
2025-03-14,807.2637,799.8381,84105.83,84481.35,86410.68,recovered,,,ok,coinmetrics,
2025-03-15,801.9038,798.0105,84352.88,83854.7,85823.75,recovered,,,ok,coinmetrics,
2025-03-16,800.0948,798.7635,82492.1,83081.7,85354.87,recovered,,,ok,coinmetrics,
2025-03-17,795.8432,800.0585,84013.95,82827.74,85117.08,capitulation,gray,capitulation,ok,coinmetrics,
2025-03-18,793.6658,799.5262,82680.81,82478.69,85051.72,capitulation,gray,,ok,coinmetrics,
2025-03-19,795.9952,801.7532,86774.24,83091.34,85159.16,capitulation,green,,ok,coinmetrics,
2025-03-20,795.8988,801.2208,84124.97,83603.24,85153.22,capitulation,gray,,ok,coinmetrics,
2025-03-21,799.0084,800.7842,84069.41,83735.46,85064.48,capitulation,green,,ok,coinmetrics,
2025-03-22,802.2904,802.5508,83821.22,83754.57,84539.14,capitulation,green,,ok,coinmetrics,
2025-03-23,807.119,803.4405,85760.88,84219.63,84511.38,recovered,green,recovery,ok,coinmetrics,
2025-03-24,809.8521,805.5095,87322.57,84541.3,84511.33,normal,blue,buy,ok,coinmetrics,
2025-03-25,813.6835,806.7411,87422.84,84848.3,84351.5,normal,,,ok,coinmetrics,
2025-03-26,818.5174,809.3536,86836.68,85282.76,84182.23,normal,,,ok,coinmetrics,
2025-03-27,819.4827,810.7656,87211.32,85602.49,84215.12,normal,,,ok,coinmetrics,
2025-03-28,819.7469,811.2629,84309.08,85765.32,84122.01,normal,,,ok,coinmetrics,
2025-03-29,818.8431,811.2962,82497.18,85337.62,84214.48,normal,,,ok,coinmetrics,
2025-03-30,816.086,810.3255,82216.47,85146.76,84375,normal,,,ok,coinmetrics,
2025-03-31,817.6009,811.2873,82461.45,84985.97,84360.72,normal,,,ok,coinmetrics,
2025-04-01,819.9632,812.8151,85226.71,85126.52,84440.54,normal,,,ok,coinmetrics,
2025-04-02,824.9028,812.5458,82555.63,84805.99,84512.81,normal,,,ok,coinmetrics,
2025-04-03,826.8053,811.5558,82931.7,84366.91,84454.1,normal,,,ok,coinmetrics,
2025-04-04,836.1843,814.817,83774.18,84002.04,84425.17,normal,,,ok,coinmetrics,
2025-04-05,836.735,818.9323,83302.17,83648.59,84465.67,normal,,,ok,coinmetrics,
2025-04-06,839.913,820.6319,77949.09,82722.37,84162.43,normal,,,ok,coinmetrics,
2025-04-07,844.0071,822.242,79421.8,82233.64,83999.48,normal,,,ok,coinmetrics,
2025-04-08,845.5318,822.1496,76351.43,81619.06,83478.34,normal,,,ok,coinmetrics,
2025-04-09,843.2891,821.0068,82720.6,81669.48,83408.12,normal,,,ok,coinmetrics,
2025-04-10,846.637,822.2232,79558.96,81379.23,83182.6,normal,,,ok,coinmetrics,
2025-04-11,848.0029,823.9746,83359.9,81192.55,83159.53,normal,,,ok,coinmetrics,
2025-04-12,847.4484,826.7421,85269.25,81463.91,83134.95,normal,,,ok,coinmetrics,
2025-04-13,855.6905,831.4771,83568.95,81527.63,82947.27,normal,,,ok,coinmetrics,
2025-04-14,861.1602,831.532,84589.03,81609.12,82805.58,normal,,,ok,coinmetrics,
2025-04-15,863.2073,831.651,83671.34,81646.04,82647.31,normal,,,ok,coinmetrics,
2025-04-16,866.989,831.4161,84151.54,82266.28,82494.32,normal,,,ok,coinmetrics,
2025-04-17,871.4057,832.5357,84940.58,82818.16,82525.9,normal,,,ok,coinmetrics,
2025-04-18,870.5413,833.2683,84434.77,83626.49,82622.78,normal,,,ok,coinmetrics,
2025-04-19,872.4139,834.1563,85124.72,83866.9,82768.19,normal,,,ok,coinmetrics,
2025-04-20,870.5848,834.7966,85101.75,84421.18,82900.21,normal,,,ok,coinmetrics,
2025-04-21,868.4391,835.3648,87360.72,84821.27,83006.91,normal,,,ok,coinmetrics,
2025-04-22,870.8578,838.9884,93495.61,85643.9,83553.91,normal,,,ok,coinmetrics,
2025-04-23,865.1081,837.4801,93695.74,86656.58,84092.11,normal,,,ok,coinmetrics,
2025-04-24,865.8143,839.7489,93849.88,87582.67,84595.89,normal,,,ok,coinmetrics,
2025-04-25,866.5676,842.5425,94771.41,88692.67,85169.35,normal,,,ok,coinmetrics,
2025-04-26,865.8287,842.6557,94694.51,89746.97,86006.63,normal,,,ok,coinmetrics,
2025-04-27,864.3672,842.057,93812.88,90634.2,86726.18,normal,,,ok,coinmetrics,
2025-04-28,866.5813,842.7122,95066.02,91697.32,87661.91,normal,,,ok,coinmetrics,
2025-04-29,870.5705,843.3282,94102.84,92595.14,88231.02,normal,,,ok,coinmetrics,
2025-04-30,869.6274,843.6141,94236.73,93508.63,88964.91,normal,,,ok,coinmetrics,
2025-05-01,871.7473,845.8552,96411.74,94413.74,89617.5,normal,,,ok,coinmetrics,
2025-05-02,871.7936,848.3482,96842.1,94748.39,90196.14,normal,,,ok,coinmetrics,
2025-05-03,876.4399,851.6226,95943.61,94973.17,90814.88,normal,,,ok,coinmetrics,
2025-05-04,869.9458,853.065,94377.79,95025.96,91304.31,normal,,,ok,coinmetrics,
2025-05-05,872.7898,854.7624,94853.73,95034.2,91863.43,normal,,,ok,coinmetrics,
2025-05-06,870.8335,855.3733,96677.92,95232.54,92489.75,normal,,,ok,coinmetrics,
2025-05-07,871.4432,857.7251,97137.38,95564.99,93099.59,normal,,,ok,coinmetrics,
2025-05-08,872.0211,858.7765,103069.54,96365.34,94031.33,normal,,,ok,coinmetrics,
2025-05-09,873.2784,858.2837,102940.8,97249.14,94922.14,normal,,,ok,coinmetrics,
2025-05-10,873.892,860.2645,104582.82,98283.74,95896.19,normal,,,ok,coinmetrics,
2025-05-11,873.5029,860.7529,103976.14,99040.18,96726.96,normal,,,ok,coinmetrics,
2025-05-12,873.1296,860.289,102920.07,99647.98,97198.18,normal,,,ok,coinmetrics,
2025-05-13,864.1582,859.9243,104145.71,100468.19,97720.68,normal,,,ok,coinmetrics,
2025-05-14,862.5809,861.8705,103572.72,101387.68,98206.82,normal,,,ok,coinmetrics,
2025-05-15,862.405,862.8061,103716.28,102273.94,98654.07,capitulation,gray,capitulation,ok,coinmetrics,
2025-05-16,859.4499,863.2195,103566.27,102962.77,99097.66,capitulation,gray,,ok,coinmetrics,
2025-05-17,857.11,864.2578,103190.04,103568.04,99566.51,capitulation,gray,,ok,coinmetrics,
2025-05-18,862.3852,866.4633,106015.69,103862.66,100114,capitulation,green,,ok,coinmetrics,
2025-05-19,862.5485,867.4812,105615.83,104130.16,100689.65,capitulation,green,,ok,coinmetrics,
2025-05-20,867.267,868.9259,106893.33,104361.21,101322.48,capitulation,green,,ok,coinmetrics,
2025-05-21,870.5666,869.5029,109704.86,104934.08,101987.13,normal,blue,buy,ok,coinmetrics,
2025-05-22,869.1539,870.0059,111477.01,105789.77,102718.88,capitulation,gray,capitulation,ok,coinmetrics,
2025-05-23,877.1213,871.1147,107291.89,106104.39,103286.29,normal,blue,buy,ok,coinmetrics,
2025-05-24,876.7531,871.2837,107917.33,106538.85,103963.27,normal,,,ok,coinmetrics,
2025-05-25,877.7882,872.1779,108914.88,107058.71,104666.33,normal,,,ok,coinmetrics,
2025-05-26,881.4727,873.6507,109371.99,107639.28,105301.03,normal,,,ok,coinmetrics,
2025-05-27,882.3297,873.3484,109066.35,108226.91,105897.48,normal,,,ok,coinmetrics,
2025-05-28,886.5981,876.5897,107895.4,108414.89,106138.77,normal,,,ok,coinmetrics,
2025-05-29,888.8375,879.704,105732.96,108426.6,106278.38,normal,,,ok,coinmetrics,
2025-05-30,893.1734,881.4004,103981.3,108135.4,106248.3,normal,,,ok,coinmetrics,
2025-05-31,899.4825,885.6149,104708.96,107635.81,106284.94,normal,,,ok,coinmetrics,
2025-06-01,894.9993,883.3965,105750.16,107063.12,106426.45,normal,,,ok,coinmetrics,
2025-06-02,889.6861,883.063,105899.7,106923.9,106514.15,normal,,,ok,coinmetrics,
2025-06-03,892.5499,881.2478,105483.99,106680.57,106609.71,normal,,,ok,coinmetrics,
2025-06-04,884.5207,878.6552,104782.84,106267.36,106663.04,normal,,,ok,coinmetrics,
2025-06-05,885.4778,878.1556,101669.19,105497.09,106568.18,normal,,,ok,coinmetrics,
2025-06-06,883.8689,877.656,104421.05,105032.56,106629.74,normal,,,ok,coinmetrics,
2025-06-07,882.5748,877.2979,105685.25,104811.54,106613.21,normal,,,ok,coinmetrics,
2025-06-08,887.1349,880.2066,105727.74,104811.02,106618.81,normal,,,ok,coinmetrics,
2025-06-09,886.9859,880.4389,110198.16,105432.7,106784.05,normal,,,ok,coinmetrics,
2025-06-10,893.1362,883.3195,110074.12,105969.22,106802.51,normal,,,ok,coinmetrics,
2025-06-11,894.1845,883.657,108645.79,106258.78,106660.95,normal,,,ok,coinmetrics,
2025-06-12,899.6663,881.9122,105998.99,106268.71,106596.31,normal,,,ok,coinmetrics,
2025-06-13,901.7536,882.1672,106024.82,106322.79,106501.68,normal,,,ok,coinmetrics,
2025-06-14,904.5724,883.4887,105467.11,106391.22,106329.29,normal,,,ok,coinmetrics,
2025-06-15,906.2164,882.8332,105512.8,106775.58,106136.33,normal,,,ok,coinmetrics,
2025-06-16,908.3333,882.7217,107243.93,107057.87,106045.21,normal,,,ok,coinmetrics,
2025-06-17,900.3927,881.389,104628.4,106952.18,105881.86,normal,,,ok,coinmetrics,
2025-06-18,901.2938,881.9211,104813.37,106860.75,105835.88,normal,,,ok,coinmetrics,
2025-06-19,898.0606,882.6638,104709.72,106311.9,105872.3,normal,,,ok,coinmetrics,
2025-06-20,900.661,885.6138,103274.96,105631.99,105800.6,normal,,,ok,coinmetrics,
2025-06-21,899.9571,884.5555,101548.2,104922.23,105590.51,normal,,,ok,coinmetrics,
2025-06-22,891.1236,884.1225,100899.23,104412.25,105340.48,normal,,,ok,coinmetrics,
2025-06-23,885.1122,880.9327,105496.95,104359.47,105341.13,normal,,,ok,coinmetrics,
2025-06-24,879.1797,878.484,105964.07,104409.16,105400.19,normal,,,ok,coinmetrics,
2025-06-25,878.29,879.8814,107305.07,104588.39,105681.99,capitulation,gray,capitulation,ok,coinmetrics,
2025-06-26,882.7519,882.5408,107012.82,104565.28,105811.57,recovered,green,recovery,ok,coinmetrics,
2025-06-27,873.7798,880.1889,107090.96,104811.53,105881.86,capitulation,gray,capitulation,ok,coinmetrics,
2025-06-28,872.0995,880.4685,107357.62,105065.96,105963.35,capitulation,gray,,ok,coinmetrics,
2025-06-29,873.9061,883.5398,108360.9,105431.08,105871.49,capitulation,green,,ok,coinmetrics,
2025-06-30,868.1312,883.8068,107153.1,105818.89,105725.44,capitulation,gray,,ok,coinmetrics,
2025-07-01,866.1159,880.5576,105566.36,106220.71,105571.47,capitulation,gray,,ok,coinmetrics,
2025-07-02,867.7829,878.7345,108927.13,107023.5,105717.88,capitulation,green,,ok,coinmetrics,
2025-07-03,866.7477,879.6488,109632.16,107437.02,105898.24,capitulation,gray,,ok,coinmetrics,
2025-07-04,871.0504,877.7855,108081.4,107648.75,106028.96,capitulation,green,,ok,coinmetrics,
2025-07-05,873.2821,879.3799,108244.79,107742.72,106165.56,capitulation,green,,ok,coinmetrics,
2025-07-06,876.0953,879.9821,109180.01,107959.44,106262.36,capitulation,green,,ok,coinmetrics,
2025-07-07,875.2705,878.9226,108249.4,108075.29,106443.41,capitulation,gray,,ok,coinmetrics,
2025-07-08,870.5975,878.8662,108956.63,108235.19,106650.57,capitulation,gray,,ok,coinmetrics,
2025-07-09,872.9234,879.9546,111416.81,108540.78,106985.93,capitulation,green,,ok,coinmetrics,
2025-07-10,870.504,881.8201,115873.9,109412.86,107615.87,capitulation,gray,,ok,coinmetrics,
2025-07-11,869.9062,882.0454,117618.61,110618.08,108419.4,capitulation,gray,,ok,coinmetrics,
2025-07-12,869.4473,884.5568,117382.37,111463.61,109243.55,capitulation,gray,,ok,coinmetrics,
2025-07-13,867.6026,884.6781,118899.74,112390.36,109913.69,capitulation,gray,,ok,coinmetrics,
2025-07-14,866.3055,885.439,119871.1,113569.33,110609.04,capitulation,gray,,ok,coinmetrics,
2025-07-15,872.1324,889.1744,117710.89,114515.95,111129.33,capitulation,green,,ok,coinmetrics,
2025-07-16,868.96,888.6467,118730.19,115470.96,111715.2,capitulation,gray,,ok,coinmetrics,
2025-07-17,872.6988,886.5458,119501.66,116596.19,112335.74,capitulation,green,,ok,coinmetrics,
2025-07-18,873.5032,887.3985,117958.51,117496.38,112865.78,capitulation,green,,ok,coinmetrics,
2025-07-19,876.6122,887.3364,117908.52,118145.55,113343.16,capitulation,green,,ok,coinmetrics,
2025-07-20,876.1587,888.4098,117305.68,118288.73,113850.79,capitulation,gray,,ok,coinmetrics,
2025-07-21,878.009,888.9831,117432.44,118270.11,114444.1,capitulation,green,,ok,coinmetrics,
2025-07-22,886.9812,889.0524,120068.01,118538.67,115001.14,capitulation,green,,ok,coinmetrics,
2025-07-23,893.861,889.4866,118650.59,118513.76,115452.06,normal,blue,buy,ok,coinmetrics,
2025-07-24,900.1108,889.6452,118377.08,118364.36,115966.85,normal,,,ok,coinmetrics,
2025-07-25,903.6345,890.9623,117520.17,118345.29,116430.62,normal,,,ok,coinmetrics,
2025-07-26,903.0941,892.923,117983.2,118270.59,116870.78,normal,,,ok,coinmetrics,
2025-07-27,907.9767,890.8783,119438.16,118264.24,117430.21,normal,,,ok,coinmetrics,
2025-07-28,908.2671,890.1833,118022.64,118270.65,117883.51,normal,,,ok,coinmetrics,
2025-07-29,898.8545,886.3803,117871.37,118266.93,118206.24,normal,,,ok,coinmetrics,
2025-07-30,899.7244,883.9278,117732.64,118309.63,118299.18,normal,,,ok,coinmetrics,
2025-07-31,906.321,886.2185,115848.34,118151.22,118210.67,normal,,,ok,coinmetrics,
2025-08-01,908.601,888.1919,113282.14,117472.63,118005.65,normal,,,ok,coinmetrics,
2025-08-02,909.9998,888.3738,112545.67,116862.14,117687.95,normal,,,ok,coinmetrics,
2025-08-03,911.9629,891.5066,114263.69,116450.8,117407.58,normal,,,ok,coinmetrics,
2025-08-04,917.6971,895.4896,115199.93,116218.78,117282.03,normal,,,ok,coinmetrics,
2025-08-05,915.8714,895.9833,114111.36,115831.6,117051.09,normal,,,ok,coinmetrics,
2025-08-06,917.0587,896.1646,115034.68,115391.25,116827.74,normal,,,ok,coinmetrics,
2025-08-07,923.5852,897.0913,117444.91,115333.48,116802.06,normal,,,ok,coinmetrics,
2025-08-08,920.833,896.8782,116740.69,115220.41,116743.67,normal,,,ok,coinmetrics,
2025-08-09,912.5722,891.5381,116511.66,115098.31,116703.97,normal,,,ok,coinmetrics,
2025-08-10,912.4561,891.1812,119189.2,115432.39,116791.81,normal,,,ok,coinmetrics,
2025-08-11,913.3022,891.3747,118742.04,115978.38,116725.51,normal,,,ok,coinmetrics,
2025-08-12,914.0204,890.8115,120154.32,116739.25,116800.7,normal,,,ok,coinmetrics,
2025-08-13,917.1398,891.7227,123442.68,117657.15,117053.98,normal,,,ok,coinmetrics,
2025-08-14,917.5707,894.8516,118510.27,117988.18,117103.48,normal,,,ok,coinmetrics,
2025-08-15,918.9009,893.9305,117311.21,118308.17,117069.88,normal,,,ok,coinmetrics,
2025-08-16,923.0455,897.8722,117462.43,118550.94,116971.09,normal,,,ok,coinmetrics,
2025-08-17,925.5163,899.5098,117601.95,118566.64,116950.06,normal,,,ok,coinmetrics,
2025-08-18,928.8345,902.7233,116312.91,118523.87,116872.14,normal,,,ok,coinmetrics,
2025-08-19,926.3985,901.2786,112886.1,118161.31,116629.81,normal,,,ok,coinmetrics,
2025-08-20,925.2546,901.6318,114277.32,117670.12,116551.26,normal,,,ok,coinmetrics,
2025-08-21,925.8266,906.4039,112347.1,117030.63,116504.51,normal,,,ok,coinmetrics,
2025-08-22,927.8557,910.8584,116800.98,116695.3,116717.27,normal,,,ok,coinmetrics,
2025-08-23,929.7653,914.938,115280.44,115879.07,116768.11,normal,,,ok,coinmetrics,
2025-08-24,931.5337,917.5841,113516.12,115379.66,116683.92,normal,,,ok,coinmetrics,
2025-08-25,929.4908,916.2925,110089.53,114657.49,116482.83,normal,,,ok,coinmetrics,
2025-08-26,932.7566,920.3667,111895.3,114100.78,116325.86,normal,,,ok,coinmetrics,
2025-08-27,934.3307,921.2989,111252.31,113465.81,116016.23,normal,,,ok,coinmetrics,
2025-08-28,944.8175,921.836,112481.15,113082.64,115803.25,normal,,,ok,coinmetrics,
2025-08-29,951.307,925.5157,108473.33,112641.36,115401.34,normal,,,ok,coinmetrics,
2025-08-30,952.6972,929.5091,108746.15,112088.24,114879.18,normal,,,ok,coinmetrics,
2025-08-31,949.134,928.8675,108316.45,111685.18,114357.9,normal,,,ok,coinmetrics,
2025-09-01,953.0722,931.536,108992.32,110904.31,113799.8,normal,,,ok,coinmetrics,
2025-09-02,955.3255,933.6442,111140.95,110490.36,113184.72,normal,,,ok,coinmetrics,
2025-09-03,948.6075,933.1523,111780.74,110316.82,112848.24,normal,,,ok,coinmetrics,
2025-09-04,949.5128,932.6921,110900.63,110397.93,112527.71,normal,,,ok,coinmetrics,
2025-09-05,951.0337,934.0462,110711.23,110279.53,112190.15,normal,,,ok,coinmetrics,
2025-09-06,948.5461,936.0657,110243.65,110178.66,111822.24,normal,,,ok,coinmetrics,
2025-09-07,954.2295,937.5313,111307.78,110061.32,111571.98,normal,,,ok,coinmetrics,
2025-09-08,965.4174,938.9948,112112.31,110425.22,111533.29,normal,,,ok,coinmetrics,
2025-09-09,974.1083,943.2822,111486.4,110699.25,111393.74,normal,,,ok,coinmetrics,
2025-09-10,980.9017,947.1019,113930.75,111260.68,111472.93,normal,,,ok,coinmetrics,
2025-09-11,985.3315,949.6759,115445.81,111906.03,111405.17,normal,,,ok,coinmetrics,
2025-09-12,978.9236,948.0317,116149.17,112406.85,111448.6,normal,,,ok,coinmetrics,
2025-09-13,975.9627,946.7667,115965.63,112825.34,111571.08,normal,,,ok,coinmetrics,
2025-09-14,981.7122,950.3066,115395.93,113274.87,111836.4,normal,,,ok,coinmetrics,
2025-09-15,985.8553,954.4504,115420.93,113745.84,112012.68,normal,,,ok,coinmetrics,
2025-09-16,989.3221,957.4192,116798.87,114401.36,112290.01,normal,,,ok,coinmetrics,
2025-09-17,985.1466,956.9905,116575.78,114928.16,112494.74,normal,,,ok,coinmetrics,
2025-09-18,992.7124,959.5555,117014.43,115418.37,112921.8,normal,,,ok,coinmetrics,
2025-09-19,1002.0964,963.6755,115612.37,115830.97,113265.11,normal,,,ok,coinmetrics,
2025-09-20,1006.2266,966.0266,115753.17,116013.21,113636.94,normal,,,ok,coinmetrics,
2025-09-21,1013.1147,970.4852,115320.86,116000.71,113953.37,normal,,,ok,coinmetrics,
2025-09-22,1015.8274,972.7963,112727.71,115658.57,114032.71,normal,,,ok,coinmetrics,
2025-09-23,1014.546,973.0398,112052.39,115267.24,114046.29,normal,,,ok,coinmetrics,
2025-09-24,1020.3303,974.9106,113324.62,115060.11,114167.49,normal,,,ok,coinmetrics,
2025-09-25,1021.3501,977.0534,109166.35,114434.65,114090.25,normal,,,ok,coinmetrics,
2025-09-26,1020.2471,977.2889,109669.1,113721.68,114061.52,normal,,,ok,coinmetrics,
2025-09-27,1022.6348,983.7261,109644.73,113028.57,113978.37,normal,,,ok,coinmetrics,
2025-09-28,1026.0916,988.6993,112170.01,112544.13,113981.25,normal,,,ok,coinmetrics,
2025-09-29,1025.1562,988.9267,114341.14,112417.01,114123.99,normal,,,ok,coinmetrics,
2025-09-30,1034.7616,991.9478,113971.74,112238.87,114126.04,normal,,,ok,coinmetrics,
2025-10-01,1036.128,994.6001,118393.27,112546.11,114273.41,normal,,,ok,coinmetrics,
2025-10-02,1035.0894,995.2074,120558.59,113329.2,114493.88,normal,,,ok,coinmetrics,
2025-10-03,1035.1396,991.8735,122348.13,114358.77,114813.01,normal,,,ok,coinmetrics,
2025-10-04,1038.5441,994.0284,122379.74,115264.28,115162.2,normal,,,ok,coinmetrics,
2025-10-05,1043.8132,997.4235,123523.77,116700.02,115567.34,normal,,,ok,coinmetrics,
2025-10-06,1042.9974,995.7718,124824.45,118215.56,115968.62,normal,,,ok,coinmetrics,
2025-10-07,1042.7749,998.5022,121587.7,119409.85,116219.21,normal,,,ok,coinmetrics,
2025-10-08,1043.6993,1004.5583,123390.35,120531.89,116538.01,normal,,,ok,coinmetrics,
2025-10-09,1036.0473,1005.0778,121603.33,121258.11,116837.56,normal,,,ok,coinmetrics,
2025-10-10,1030.7184,1005.8101,113754.85,121236.42,116737.64,normal,,,ok,coinmetrics,
2025-10-11,1033.6471,1009.4893,110940.11,120491.1,116518.61,normal,,,ok,coinmetrics,
2025-10-12,1042.8384,1010.881,115152.92,119950.54,116639.87,normal,,,ok,coinmetrics,
2025-10-13,1049.0455,1012.5041,115332.25,119248.95,116803.86,normal,,,ok,coinmetrics,
2025-10-14,1056.7966,1019.2544,113327.08,118343.68,116803.98,normal,,,ok,coinmetrics,
2025-10-15,1056.045,1020.9501,110862.87,117077.59,116888.81,normal,,,ok,coinmetrics,
2025-10-16,1057.4197,1023.3709,108135.05,115408.65,116812.11,normal,,,ok,coinmetrics,
2025-10-17,1067.2205,1026.1835,106625.67,113912.45,116661.15,normal,,,ok,coinmetrics,
2025-10-18,1071.0281,1031.8702,107143.91,112287.81,116409.85,normal,,,ok,coinmetrics,
2025-10-19,1065.1954,1033.6459,108706.66,110998.14,116128.12,normal,,,ok,coinmetrics,
2025-10-20,1065.3317,1035.7791,110640.25,110686.68,115961.55,normal,,,ok,coinmetrics,
2025-10-21,1063.5884,1038.3515,108700.38,110462.7,115476.9,normal,,,ok,coinmetrics,
2025-10-22,1065.4047,1040.6161,107667.63,109714.18,114832.36,normal,,,ok,coinmetrics,
2025-10-23,1065.962,1040.254,110060.94,109187.04,114218,normal,,,ok,coinmetrics,
2025-10-24,1073.3917,1046.861,111024.94,108956.83,113650.26,normal,,,ok,coinmetrics,
2025-10-25,1079.0326,1050.1913,111614.54,109032,113054.8,normal,,,ok,coinmetrics,
2025-10-26,1083.6358,1051.9415,114557.1,109674.2,112541.43,normal,,,ok,coinmetrics,
2025-10-27,1082.8142,1052.7245,114087.77,110420.41,112166.43,normal,,,ok,coinmetrics,
2025-10-28,1083.2806,1054.6861,112980.69,111004.09,111645.95,normal,,,ok,coinmetrics,
2025-10-29,1081.328,1053.2421,110206.35,111154.06,111076.1,normal,,,ok,coinmetrics,
2025-10-30,1084.7059,1059.7338,108019.72,110892.01,110789.34,normal,,,ok,coinmetrics,
2025-10-31,1084.9214,1060.5247,109554.24,110977.39,110720.05,normal,,,ok,coinmetrics,
2025-11-01,1086.5952,1060.8423,110005.3,111211.16,110462.67,normal,,,ok,coinmetrics,
2025-11-02,1097.1615,1066.1505,110389.17,111243.98,110215.51,normal,,,ok,coinmetrics,
2025-11-03,1100.3689,1069.4565,106495.8,110791.07,109873.95,normal,,,ok,coinmetrics,
2025-11-04,1096.9843,1070.3988,101349.74,109764.59,109398.29,normal,,,ok,coinmetrics,
2025-11-05,1101.9073,1072.4524,103915.88,108700.47,109187.33,normal,,,ok,coinmetrics,
2025-11-06,1103.5981,1073.1865,101241.57,107415.85,108918.13,normal,,,ok,coinmetrics,
2025-11-07,1103.3063,1073.5028,103428.47,106460.62,108732.36,normal,,,ok,coinmetrics,
2025-11-08,1104.3271,1070.1872,102335.02,105673.49,108413.78,normal,,,ok,coinmetrics,
2025-11-09,1107.776,1069.2472,104685.55,105340.07,108116.04,normal,,,ok,coinmetrics,
2025-11-10,1107.2173,1070.4322,106082.48,104992.9,107985.14,normal,,,ok,coinmetrics,
2025-11-11,1110.5183,1076.6783,102974.41,104289.81,107750.48,normal,,,ok,coinmetrics,
2025-11-12,1108.7168,1078.8812,101682.13,103419.1,107331.54,normal,,,ok,coinmetrics,
2025-11-13,1104.3238,1080.5602,100035.31,102773.06,106782.06,normal,,,ok,coinmetrics,
2025-11-14,1104.6655,1080.3552,94503.26,102088.41,105926.5,normal,,,ok,coinmetrics,
2025-11-15,1103.3048,1080.3622,95541.32,101250.95,104975.71,normal,,,ok,coinmetrics,
2025-11-16,1104.7684,1085.9944,94182.31,100545.02,103980.44,normal,,,ok,coinmetrics,
2025-11-17,1095.9424,1083.4852,91911.47,99393.32,102926.97,normal,,,ok,coinmetrics,
2025-11-18,1095.708,1080.4517,92836.44,98443.47,102058.48,normal,,,ok,coinmetrics,
2025-11-19,1094.0518,1079.6917,91320.48,97106.96,101223.52,normal,,,ok,coinmetrics,
2025-11-20,1090.6386,1077.1135,86911.3,95189.84,100091.37,normal,,,ok,coinmetrics,
2025-11-21,1091.5424,1078.4736,84948.05,93387.21,98838.51,normal,,,ok,coinmetrics,
2025-11-22,1093.1018,1079.5319,84775,91696.49,97557.8,normal,,,ok,coinmetrics,
2025-11-23,1085.4139,1079.4028,86872.45,90380.21,96576.63,normal,,,ok,coinmetrics,
2025-11-24,1082.5974,1080.815,88377.6,89767.64,95928.03,normal,,,ok,coinmetrics,
2025-11-25,1075.8765,1079.7561,87434.55,88956.97,95103.96,capitulation,gray,capitulation,ok,coinmetrics,
2025-11-26,1081.4994,1082.1568,90449.28,88583.66,94564.34,capitulation,green,,ok,coinmetrics,
2025-11-27,1077.4928,1080.3867,91336.2,88526.14,93959.73,capitulation,gray,,ok,coinmetrics,
2025-11-28,1083.5336,1082.4308,90990.13,88341.5,93392.49,recovered,green,recovery,ok,coinmetrics,
2025-11-29,1076.0747,1080.3903,90842.07,88293.66,92700.31,capitulation,gray,capitulation,ok,coinmetrics,
2025-11-30,1081.2066,1083.064,90607.7,88663.3,91926.57,capitulation,green,,ok,coinmetrics,
2025-12-01,1078.444,1082.5196,86504.64,88818.96,91103.08,capitulation,gray,,ok,coinmetrics,
2025-12-02,1069.8034,1083.4824,91528.02,89494.26,90595.38,capitulation,gray,,ok,coinmetrics,
2025-12-03,1065.7596,1083.0643,93609.09,90167.93,90274.07,capitulation,gray,,ok,coinmetrics,
2025-12-04,1064.5588,1080.7715,92205.59,90550.73,90159.19,capitulation,gray,,ok,coinmetrics,
2025-12-05,1058.3327,1080.12,89279.83,90735.26,89846.11,capitulation,gray,,ok,coinmetrics,
2025-12-06,1062.475,1083.0365,89169.56,90607.28,89595.47,capitulation,green,,ok,coinmetrics,
2025-12-07,1065.3582,1084.3323,90067.85,90480.45,89503.29,capitulation,green,,ok,coinmetrics,
2025-12-08,1070.9586,1087.6428,90673.14,90448.75,89395.13,capitulation,green,,ok,coinmetrics,
2025-12-09,1066.4311,1087.1035,92808.85,90645.43,89469.55,capitulation,gray,,ok,coinmetrics,
2025-12-10,1068.5942,1087.9057,92102.93,90794.95,89729.13,capitulation,green,,ok,coinmetrics,
2025-12-11,1068.3725,1089.4454,92623.72,91406.86,90112.91,capitulation,gray,,ok,coinmetrics,
2025-12-12,1067.789,1088.2529,90331.61,91287.22,90390.74,capitulation,gray,,ok,coinmetrics,
2025-12-13,1065.057,1084.6904,90245.27,90950.84,90559.38,capitulation,gray,,ok,coinmetrics,
2025-12-14,1060.1554,1082.4104,88096.38,90539.91,90545.32,capitulation,gray,,ok,coinmetrics,
2025-12-15,1056.9795,1080.1421,86352.58,90247.19,90491.22,capitulation,gray,,ok,coinmetrics,
2025-12-16,1052.9589,1078.8636,87752.43,90105.48,90356.38,capitulation,gray,,ok,coinmetrics,
2025-12-17,1055.5592,1075.7508,86059.55,89704.65,90092.55,capitulation,green,,ok,coinmetrics,
2025-12-18,1057.3621,1076.535,85434.19,89180.75,89814.75,capitulation,green,,ok,coinmetrics,
2025-12-19,1058.4013,1076.2265,88168.07,88716.67,89681.05,capitulation,green,,ok,coinmetrics,
2025-12-20,1061.4455,1076.042,88292.45,88335.63,89565.29,capitulation,green,,ok,coinmetrics,
2025-12-21,1057.2333,1074.3878,88533.43,87926.6,89666.73,capitulation,gray,,ok,coinmetrics,
2025-12-22,1055.2852,1074.1935,88474.46,87740.88,89514.05,capitulation,gray,,ok,coinmetrics,
2025-12-23,1055.0628,1070.2384,87365.99,87452.96,89201.9,capitulation,gray,,ok,coinmetrics,
2025-12-24,1058.0259,1070.3117,87625.67,87405.88,88972.9,capitulation,green,,ok,coinmetrics,
2025-12-25,1062.9093,1069.3929,87231.3,87493.76,88870.47,capitulation,green,,ok,coinmetrics,
2025-12-26,1059.8732,1070.6863,87334.81,87451.99,88778.74,capitulation,gray,,ok,coinmetrics,
2025-12-27,1057.9064,1067.6996,87695.42,87615.58,88660.11,capitulation,gray,,ok,coinmetrics,
2025-12-28,1058.8756,1071.2046,87747.65,87846.93,88513.84,capitulation,green,,ok,coinmetrics,
2025-12-29,1062.8152,1069.4449,87133.51,87743.47,88230.07,capitulation,green,,ok,coinmetrics,
2025-12-30,1050.7347,1065.9706,88428.49,87757.07,88046.35,capitulation,gray,,ok,coinmetrics,
2025-12-31,1050.5049,1064.4744,87516.98,87655.43,87791.01,capitulation,gray,,ok,coinmetrics,
2026-01-01,1056.1814,1062.9924,88684.22,87676.4,87708.64,capitulation,green,,ok,coinmetrics,
2026-01-02,1058.9013,1062.3305,89940.18,87933.82,87693.39,capitulation,green,,ok,coinmetrics,
2026-01-03,1064.3235,1064.4411,90598.13,88231.07,87818.48,capitulation,green,,ok,coinmetrics,
2026-01-04,1070.5052,1064.4189,91359.76,88643.91,88068.84,normal,blue,buy,ok,coinmetrics,
2026-01-05,1062.6079,1062.5415,93948.58,89305.29,88378.64,normal,,,ok,coinmetrics,
2026-01-06,1054.9615,1060.1599,93574.29,89893.18,88754.38,capitulation,gray,capitulation,ok,coinmetrics,
2026-01-07,1054.4601,1062.7094,91208.96,90239.31,89043.12,capitulation,gray,,ok,coinmetrics,
2026-01-08,1054.7079,1060.5695,91096.92,90635.65,89189.56,capitulation,green,,ok,coinmetrics,
2026-01-09,1050.8262,1059.7102,90539.6,90846.76,89301.92,capitulation,gray,,ok,coinmetrics,
2026-01-10,1050.8237,1059.5981,90406.14,91135.68,89395.55,capitulation,gray,,ok,coinmetrics,
2026-01-11,1044.8276,1056.3083,90717.21,91338.98,89507.69,capitulation,gray,,ok,coinmetrics,
2026-01-12,1044.1767,1054.6168,91141.15,91459.07,89696.45,capitulation,gray,,ok,coinmetrics,
2026-01-13,1045.5102,1052.8328,95304.5,91929.71,90080.39,capitulation,green,,ok,coinmetrics,
2026-01-14,1042.7006,1049.8401,97043.99,92498.13,90571.02,capitulation,gray,,ok,coinmetrics,
2026-01-15,1040.3394,1046.6491,95546.14,92657.89,90981.59,capitulation,gray,,ok,coinmetrics,
2026-01-16,1038.0038,1046.7815,95489.13,92849.37,91371.28,capitulation,gray,,ok,coinmetrics,
2026-01-17,1038.8063,1048.0842,95106.98,93239.18,91739.24,capitulation,green,,ok,coinmetrics,
2026-01-18,1037.1788,1047.79,94261.33,93555.62,92095.63,capitulation,gray,,ok,coinmetrics,
2026-01-19,1037.4873,1049.4664,92526.24,93754.28,92300.52,capitulation,green,,ok,coinmetrics,
2026-01-20,1035.8798,1046.5566,88236.56,93537.32,92336.5,capitulation,gray,,ok,coinmetrics,
2026-01-21,1034.9976,1045.1414,89599.36,93425.54,92382.26,capitulation,gray,,ok,coinmetrics,
2026-01-22,1038.1486,1046.6057,89395.7,93250.99,92355.03,capitulation,green,,ok,coinmetrics,
2026-01-23,1031.9687,1044.9973,89439.77,92664.52,92297.12,capitulation,gray,,ok,coinmetrics,
2026-01-24,1021.0741,1041.9917,89185.04,91878.63,92188.38,capitulation,gray,,ok,coinmetrics,
2026-01-25,1008.1028,1033.988,86445.67,90968.58,91813.23,capitulation,gray,,ok,coinmetrics,
2026-01-26,1003.8007,1030.8536,88337.45,90253.41,91551.39,capitulation,gray,,ok,coinmetrics,
2026-01-27,994.3615,1026.6185,89260.38,89668.75,91453.96,capitulation,gray,,ok,coinmetrics,
2026-01-28,982.351,1022.5831,89177.79,89160.4,91358.01,capitulation,gray,,ok,coinmetrics,
2026-01-29,983.1642,1016.9494,84520.4,88359.81,91057.05,capitulation,green,,ok,coinmetrics,
2026-01-30,981.2423,1015.8736,84017.03,87937.86,90737.59,capitulation,gray,,ok,coinmetrics,
2026-01-31,976.5416,1016.3615,78702.39,86848.16,90136.85,capitulation,gray,,ok,coinmetrics,
2026-02-01,969.1005,1014.0009,76911.05,85599.7,89425.35,capitulation,gray,,ok,coinmetrics,
2026-02-02,958.7223,1011.5229,78716.6,84527.38,88595.95,capitulation,gray,,ok,coinmetrics,
2026-02-03,954.0872,1012.2962,75684.77,83177.35,87527.99,capitulation,gray,,ok,coinmetrics,
2026-02-04,954.9931,1008.8005,73095.19,81842.31,86405.44,capitulation,green,,ok,coinmetrics,
2026-02-05,952.8693,1003.9154,63494.69,79358.03,84805.72,capitulation,gray,,ok,coinmetrics,
2026-02-06,950.7945,1002.6273,70647.7,77496.76,83582.76,capitulation,gray,,ok,coinmetrics,
2026-02-07,955.7153,1005.2116,69166.26,75495.61,82328,capitulation,green,,ok,coinmetrics,
2026-02-08,956.706,1003.7661,70522.59,74095.83,81227.82,capitulation,green,,ok,coinmetrics,
2026-02-09,951.3826,1001.1032,70244.1,72718.53,80328.2,capitulation,gray,,ok,coinmetrics,
2026-02-10,951.8049,998.3162,68688.79,71717.17,79282.67,capitulation,green,,ok,coinmetrics,
2026-02-11,950.0843,997.1305,66989.72,70725.04,78162.37,capitulation,gray,,ok,coinmetrics,
2026-02-12,954.2338,999.872,66221.54,69475.53,77001.46,capitulation,green,,ok,coinmetrics,
2026-02-13,955.6306,999.1656,68860.84,68793.14,75985.25,capitulation,green,,ok,coinmetrics,
2026-02-14,956.5152,998.4273,69798.08,68463.43,75152.87,capitulation,green,,ok,coinmetrics,
2026-02-15,966.0494,1002.0266,68629.96,68976.96,74167.49,capitulation,green,,ok,coinmetrics,
2026-02-16,966.384,1002.5951,68747.44,68786.93,73141.85,capitulation,green,,ok,coinmetrics,
2026-02-17,966.8173,1001.998,67471.05,68617.41,72056.51,capitulation,green,,ok,coinmetrics,
2026-02-18,962.3208,999.9041,66380.71,68203.22,71149.52,capitulation,gray,,ok,coinmetrics,
2026-02-19,964.2152,1000.0475,66932.35,67872.05,70295.29,capitulation,green,,ok,coinmetrics,
2026-02-20,963.7443,999.371,67977.31,67800.9,69759.04,capitulation,gray,,ok,coinmetrics,
2026-02-21,953.4601,995.8043,68020.67,67903.99,69314.52,capitulation,gray,,ok,coinmetrics,
2026-02-22,959.8359,995.9023,67550.02,68036.84,68756.19,capitulation,green,,ok,coinmetrics,
2026-02-23,972.2428,996.6585,64689.91,67619.75,68206.45,capitulation,green,,ok,coinmetrics,
2026-02-24,986.3697,997.2363,64123.75,67052.32,67757.87,capitulation,green,,ok,coinmetrics,
2026-02-25,994.5873,999.194,68038.52,66993.17,67985.07,capitulation,green,,ok,coinmetrics,
2026-02-26,999.4461,996.9038,67519.26,66870.36,67828.64,recovered,green,recovery,ok,coinmetrics,
2026-02-27,1007.3611,994.8561,65864.14,66709.66,67663.54,recovered,,,ok,coinmetrics,
2026-02-28,1011.5293,997.3467,66965.64,66768.16,67485.69,recovered,,,ok,coinmetrics,
2026-03-01,1016.4288,998.8355,65733.52,66648.27,67260.16,recovered,,,ok,coinmetrics,
2026-03-02,1016.5746,996.5581,68922.62,66742.81,67271.85,recovered,,,ok,coinmetrics,
2026-03-03,1020.702,994.9012,68431.17,66783.86,67343.93,recovered,,,ok,coinmetrics,
2026-03-04,1024.1071,991.4147,72667.46,67295.6,67666.22,recovered,,,ok,coinmetrics,
2026-03-05,1032.8874,993.4873,70987.43,67925.35,67772.55,normal,blue,buy,ok,coinmetrics,
2026-03-06,1034.6427,994.8179,68226.71,68335.65,67693.98,normal,,,ok,coinmetrics,
2026-03-07,1036.5544,994.7118,67315.55,68263.35,67628.26,normal,,,ok,coinmetrics,
2026-03-08,1034.7214,992.7579,66202.7,68131.69,67501.02,normal,,,ok,coinmetrics,
2026-03-09,1030.8055,993.2604,68528.54,68398.13,67553.9,normal,,,ok,coinmetrics,
2026-03-10,1028.5169,992.6114,69891.82,68690.75,67729.46,normal,,,ok,coinmetrics,
2026-03-11,1027.9285,989.6556,70298.58,69147.26,67897.77,normal,,,ok,coinmetrics,
2026-03-12,1028.8994,990.3522,70538.11,69308.81,68025.81,normal,,,ok,coinmetrics,
2026-03-13,1025.2364,987.6603,70930.01,69558.69,68171.27,normal,,,ok,coinmetrics,
2026-03-14,1019.0845,986.6592,71136.22,69405.57,68350.58,normal,,,ok,coinmetrics,
2026-03-15,1017.6341,986.6324,72712.15,69578.04,68751.69,normal,,,ok,coinmetrics,
2026-03-16,1013.0554,984.7853,74723.96,70227.76,69281.71,normal,,,ok,coinmetrics,
2026-03-17,1002.492,984.2707,74086.01,70904.81,69584.08,normal,,,ok,coinmetrics,
2026-03-18,999.401,982.8925,71253.96,71409.94,69770.81,normal,,,ok,coinmetrics,
2026-03-19,997.1938,982.0056,69948.9,71551.97,69975.05,normal,,,ok,coinmetrics,
2026-03-20,997.1539,979.7373,70510.42,71613.83,70152.29,normal,,,ok,coinmetrics,
2026-03-21,993.5737,978.8944,69707.29,71554.7,70350.98,normal,,,ok,coinmetrics,
2026-03-22,996.7086,980.2265,68018.15,71302.71,70305.76,normal,,,ok,coinmetrics,
2026-03-23,1003.707,978.5835,70726.21,71282.33,70420.51,normal,,,ok,coinmetrics,
2026-03-24,992.1788,976.0074,70610.02,71229.71,70317.64,normal,,,ok,coinmetrics,
2026-03-25,990.6865,981.4646,71281.3,71086.62,70332.33,normal,,,ok,coinmetrics,
2026-03-26,987.787,987.0783,68722.97,70486.52,70357.14,normal,,,ok,coinmetrics,
2026-03-27,984.1588,989.3731,66214.17,69699.34,70302.07,capitulation,gray,capitulation,ok,coinmetrics,
2026-03-28,989.2362,994.3412,66351.07,69209.05,70309.49,capitulation,green,,ok,coinmetrics,
2026-03-29,987.4235,997.3923,65966.75,68810.84,70181.4,capitulation,gray,,ok,coinmetrics,
2026-03-30,983.3587,997.444,66651.23,68424.92,70019.37,capitulation,gray,,ok,coinmetrics,
2026-03-31,977.8583,997.1435,68214.87,68275.67,69915.19,capitulation,gray,,ok,coinmetrics,
2026-04-01,981.2325,998.9035,68116.82,68285.54,69794.12,capitulation,green,,ok,coinmetrics,
2026-04-02,981.3164,1001.0092,66908.32,67903.75,69593.04,capitulation,green,,ok,coinmetrics,
2026-04-03,980.2125,1002.1598,66891.74,67531.92,69380.82,capitulation,gray,,ok,coinmetrics,
2026-04-04,968.0781,1000.4828,67295.13,67133.31,69109.96,capitulation,gray,,ok,coinmetrics,
2026-04-05,969.6019,1002.1223,68921.81,67153.19,68819.86,capitulation,green,,ok,coinmetrics,
2026-04-06,967.352,1001.9532,68742.91,67406.07,68552.7,capitulation,gray,,ok,coinmetrics,
2026-04-07,966.9241,1000.8227,72057.12,67976.67,68592.86,capitulation,gray,,ok,coinmetrics,
2026-04-08,967.8376,999.3215,71085.06,68488.5,68649.67,capitulation,green,,ok,coinmetrics,
2026-04-09,967.83,998.1734,71788.68,69002.25,68713.58,capitulation,gray,,ok,coinmetrics,
2026-04-10,963.2069,995.5677,72945.07,69475.27,68875.47,capitulation,gray,,ok,coinmetrics,
2026-04-11,960.5267,994.713,73119.11,69975.5,69130.52,capitulation,gray,,ok,coinmetrics,
2026-04-12,967.1377,996.1871,70685.37,70353.2,69128.48,capitulation,green,,ok,coinmetrics,
2026-04-13,970.4546,994.7695,74632.75,71127.3,69329.61,capitulation,green,,ok,coinmetrics,
2026-04-14,978.1767,997.9054,74173.51,71815.14,69474.22,capitulation,green,,ok,coinmetrics,
2026-04-15,976.9184,994.9869,74761.96,72399.15,69776.17,capitulation,gray,,ok,coinmetrics,
2026-04-16,981.3966,991.9443,75095.74,73034.44,70220.25,capitulation,green,,ok,coinmetrics,
2026-04-17,980.2344,989.8177,77114.48,73540.17,70758.42,capitulation,gray,,ok,coinmetrics,
2026-04-18,982.4057,989.7997,75792.06,74010.87,71249.69,capitulation,green,,ok,coinmetrics,
2026-04-19,986.0359,991.5949,73905.2,74222.53,71612.39,capitulation,green,,ok,coinmetrics,
2026-04-20,984.6504,989.1121,75814.15,74509.43,71992.35,capitulation,gray,,ok,coinmetrics,
2026-04-21,979.0677,987.8881,76107.44,74808.27,72391.88,capitulation,gray,,ok,coinmetrics,
2026-04-22,973.0296,988.3683,78317.74,75571.5,72962.35,capitulation,gray,,ok,coinmetrics,
2026-04-23,972.504,982.3414,78233.68,75931.6,73529.45,capitulation,gray,,ok,coinmetrics,
2026-04-24,972.0621,981.3743,77444.27,76258.67,74036.91,capitulation,gray,,ok,coinmetrics,
2026-04-25,966.9376,977.3623,77624.71,76544.95,74472.05,capitulation,gray,,ok,coinmetrics,
2026-04-26,966.7174,975.4381,78538.77,76889.25,74961.84,capitulation,gray,,ok,coinmetrics,
2026-04-27,959.1483,974.1923,77256.3,76903.43,75221.8,capitulation,gray,,ok,coinmetrics,
2026-04-28,958.4548,972.9392,76295.53,76953.78,75482.33,capitulation,gray,,ok,coinmetrics,
2026-04-29,956.8387,970.0987,75795.01,77142.76,75682.64,capitulation,gray,,ok,coinmetrics,
2026-04-30,958.1434,968.0009,76299.62,77191.31,75850.37,capitulation,green,,ok,coinmetrics,
2026-05-01,957.7284,969.4804,78132.64,77393.83,76101.05,capitulation,gray,,ok,coinmetrics,
2026-05-02,955.4768,968.3966,78712.54,77433.31,76502.41,capitulation,gray,,ok,coinmetrics,
2026-05-03,958.8407,969.5266,78649.17,77474.86,76703.23,capitulation,green,,ok,coinmetrics,
2026-05-04,963.9149,965.9965,79826.11,77713.04,76985.86,capitulation,green,,ok,coinmetrics,
2026-05-05,960.2282,964.915,80936.75,78044.24,77294.6,capitulation,gray,,ok,coinmetrics,
2026-05-06,961.7043,964.5281,81364.62,78326.83,77608.04,capitulation,green,,ok,coinmetrics,
2026-05-07,961.0971,964.0106,79989,78600.1,77751.77,capitulation,gray,,ok,coinmetrics,
2026-05-08,959.2848,963.5612,80179.69,78988.52,77971.15,capitulation,gray,,ok,coinmetrics,
2026-05-09,963.6618,965.7459,80663.63,79475.38,78309.07,capitulation,green,,ok,coinmetrics,
2026-05-10,967.8042,965.5056,82256.78,80071.09,78631.2,normal,blue,buy,ok,coinmetrics,
2026-05-11,975.6998,968.1132,81714.74,80429.3,78911.57,normal,,,ok,coinmetrics,
2026-05-12,969.422,968.2799,80525.56,80610.61,79021.96,normal,,,ok,coinmetrics,
2026-05-13,965.8537,968.1541,79291.91,80674.88,79074.87,capitulation,gray,capitulation,ok,coinmetrics,
2026-05-14,961.2351,969.7059,81175.83,80809.85,79261.45,capitulation,gray,,ok,coinmetrics,
2026-05-15,964.6089,970.7636,79063.41,80622.52,79333.38,capitulation,green,,ok,coinmetrics,
2026-05-16,963.7882,972.5924,78164.5,80302.51,79314.67,capitulation,gray,,ok,coinmetrics,
2026-05-17,963.234,971.7342,77497.7,80053.38,79326.74,capitulation,gray,,ok,coinmetrics,
2026-05-18,960.5479,971.4768,76975.91,79733,79360.76,capitulation,gray,,ok,coinmetrics,
2026-05-19,957.1912,971.6135,76807.46,79347.38,79411.38,capitulation,gray,,ok,coinmetrics,
2026-05-20,962.3891,973.5198,77408.17,78862.52,79466.81,capitulation,green,,ok,coinmetrics,
2026-05-21,960.8047,969.9362,77595.39,78450.58,79439.94,capitulation,gray,,ok,coinmetrics,
2026-05-22,966.6834,969.8565,75567.54,77954.78,79282.69,capitulation,green,,ok,coinmetrics,
2026-05-23,976.6198,974.5619,76619.87,77687.58,79181.23,recovered,green,recovery,ok,coinmetrics,
2026-05-24,972.7952,972.4286,76950.99,77265.09,79037.47,recovered,,,ok,coinmetrics,
2026-05-25,978.689,972.8133,77244.57,77083.21,78852.86,recovered,,,ok,coinmetrics,
2026-05-26,976.6753,971.6963,75816.04,76848.36,78575.43,recovered,,,ok,coinmetrics,
2026-05-27,977.3595,968.2539,74268.78,76525.47,78289.42,recovered,,,ok,coinmetrics,
2026-05-28,982.7989,970.6268,73500.53,76177.93,77955.47,recovered,,,ok,coinmetrics,
2026-05-29,986.2697,971.5542,73322.9,75829.48,77588.43,recovered,,,ok,coinmetrics,
2026-05-30,987.5098,972.8266,73731.48,75461.81,77162.16,recovered,,,ok,coinmetrics,
2026-05-31,985.1661,971.4472,73599.56,75062.23,76756.4,recovered,,,ok,coinmetrics,
2026-06-01,986.3555,970.9161,71328.73,74638.34,76296.56,recovered,,,ok,coinmetrics,
2026-06-02,978.3179,968.5793,66540.69,73630.43,75659,recovered,,,ok,coinmetrics,
2026-06-03,970.4783,967.1966,64232.58,72358.59,74811.84,recovered,,,ok,coinmetrics,
2026-06-04,970.2478,965.238,63639.25,70998.05,74040.63,recovered,,,ok,coinmetrics,
2026-06-05,970.381,966.0427,60907.61,69507.21,73177.79,recovered,,,ok,coinmetrics,
2026-06-06,967.3015,964.1993,60771.61,68157.49,72341.48,recovered,,,ok,coinmetrics,
2026-06-07,961.9732,960.629,63158.25,67123.27,71650.6,recovered,,,ok,coinmetrics,
2026-06-08,953.6793,958.6705,63109.62,66101.94,70965.71,capitulation,gray,capitulation,ok,coinmetrics,
2026-06-09,949.3042,958.5542,61640.46,64892.84,70177.32,capitulation,gray,,ok,coinmetrics,
2026-06-10,942.097,958.8984,61435.08,63676.39,69369.31,capitulation,gray,,ok,coinmetrics,
2026-06-11,943.7668,956.5944,63475.32,62891.05,68764.7,capitulation,green,,ok,coinmetrics,
2026-06-12,947.1021,956.4779,63475.64,62584.54,68107.48,capitulation,green,,ok,coinmetrics,
2026-06-13,942.4378,951.8365,64423.54,62603.64,67481.11,capitulation,gray,,ok,coinmetrics,
2026-06-14,940.5046,952.5567,65615.33,62801.25,66899.65,capitulation,gray,,ok,coinmetrics,
2026-06-15,937.3766,950.5824,66222.59,63332.74,66419.98,capitulation,gray,,ok,coinmetrics,
2026-06-16,939.2227,951.2283,65638.14,63819.4,65988.45,capitulation,green,,ok,coinmetrics,
2026-06-17,934.8584,947.7032,64400.73,63943.64,65533.46,capitulation,gray,,ok,coinmetrics,
2026-06-18,936.8728,947.032,62835.22,63916.2,65009.07,capitulation,green,,ok,coinmetrics,
2026-06-19,933.7255,948.0573,63307.28,64082.89,64487.86,capitulation,gray,,ok,coinmetrics,
2026-06-20,937.0652,948.9349,64220.54,64361.43,64018.91,capitulation,green,,ok,coinmetrics,
2026-06-21,929.4932,948.0883,63365.44,64350.44,63620.75,capitulation,gray,,ok,coinmetrics,
2026-06-22,924.6646,950.6422,63923.57,64395.24,63489.89,capitulation,gray,,ok,coinmetrics,
2026-06-23,930.8251,951.8102,62593.35,64212.22,63407.93,capitulation,green,,ok,coinmetrics,
2026-06-24,925.5632,952.1261,60908.19,63741.5,63271.37,capitulation,gray,,ok,coinmetrics,
2026-06-25,929.2918,952.9835,59863.42,63105.59,63219.17,capitulation,green,,ok,coinmetrics,
2026-06-26,929.6888,953.5241,59961.51,62537.92,63178.66,capitulation,green,,ok,coinmetrics,
2026-06-27,930.1517,956.4753,59955.57,62093.41,63018.53,capitulation,green,,ok,coinmetrics,
2026-06-28,926.7615,956.5156,59516.67,61761.55,62838.88,capitulation,gray,,ok,coinmetrics,
2026-06-29,921.7939,954.6518,60175.46,61448.37,62765.63,capitulation,gray,,ok,coinmetrics,
2026-06-30,921.6895,953.4278,58525.08,60878.83,62620.13,capitulation,gray,,ok,coinmetrics,
2026-07-01,922.3265,954.341,60065.6,60548.84,62449.64,capitulation,green,,ok,coinmetrics,
2026-07-02,926.0579,952.1879,61438.19,60300.3,62347.77,capitulation,green,,ok,coinmetrics,
2026-07-03,934.6862,952.5823,62564.61,60297.43,62254.82,capitulation,green,,ok,coinmetrics,
2026-07-04,936.1515,953.1996,63090.41,60515.65,62128.58,capitulation,green,,ok,coinmetrics,
2026-07-05,933.4611,951.9211,63619.88,60891.3,61998.44,capitulation,gray,,ok,coinmetrics,
2026-07-06,931.1021,949.2018,64063.06,61301.45,61919.69,capitulation,gray,,ok,coinmetrics,
2026-07-07,935.2181,948.5957,63458.12,61651.71,61872.56,capitulation,green,,ok,coinmetrics,
2026-07-08,935.4789,944.5791,62214.04,61921.45,61841.5,capitulation,green,,ok,coinmetrics,
2026-07-09,934.6558,941.98,63189.39,62222.84,61835.6,capitulation,gray,,ok,coinmetrics,
2026-07-10,934.4813,938.2892,64118.62,62782.19,61830.51,capitulation,gray,,ok,coinmetrics,
2026-07-11,933.8314,938.7991,63892.71,63164.9,61856.87,capitulation,gray,,ok,coinmetrics,
2026-07-12,930.3286,938.7154,63752.27,63396.31,61848.31,capitulation,gray,,ok,coinmetrics,
2026-07-13,932.8235,937.6307,62126.53,63352.5,61824.97,capitulation,green,,ok,coinmetrics,
2026-07-14,935.0507,937.7776,64934.44,63536.91,62026.28,capitulation,green,,ok,coinmetrics,
2026-07-15,933.4996,935.4381,64765.06,63651.42,62271.36,capitulation,gray,,ok,coinmetrics,
2026-07-16,925.4606,932.3417,63780.14,63623.13,62462.29,capitulation,gray,,ok,coinmetrics,
2026-07-17,924.8964,929.8774,63915.92,63668.91,62660.31,capitulation,gray,,ok,coinmetrics,
2026-07-18,925.719,931.2959,64777.66,63925.27,62923.36,capitulation,green,,ok,coinmetrics,
2026-07-19,929.2289,931.4772,64653.05,64071.64,63147.24,capitulation,green,,ok,coinmetrics,
2026-07-20,927.9071,932.4862,65181.92,64177.97,63480.08,capitulation,gray,,ok,coinmetrics,
2026-07-21,929.2469,929.37,66403.1,64429.01,63796.96,capitulation,green,,ok,coinmetrics,
2026-07-22,921.1857,922.9251,65983.19,64652.1,64024.21,capitulation,gray,,ok,coinmetrics,
2026-07-23,913.1875,922.0063,65094.41,64948.89,64150.7,capitulation,gray,,ok,coinmetrics,
2026-07-24,913.5515,919.5573,64100.11,64865.46,64201.18,capitulation,green,,ok,coinmetrics,
2026-07-25,907.4278,918.3598,64331.33,64822.08,64236.75,capitulation,gray,,ok,coinmetrics,
2026-07-26,905.8788,917.7838,65328.79,64976.95,64300.04,capitulation,gray,,ok,coinmetrics,
2026-07-27,897.6107,913.8812,63718.24,64957.18,64313.05,capitulation,gray,,ok,coinmetrics,
2026-07-28,895.5597,911.1606,63728.45,64852.26,64388.77,capitulation,gray,,ok,coinmetrics,
2026-07-29,897.7426,909.7682,63904.64,64777.42,64424.53,capitulation,green,,ok,coinmetrics,
2026-07-30,896.6934,909.1915,64827.57,64741.98,64459.98,capitulation,gray,,ok,coinmetrics,
2026-07-31,897.8118,910.0692,62875.18,64389.19,64409.1,capitulation,green,,ok,coinmetrics,
2026-08-01,903.0563,914.5571,62751.88,64066.06,64359.08,capitulation,green,,ok,coinmetrics,
2026-08-02,899.6809,917.1836,63445.68,63901.19,64425.04,capitulation,gray,,ok,coinmetrics,
2026-08-03,896.8951,916.5233,63460.05,63837.18,64351.32,capitulation,gray,,ok,coinmetrics,
2026-08-04,897.9942,915.7277,64161.47,63820.2,64321.14,capitulation,green,,ok,coinmetrics,
2026-08-05,901.9643,916.5332,64610.31,63748.35,64362.65,capitulation,green,,ok,coinmetrics,
2026-08-06,897.6824,916.4503,64212.27,63797.75,64377.47,capitulation,gray,,ok,coinmetrics,
2026-08-07,901.2282,918.3535,64869.17,63911.82,64382.04,capitulation,green,,ok,coinmetrics,
2026-08-08,903.4628,919.0593,64906.96,64012.05,64394.74,capitulation,green,,ok,coinmetrics,
2026-08-09,904.8324,919.6569,64864.93,64015.79,64378.89,capitulation,green,,ok,coinmetrics,
2026-08-10,903.7602,918.7958,63907.75,64119.05,64254.12,capitulation,gray,,ok,coinmetrics,
2026-08-11,900.6655,915.4971,63547.44,64198.6,64132.33,capitulation,gray,,ok,coinmetrics,
2026-08-12,899.4735,916.1485,63359.4,64189.97,64045.58,capitulation,gray,,ok,coinmetrics,
2026-08-13,897.8625,916.4566,63395.01,64183.47,64010.33,capitulation,gray,,ok,coinmetrics,
2026-08-14,899.8354,916.6675,62924.7,64059.79,63939.99,capitulation,green,,ok,coinmetrics,
2026-08-15,904.9671,915.2139,63034.43,63902.2,63825.28,capitulation,green,,ok,coinmetrics,
2026-08-16,912.2142,918.5553,62818.41,63762.82,63780.28,capitulation,green,,ok,coinmetrics,
2026-08-17,910.6094,918.1642,64434.14,63719.32,63815.57,capitulation,gray,,ok,coinmetrics,
2026-08-18,907.3142,918.2716,64696.18,63698.24,63855.15,capitulation,gray,,ok,coinmetrics,
2026-08-19,902.5306,915.2189,69267.83,64138.53,64077.16,capitulation,gray,,ok,coinmetrics,
2026-08-20,900.2778,914.7623,73070.93,65054.85,64586.95,capitulation,gray,,ok,coinmetrics,
2026-08-21,904.9839,913.0848,78359.17,66536.02,65367.31,capitulation,green,,ok,coinmetrics,
2026-08-22,908.4203,910.8039,77020.13,67902.09,66046.03,capitulation,green,,ok,coinmetrics,
2026-08-23,904.32,908.9357,77593.03,69321.9,66752.68,capitulation,gray,,ok,coinmetrics,
2026-08-24,904.853,906.1404,78894.5,70918.88,67489.33,capitulation,green,,ok,coinmetrics,
2026-08-25,903.9164,904.8976,78601.4,72475.57,68188.89,capitulation,gray,,ok,coinmetrics,
2026-08-26,906.7379,902.1743,78955.04,74089.24,68926.03,normal,blue,buy,ok,coinmetrics,
2026-08-27,910.6094,903.0845,80297.4,75675.56,69697.44,normal,,,ok,coinmetrics,
2026-08-28,908.2157,902.9791,77716.59,76977.6,70337.92,normal,,,ok,coinmetrics,
2026-08-29,906.6489,901.6711,78243.93,77875.21,71006.87,normal,,,ok,coinmetrics,
2026-08-30,907.7892,902.8005,77689.19,78337.04,71695.94,normal,,,ok,coinmetrics,
2026-08-31,905.1723,904.1143,78533.89,78354.51,72445.27,normal,,,ok,coinmetrics,
